team_number,season,event_key,match_number,elo_before,elo_after,elo_change
1949,1819,1819-TX-E01,1,1500.0,1484.0,-16.0
8171,1819,1819-TX-E01,1,1500.0,1484.0,-16.0
16062,1819,1819-TX-E01,1,1500.0,1516.0,16.0
21517,1819,1819-TX-E01,1,1500.0,1516.0,16.0
2113,1819,1819-TX-E01,1,1500.0,1515.6,15.63
16062,1819,1819-TX-E01,1,1516.0,1531.6,15.63
5626,1819,1819-TX-E01,1,1500.0,1484.4,-15.63
5682,1819,1819-TX-E01,1,1500.0,1484.4,-15.63
21517,1819,1819-TX-E01,1,1516.0,1531.3,15.26
5289,1819,1819-TX-E01,1,1500.0,1515.3,15.26
18170,1819,1819-TX-E01,1,1500.0,1484.7,-15.26
1949,1819,1819-TX-E01,1,1484.0,1468.7,-15.26
2113,1819,1819-TX-E01,1,1515.6,1531.6,15.98
16062,1819,1819-TX-E01,1,1531.6,1547.6,15.98
21517,1819,1819-TX-E01,1,1531.3,1515.3,-15.98
5289,1819,1819-TX-E01,1,1515.3,1499.3,-15.98
22746,1819,1819-TX-E01,2,1500.0,1515.3,15.26
21517,1819,1819-TX-E01,2,1515.3,1530.5,15.26
5289,1819,1819-TX-E01,2,1499.3,1484.0,-15.26
8171,1819,1819-TX-E01,2,1484.0,1468.7,-15.26
2113,1819,1819-TX-E01,2,1531.6,1545.1,13.48
16062,1819,1819-TX-E01,2,1547.6,1561.1,13.48
5626,1819,1819-TX-E01,2,1484.4,1470.9,-13.48
5682,1819,1819-TX-E01,2,1484.4,1470.9,-13.48
21517,1819,1819-TX-E01,2,1530.5,1545.1,14.6
5289,1819,1819-TX-E01,2,1484.0,1498.6,14.6
18170,1819,1819-TX-E01,2,1484.7,1470.1,-14.6
1949,1819,1819-TX-E01,2,1468.7,1454.1,-14.6
2113,1819,1819-TX-E01,2,1545.1,1559.7,14.57
16062,1819,1819-TX-E01,2,1561.1,1575.7,14.57
21517,1819,1819-TX-E01,2,1545.1,1530.6,-14.57
5289,1819,1819-TX-E01,2,1498.6,1484.0,-14.57
1949,1819,1819-TX-E01,3,1454.1,1469.8,15.67
16062,1819,1819-TX-E01,3,1575.7,1591.3,15.67
22746,1819,1819-TX-E01,3,1515.3,1499.6,-15.67
21729,1819,1819-TX-E01,3,1500.0,1484.3,-15.67
21517,1819,1819-TX-E01,3,1530.6,1544.9,14.29
5289,1819,1819-TX-E01,3,1484.0,1498.3,14.29
18170,1819,1819-TX-E01,3,1470.1,1455.9,-14.29
1949,1819,1819-TX-E01,3,1469.8,1455.5,-14.29
8171,1819,1819-TX-E01,4,1468.7,1485.4,16.71
18170,1819,1819-TX-E01,4,1455.9,1472.6,16.71
22030,1819,1819-TX-E01,4,1500.0,1483.3,-16.71
1949,1819,1819-TX-E01,4,1455.5,1438.8,-16.71
8171,1819,1819-TX-E01,5,1485.4,1471.8,-13.68
18170,1819,1819-TX-E01,5,1472.6,1458.9,-13.68
19905,1819,1819-TX-E01,5,1500.0,1513.7,13.68
2113,1819,1819-TX-E01,5,1559.7,1573.3,13.68
5289,1819,1819-TX-E01,6,1498.3,1480.6,-17.78
16062,1819,1819-TX-E01,6,1591.3,1573.5,-17.78
2113,1819,1819-TX-E01,6,1573.3,1591.1,17.78
1949,1819,1819-TX-E01,6,1438.8,1456.6,17.78
5626,1819,1819-TX-E01,7,1470.9,1454.8,-16.13
8171,1819,1819-TX-E01,7,1471.8,1455.6,-16.13
1949,1819,1819-TX-E01,7,1456.6,1472.7,16.13
5289,1819,1819-TX-E01,7,1480.6,1496.7,16.13
19905,1819,1819-TX-E01,8,1513.7,1529.4,15.71
5626,1819,1819-TX-E01,8,1454.8,1470.5,15.71
22030,1819,1819-TX-E01,8,1483.3,1467.6,-15.71
1949,1819,1819-TX-E01,8,1472.7,1457.0,-15.71
8171,1819,1819-TX-E01,9,1455.6,1439.0,-16.65
19905,1819,1819-TX-E01,9,1529.4,1512.7,-16.65
22746,1819,1819-TX-E01,9,1499.6,1516.3,16.65
1949,1819,1819-TX-E01,9,1457.0,1473.7,16.65
18170,1819,1819-TX-E01,10,1458.9,1475.0,16.14
1949,1819,1819-TX-E01,10,1473.7,1489.8,16.14
5682,1819,1819-TX-E01,10,1470.9,1454.8,-16.14
22030,1819,1819-TX-E01,10,1467.6,1451.4,-16.14
22030,1819,1819-TX-E01,11,1451.4,1438.0,-13.46
19905,1819,1819-TX-E01,11,1512.7,1499.3,-13.46
2113,1819,1819-TX-E01,11,1591.1,1604.6,13.46
21729,1819,1819-TX-E01,11,1484.3,1497.8,13.46
19905,1819,1819-TX-E01,12,1499.3,1483.6,-15.64
21729,1819,1819-TX-E01,12,1497.8,1482.2,-15.64
8171,1819,1819-TX-E01,12,1439.0,1454.6,15.64
16062,1819,1819-TX-E01,12,1573.5,1589.2,15.64
5626,1819,1819-TX-E01,13,1470.5,1485.3,14.79
18170,1819,1819-TX-E01,13,1475.0,1489.8,14.79
22030,1819,1819-TX-E01,13,1438.0,1423.2,-14.79
5682,1819,1819-TX-E01,13,1454.8,1440.0,-14.79
5289,1819,1819-TX-E01,14,1496.7,1479.2,-17.53
2113,1819,1819-TX-E01,14,1604.6,1587.0,-17.53
18170,1819,1819-TX-E01,14,1489.8,1507.3,17.53
21517,1819,1819-TX-E01,14,1544.9,1562.4,17.53
21517,1819,1819-TX-E01,15,1562.4,1573.6,11.19
22746,1819,1819-TX-E01,15,1516.3,1527.4,11.19
22030,1819,1819-TX-E01,15,1423.2,1412.0,-11.19
5682,1819,1819-TX-E01,15,1440.0,1428.8,-11.19
22030,1819,1819-TX-E01,16,1412.0,1400.9,-11.12
19905,1819,1819-TX-E01,16,1483.6,1472.5,-11.12
22746,1819,1819-TX-E01,16,1527.4,1538.6,11.12
2113,1819,1819-TX-E01,16,1587.0,1598.2,11.12
23420,1819,1819-TX-E02,1,1500.0,1516.0,16.0
9894,1819,1819-TX-E02,1,1500.0,1516.0,16.0
15039,1819,1819-TX-E02,1,1500.0,1484.0,-16.0
2797,1819,1819-TX-E02,1,1500.0,1484.0,-16.0
3632,1819,1819-TX-E02,1,1500.0,1516.0,16.0
18702,1819,1819-TX-E02,1,1500.0,1516.0,16.0
22602,1819,1819-TX-E02,1,1500.0,1484.0,-16.0
12598,1819,1819-TX-E02,1,1500.0,1484.0,-16.0
23420,1819,1819-TX-E02,1,1516.0,1499.6,-16.37
18050,1819,1819-TX-E02,1,1500.0,1483.6,-16.37
1392,1819,1819-TX-E02,1,1500.0,1516.4,16.37
13871,1819,1819-TX-E02,1,1500.0,1516.4,16.37
3632,1819,1819-TX-E02,1,1516.0,1530.9,14.88
18702,1819,1819-TX-E02,1,1516.0,1530.9,14.88
23420,1819,1819-TX-E02,1,1499.6,1484.8,-14.88
18050,1819,1819-TX-E02,1,1483.6,1468.8,-14.88
8583,1819,1819-TX-E02,2,1500.0,1484.0,-16.0
18702,1819,1819-TX-E02,2,1530.9,1514.9,-16.0
17229,1819,1819-TX-E02,2,1500.0,1516.0,16.0
3632,1819,1819-TX-E02,2,1530.9,1546.9,16.0
3632,1819,1819-TX-E02,2,1546.9,1528.7,-18.15
18702,1819,1819-TX-E02,2,1514.9,1496.7,-18.15
22602,1819,1819-TX-E02,2,1484.0,1502.1,18.15
12598,1819,1819-TX-E02,2,1484.0,1502.1,18.15
23420,1819,1819-TX-E02,2,1484.8,1470.6,-14.18
18050,1819,1819-TX-E02,2,1468.8,1454.6,-14.18
1392,1819,1819-TX-E02,2,1516.4,1530.6,14.18
13871,1819,1819-TX-E02,2,1516.4,1530.6,14.18
3632,1819,1819-TX-E02,2,1528.7,1542.4,13.71
18702,1819,1819-TX-E02,2,1496.7,1510.4,13.71
23420,1819,1819-TX-E02,2,1470.6,1456.9,-13.71
18050,1819,1819-TX-E02,2,1454.6,1440.9,-13.71
21411,1819,1819-TX-E02,3,1500.0,1482.9,-17.12
1894,1819,1819-TX-E02,3,1500.0,1482.9,-17.12
18702,1819,1819-TX-E02,3,1510.4,1527.6,17.12
18050,1819,1819-TX-E02,3,1440.9,1458.0,17.12
3632,1819,1819-TX-E02,3,1542.4,1524.9,-17.51
18702,1819,1819-TX-E02,3,1527.6,1510.1,-17.51
22602,1819,1819-TX-E02,3,1502.1,1519.7,17.51
12598,1819,1819-TX-E02,3,1502.1,1519.7,17.51
23420,1819,1819-TX-E02,3,1456.9,1476.2,19.32
18050,1819,1819-TX-E02,3,1458.0,1477.3,19.32
1392,1819,1819-TX-E02,3,1530.6,1511.2,-19.32
13871,1819,1819-TX-E02,3,1530.6,1511.2,-19.32
3632,1819,1819-TX-E02,3,1524.9,1507.1,-17.87
18702,1819,1819-TX-E02,3,1510.1,1492.2,-17.87
23420,1819,1819-TX-E02,3,1476.2,1494.0,17.87
18050,1819,1819-TX-E02,3,1477.3,1495.2,17.87
22602,1819,1819-TX-E02,4,1519.7,1534.8,15.15
13871,1819,1819-TX-E02,4,1511.2,1526.4,15.15
21605,1819,1819-TX-E02,4,1500.0,1484.8,-15.15
23420,1819,1819-TX-E02,4,1494.0,1478.9,-15.15
12598,1819,1819-TX-E02,5,1519.7,1535.4,15.75
3632,1819,1819-TX-E02,5,1507.1,1522.8,15.75
17229,1819,1819-TX-E02,5,1516.0,1500.2,-15.75
3272,1819,1819-TX-E02,5,1500.0,1484.2,-15.75
19001,1819,1819-TX-E02,6,1500.0,1484.7,-15.3
2797,1819,1819-TX-E02,6,1484.0,1468.7,-15.3
12598,1819,1819-TX-E02,6,1535.4,1550.7,15.3
23420,1819,1819-TX-E02,6,1478.9,1494.2,15.3
6995,1819,1819-TX-E02,7,1500.0,1483.5,-16.5
7890,1819,1819-TX-E02,7,1500.0,1483.5,-16.5
15039,1819,1819-TX-E02,7,1484.0,1500.5,16.5
23420,1819,1819-TX-E02,7,1494.2,1510.7,16.5
8583,1819,1819-TX-E02,8,1484.0,1467.2,-16.82
12598,1819,1819-TX-E02,8,1550.7,1533.9,-16.82
1894,1819,1819-TX-E02,8,1482.9,1499.7,16.82
9894,1819,1819-TX-E02,8,1516.0,1532.8,16.82
3272,1819,1819-TX-E02,9,1484.2,1469.3,-14.99
18050,1819,1819-TX-E02,9,1495.2,1480.2,-14.99
15039,1819,1819-TX-E02,9,1500.5,1515.5,14.99
3632,1819,1819-TX-E02,9,1522.8,1537.8,14.99
7317,1819,1819-TX-E02,10,1500.0,1516.2,16.19
18702,1819,1819-TX-E02,10,1492.2,1508.4,16.19
15039,1819,1819-TX-E02,10,1515.5,1499.3,-16.19
21605,1819,1819-TX-E02,10,1484.8,1468.7,-16.19
8583,1819,1819-TX-E02,11,1467.2,1483.6,16.41
1392,1819,1819-TX-E02,11,1511.2,1527.6,16.41
7317,1819,1819-TX-E02,11,1516.2,1499.8,-16.41
18050,1819,1819-TX-E02,11,1480.2,1463.8,-16.41
22602,1819,1819-TX-E02,12,1534.8,1549.4,14.56
1392,1819,1819-TX-E02,12,1527.6,1542.2,14.56
1894,1819,1819-TX-E02,12,1499.7,1485.1,-14.56
17229,1819,1819-TX-E02,12,1500.2,1485.7,-14.56
18702,1819,1819-TX-E02,13,1508.4,1495.0,-13.4
3272,1819,1819-TX-E02,13,1469.3,1455.9,-13.4
1392,1819,1819-TX-E02,13,1542.2,1555.6,13.4
22602,1819,1819-TX-E02,13,1549.4,1562.8,13.4
19001,1819,1819-TX-E02,14,1484.7,1501.2,16.47
12598,1819,1819-TX-E02,14,1533.9,1550.4,16.47
1392,1819,1819-TX-E02,14,1555.6,1539.1,-16.47
7890,1819,1819-TX-E02,14,1483.5,1467.0,-16.47
18050,1819,1819-TX-E02,15,1463.8,1480.4,16.66
13871,1819,1819-TX-E02,15,1526.4,1543.0,16.66
3272,1819,1819-TX-E02,15,1455.9,1439.2,-16.66
22602,1819,1819-TX-E02,15,1562.8,1546.1,-16.66
3632,1819,1819-TX-E02,16,1537.8,1554.0,16.2
15039,1819,1819-TX-E02,16,1499.3,1515.5,16.2
22602,1819,1819-TX-E02,16,1546.1,1529.9,-16.2
7317,1819,1819-TX-E02,16,1499.8,1483.6,-16.2
21605,1819,1819-TX-E02,17,1468.7,1453.7,-15.0
7317,1819,1819-TX-E02,17,1483.6,1468.6,-15.0
23420,1819,1819-TX-E02,17,1510.7,1525.7,15.0
1894,1819,1819-TX-E02,17,1485.1,1500.1,15.0
21411,1819,1819-TX-E02,18,1482.9,1498.5,15.67
9894,1819,1819-TX-E02,18,1532.8,1548.5,15.67
15039,1819,1819-TX-E02,18,1515.5,1499.8,-15.67
17229,1819,1819-TX-E02,18,1485.7,1470.0,-15.67
3632,1819,1819-TX-E02,19,1554.0,1540.0,-14.04
21605,1819,1819-TX-E02,19,1453.7,1439.6,-14.04
13871,1819,1819-TX-E02,19,1543.0,1557.1,14.04
12598,1819,1819-TX-E02,19,1550.4,1564.4,14.04
17229,1819,1819-TX-E02,20,1470.0,1485.3,15.29
3632,1819,1819-TX-E02,20,1540.0,1555.3,15.29
18050,1819,1819-TX-E02,20,1480.4,1465.1,-15.29
21411,1819,1819-TX-E02,20,1498.5,1483.3,-15.29
1894,1819,1819-TX-E02,21,1500.1,1484.8,-15.37
7317,1819,1819-TX-E02,21,1468.6,1453.2,-15.37
3272,1819,1819-TX-E02,21,1439.2,1454.6,15.37
13871,1819,1819-TX-E02,21,1557.1,1572.4,15.37
9894,1819,1819-TX-E02,22,1548.5,1533.5,-15.04
21411,1819,1819-TX-E02,22,1483.3,1468.2,-15.04
19001,1819,1819-TX-E02,22,1501.2,1516.2,15.04
13871,1819,1819-TX-E02,22,1572.4,1587.5,15.04
19001,1819,1819-TX-E02,23,1516.2,1498.7,-17.51
17229,1819,1819-TX-E02,23,1485.3,1467.8,-17.51
2797,1819,1819-TX-E02,23,1468.7,1486.2,17.51
7890,1819,1819-TX-E02,23,1467.0,1484.5,17.51
8583,1819,1819-TX-E02,24,1483.6,1468.6,-15.0
3632,1819,1819-TX-E02,24,1555.3,1540.3,-15.0
18702,1819,1819-TX-E02,24,1495.0,1510.0,15.0
13871,1819,1819-TX-E02,24,1587.5,1602.5,15.0
21605,1819,1819-TX-E02,25,1439.6,1453.6,13.94
13871,1819,1819-TX-E02,25,1602.5,1616.4,13.94
17229,1819,1819-TX-E02,25,1467.8,1453.8,-13.94
7890,1819,1819-TX-E02,25,1484.5,1470.6,-13.94
1894,1819,1819-TX-E02,26,1484.8,1470.6,-14.16
15039,1819,1819-TX-E02,26,1499.8,1485.7,-14.16
23420,1819,1819-TX-E02,26,1525.7,1539.9,14.16
1392,1819,1819-TX-E02,26,1539.1,1553.3,14.16
16524,1819,1819-TX-E03,1,1500.0,1516.0,16.0
17285,1819,1819-TX-E03,1,1500.0,1516.0,16.0
3008,1819,1819-TX-E03,1,1500.0,1484.0,-16.0
17276,1819,1819-TX-E03,1,1500.0,1484.0,-16.0
15476,1819,1819-TX-E03,1,1500.0,1516.0,16.0
19016,1819,1819-TX-E03,1,1500.0,1516.0,16.0
6011,1819,1819-TX-E03,1,1500.0,1484.0,-16.0
11030,1819,1819-TX-E03,1,1500.0,1484.0,-16.0
24086,1819,1819-TX-E03,1,1500.0,1483.6,-16.37
9524,1819,1819-TX-E03,1,1500.0,1483.6,-16.37
3008,1819,1819-TX-E03,1,1484.0,1500.4,16.37
15210,1819,1819-TX-E03,1,1500.0,1516.4,16.37
15476,1819,1819-TX-E03,1,1516.0,1498.5,-17.49
19016,1819,1819-TX-E03,1,1516.0,1498.5,-17.49
24086,1819,1819-TX-E03,1,1483.6,1501.1,17.49
9524,1819,1819-TX-E03,1,1483.6,1501.1,17.49
1485,1819,1819-TX-E03,2,1500.0,1484.0,-16.0
9005,1819,1819-TX-E03,2,1500.0,1484.0,-16.0
10315,1819,1819-TX-E03,2,1500.0,1516.0,16.0
20065,1819,1819-TX-E03,2,1500.0,1516.0,16.0
15476,1819,1819-TX-E03,2,1498.5,1481.8,-16.67
19016,1819,1819-TX-E03,2,1498.5,1481.8,-16.67
6011,1819,1819-TX-E03,2,1484.0,1500.7,16.67
11030,1819,1819-TX-E03,2,1484.0,1500.7,16.67
24086,1819,1819-TX-E03,2,1501.1,1517.5,16.33
9524,1819,1819-TX-E03,2,1501.1,1517.5,16.33
3008,1819,1819-TX-E03,2,1500.4,1484.0,-16.33
15210,1819,1819-TX-E03,2,1516.4,1500.0,-16.33
15476,1819,1819-TX-E03,2,1481.8,1499.5,17.63
19016,1819,1819-TX-E03,2,1481.8,1499.5,17.63
24086,1819,1819-TX-E03,2,1517.5,1499.8,-17.63
9524,1819,1819-TX-E03,2,1517.5,1499.8,-17.63
15210,1819,1819-TX-E03,3,1500.0,1516.4,16.37
16524,1819,1819-TX-E03,3,1516.0,1532.4,16.37
10315,1819,1819-TX-E03,3,1516.0,1499.6,-16.37
20065,1819,1819-TX-E03,3,1516.0,1499.6,-16.37
15476,1819,1819-TX-E03,3,1499.5,1483.5,-15.98
19016,1819,1819-TX-E03,3,1499.5,1483.5,-15.98
24086,1819,1819-TX-E03,3,1499.8,1515.8,15.98
9524,1819,1819-TX-E03,3,1499.8,1515.8,15.98
20065,1819,1819-TX-E03,4,1499.6,1515.6,16.01
15476,1819,1819-TX-E03,4,1483.5,1499.5,16.01
3985,1819,1819-TX-E03,4,1500.0,1484.0,-16.01
19016,1819,1819-TX-E03,4,1483.5,1467.5,-16.01
10810,1819,1819-TX-E03,5,1500.0,1484.7,-15.25
1485,1819,1819-TX-E03,5,1484.0,1468.7,-15.25
11030,1819,1819-TX-E03,5,1500.7,1515.9,15.25
9524,1819,1819-TX-E03,5,1515.8,1531.1,15.25
11030,1819,1819-TX-E03,6,1515.9,1531.6,15.63
19170,1819,1819-TX-E03,6,1500.0,1515.6,15.63
21765,1819,1819-TX-E03,6,1500.0,1484.4,-15.63
11463,1819,1819-TX-E03,6,1500.0,1484.4,-15.63
12024,1819,1819-TX-E03,7,1500.0,1516.0,16.03
10315,1819,1819-TX-E03,7,1499.6,1515.7,16.03
1485,1819,1819-TX-E03,7,1468.7,1452.7,-16.03
16524,1819,1819-TX-E03,7,1532.4,1516.3,-16.03
15210,1819,1819-TX-E03,8,1516.4,1500.4,-16.02
17276,1819,1819-TX-E03,8,1484.0,1468.0,-16.02
19170,1819,1819-TX-E03,8,1515.6,1531.7,16.02
9005,1819,1819-TX-E03,8,1484.0,1500.0,16.02
17276,1819,1819-TX-E03,9,1468.0,1452.7,-15.26
3985,1819,1819-TX-E03,9,1484.0,1468.7,-15.26
5722,1819,1819-TX-E03,9,1500.0,1515.3,15.26
3008,1819,1819-TX-E03,9,1484.0,1499.3,15.26
15210,1819,1819-TX-E03,10,1500.4,1484.7,-15.66
12931,1819,1819-TX-E03,10,1500.0,1484.3,-15.66
24086,1819,1819-TX-E03,10,1515.8,1531.5,15.66
15476,1819,1819-TX-E03,10,1499.5,1515.2,15.66
19016,1819,1819-TX-E03,11,1467.5,1483.5,16.05
15476,1819,1819-TX-E03,11,1515.2,1531.2,16.05
6011,1819,1819-TX-E03,11,1500.7,1484.6,-16.05
21765,1819,1819-TX-E03,11,1484.4,1468.3,-16.05
18740,1819,1819-TX-E03,12,1500.0,1515.6,15.62
11030,1819,1819-TX-E03,12,1531.6,1547.2,15.62
19170,1819,1819-TX-E03,12,1531.7,1516.0,-15.62
19016,1819,1819-TX-E03,12,1483.5,1467.9,-15.62
18740,1819,1819-TX-E03,13,1515.6,1498.5,-17.08
9005,1819,1819-TX-E03,13,1500.0,1482.9,-17.08
17285,1819,1819-TX-E03,13,1516.0,1533.1,17.08
1485,1819,1819-TX-E03,13,1452.7,1469.8,17.08
16524,1819,1819-TX-E03,14,1516.3,1499.2,-17.13
14974,1819,1819-TX-E03,14,1500.0,1482.9,-17.13
3008,1819,1819-TX-E03,14,1499.3,1516.4,17.13
19016,1819,1819-TX-E03,14,1467.9,1485.0,17.13
21765,1819,1819-TX-E03,15,1468.3,1483.6,15.27
9524,1819,1819-TX-E03,15,1531.1,1546.3,15.27
15210,1819,1819-TX-E03,15,1484.7,1469.5,-15.27
14974,1819,1819-TX-E03,15,1482.9,1467.6,-15.27
9524,1819,1819-TX-E03,16,1546.3,1529.3,-17.06
3985,1819,1819-TX-E03,16,1468.7,1451.7,-17.06
10810,1819,1819-TX-E03,16,1484.7,1501.8,17.06
11463,1819,1819-TX-E03,16,1484.4,1501.4,17.06
12931,1819,1819-TX-E03,17,1484.3,1501.1,16.75
12024,1819,1819-TX-E03,17,1516.0,1532.8,16.75
19735,1819,1819-TX-E03,17,1500.0,1483.2,-16.75
17285,1819,1819-TX-E03,17,1533.1,1516.3,-16.75
5722,1819,1819-TX-E03,18,1515.3,1498.2,-17.04
12931,1819,1819-TX-E03,18,1501.1,1484.1,-17.04
15210,1819,1819-TX-E03,18,1469.5,1486.5,17.04
10810,1819,1819-TX-E03,18,1501.8,1518.8,17.04
24086,1819,1819-TX-E03,19,1531.5,1547.5,16.01
10147,1819,1819-TX-E03,19,1500.0,1516.0,16.01
3008,1819,1819-TX-E03,19,1516.4,1500.4,-16.01
10315,1819,1819-TX-E03,19,1515.7,1499.7,-16.01
9524,1819,1819-TX-E03,20,1529.3,1511.9,-17.4
16524,1819,1819-TX-E03,20,1499.2,1481.8,-17.4
19170,1819,1819-TX-E03,20,1516.0,1533.4,17.4
3985,1819,1819-TX-E03,20,1451.7,1469.1,17.4
15210,1819,1819-TX-E03,21,1486.5,1500.6,14.11
11030,1819,1819-TX-E03,21,1547.2,1561.3,14.11
18740,1819,1819-TX-E03,21,1498.5,1484.4,-14.11
17276,1819,1819-TX-E03,21,1452.7,1438.6,-14.11
6011,1819,1819-TX-E03,22,1484.6,1500.3,15.67
19735,1819,1819-TX-E03,22,1483.2,1498.9,15.67
18740,1819,1819-TX-E03,22,1484.4,1468.8,-15.67
3985,1819,1819-TX-E03,22,1469.1,1453.4,-15.67
3008,1819,1819-TX-E03,23,1500.4,1516.0,15.61
3985,1819,1819-TX-E03,23,1453.4,1469.0,15.61
5722,1819,1819-TX-E03,23,1498.2,1482.6,-15.61
17276,1819,1819-TX-E03,23,1438.6,1423.0,-15.61
6011,1819,1819-TX-E03,24,1500.3,1514.5,14.24
20065,1819,1819-TX-E03,24,1515.6,1529.9,14.24
10147,1819,1819-TX-E03,24,1516.0,1501.8,-14.24
17276,1819,1819-TX-E03,24,1423.0,1408.8,-14.24
10147,1819,1819-TX-E03,25,1501.8,1486.0,-15.77
3985,1819,1819-TX-E03,25,1469.0,1453.2,-15.77
18740,1819,1819-TX-E03,25,1468.8,1484.5,15.77
9524,1819,1819-TX-E03,25,1511.9,1527.6,15.77
3985,1819,1819-TX-E03,26,1453.2,1438.3,-14.94
1485,1819,1819-TX-E03,26,1469.8,1454.8,-14.94
9005,1819,1819-TX-E03,26,1482.9,1497.9,14.94
10147,1819,1819-TX-E03,26,1486.0,1500.9,14.94
11475,1819,1819-TX-E03,27,1500.0,1485.1,-14.94
16524,1819,1819-TX-E03,27,1481.8,1466.9,-14.94
9005,1819,1819-TX-E03,27,1497.9,1512.8,14.94
20065,1819,1819-TX-E03,27,1529.9,1544.8,14.94
16524,1819,1819-TX-E03,28,1466.9,1481.1,14.25
15476,1819,1819-TX-E03,28,1531.2,1545.5,14.25
3985,1819,1819-TX-E03,28,1438.3,1424.0,-14.25
21765,1819,1819-TX-E03,28,1483.6,1469.3,-14.25
6011,1819,1819-TX-E03,29,1514.5,1529.4,14.91
15476,1819,1819-TX-E03,29,1545.5,1560.4,14.91
9524,1819,1819-TX-E03,29,1527.6,1512.7,-14.91
19016,1819,1819-TX-E03,29,1485.0,1470.1,-14.91
17285,1819,1819-TX-E03,30,1516.3,1531.9,15.53
10147,1819,1819-TX-E03,30,1500.9,1516.5,15.53
14974,1819,1819-TX-E03,30,1467.6,1452.1,-15.53
6011,1819,1819-TX-E03,30,1529.4,1513.9,-15.53
17276,1819,1819-TX-E03,31,1408.8,1395.2,-13.59
10810,1819,1819-TX-E03,31,1518.8,1505.3,-13.59
17285,1819,1819-TX-E03,31,1531.9,1545.4,13.59
11463,1819,1819-TX-E03,31,1501.4,1515.0,13.59
15210,1819,1819-TX-E03,32,1500.6,1512.8,12.2
17285,1819,1819-TX-E03,32,1545.4,1557.6,12.2
17276,1819,1819-TX-E03,32,1395.2,1383.0,-12.2
5722,1819,1819-TX-E03,32,1482.6,1470.4,-12.2
18740,1819,1819-TX-E03,33,1484.5,1501.5,16.99
19016,1819,1819-TX-E03,33,1470.1,1487.1,16.99
9524,1819,1819-TX-E03,33,1512.7,1495.7,-16.99
11475,1819,1819-TX-E03,33,1485.1,1468.1,-16.99
12931,1819,1819-TX-E03,34,1484.1,1469.2,-14.9
9524,1819,1819-TX-E03,34,1495.7,1480.8,-14.9
9005,1819,1819-TX-E03,34,1512.8,1527.7,14.9
11463,1819,1819-TX-E03,34,1515.0,1529.9,14.9
17285,1819,1819-TX-E03,35,1557.6,1540.4,-17.3
11475,1819,1819-TX-E03,35,1468.1,1450.8,-17.3
19735,1819,1819-TX-E03,35,1498.9,1516.2,17.3
5722,1819,1819-TX-E03,35,1470.4,1487.7,17.3
8696,1819,1819-TX-E04,1,1500.0,1516.0,16.0
8028,1819,1819-TX-E04,1,1500.0,1516.0,16.0
21396,1819,1819-TX-E04,1,1500.0,1484.0,-16.0
5613,1819,1819-TX-E04,1,1500.0,1484.0,-16.0
10135,1819,1819-TX-E04,1,1500.0,1483.6,-16.37
8696,1819,1819-TX-E04,1,1516.0,1499.6,-16.37
2770,1819,1819-TX-E04,1,1500.0,1516.4,16.37
6066,1819,1819-TX-E04,1,1500.0,1516.4,16.37
5613,1819,1819-TX-E04,1,1484.0,1468.4,-15.63
15172,1819,1819-TX-E04,1,1500.0,1484.4,-15.63
8028,1819,1819-TX-E04,1,1516.0,1531.6,15.63
21396,1819,1819-TX-E04,1,1484.0,1499.6,15.63
10135,1819,1819-TX-E04,1,1483.6,1466.9,-16.7
8696,1819,1819-TX-E04,1,1499.6,1482.9,-16.7
5613,1819,1819-TX-E04,1,1468.4,1485.1,16.7
15172,1819,1819-TX-E04,1,1484.4,1501.1,16.7
6066,1819,1819-TX-E04,2,1516.4,1532.3,15.97
5613,1819,1819-TX-E04,2,1485.1,1501.0,15.97
16928,1819,1819-TX-E04,2,1500.0,1484.0,-15.97
2739,1819,1819-TX-E04,2,1500.0,1484.0,-15.97
10135,1819,1819-TX-E04,2,1466.9,1485.2,18.26
8696,1819,1819-TX-E04,2,1482.9,1501.2,18.26
2770,1819,1819-TX-E04,2,1516.4,1498.1,-18.26
6066,1819,1819-TX-E04,2,1532.3,1514.1,-18.26
5613,1819,1819-TX-E04,2,1501.0,1485.7,-15.33
15172,1819,1819-TX-E04,2,1501.1,1485.7,-15.33
8028,1819,1819-TX-E04,2,1531.6,1547.0,15.33
21396,1819,1819-TX-E04,2,1499.6,1515.0,15.33
10135,1819,1819-TX-E04,2,1485.2,1468.8,-16.34
8696,1819,1819-TX-E04,2,1501.2,1484.8,-16.34
5613,1819,1819-TX-E04,2,1485.7,1502.1,16.34
15172,1819,1819-TX-E04,2,1485.7,1502.1,16.34
8696,1819,1819-TX-E04,3,1484.8,1501.6,16.74
2770,1819,1819-TX-E04,3,1498.1,1514.8,16.74
21170,1819,1819-TX-E04,3,1500.0,1483.3,-16.74
21396,1819,1819-TX-E04,3,1515.0,1498.2,-16.74
10135,1819,1819-TX-E04,3,1468.8,1454.2,-14.66
8696,1819,1819-TX-E04,3,1501.6,1486.9,-14.66
2770,1819,1819-TX-E04,3,1514.8,1529.5,14.66
6066,1819,1819-TX-E04,3,1514.1,1528.7,14.66
5613,1819,1819-TX-E04,3,1502.1,1487.0,-15.06
15172,1819,1819-TX-E04,3,1502.1,1487.0,-15.06
8028,1819,1819-TX-E04,3,1547.0,1562.0,15.06
21396,1819,1819-TX-E04,3,1498.2,1513.3,15.06
10135,1819,1819-TX-E04,3,1454.2,1470.9,16.76
8696,1819,1819-TX-E04,3,1486.9,1503.7,16.76
5613,1819,1819-TX-E04,3,1487.0,1470.2,-16.76
15172,1819,1819-TX-E04,3,1487.0,1470.3,-16.76
24116,1819,1819-TX-E04,4,1500.0,1516.3,16.32
5613,1819,1819-TX-E04,4,1470.2,1486.6,16.32
16362,1819,1819-TX-E04,4,1500.0,1483.7,-16.32
2739,1819,1819-TX-E04,4,1484.0,1467.7,-16.32
16362,1819,1819-TX-E04,5,1483.7,1469.1,-14.56
21170,1819,1819-TX-E04,5,1483.3,1468.7,-14.56
24116,1819,1819-TX-E04,5,1516.3,1530.9,14.56
21396,1819,1819-TX-E04,5,1513.3,1527.8,14.56
21396,1819,1819-TX-E04,6,1527.8,1512.0,-15.88
9907,1819,1819-TX-E04,6,1500.0,1484.1,-15.88
8696,1819,1819-TX-E04,6,1503.7,1519.6,15.88
2770,1819,1819-TX-E04,6,1529.5,1545.4,15.88
2770,1819,1819-TX-E04,7,1545.4,1561.2,15.77
16928,1819,1819-TX-E04,7,1484.0,1499.8,15.77
21896,1819,1819-TX-E04,7,1500.0,1484.2,-15.77
8696,1819,1819-TX-E04,7,1519.6,1503.8,-15.77
21396,1819,1819-TX-E04,8,1512.0,1528.0,16.08
21170,1819,1819-TX-E04,8,1468.7,1484.8,16.08
16928,1819,1819-TX-E04,8,1499.8,1483.7,-16.08
21896,1819,1819-TX-E04,8,1484.2,1468.1,-16.08
14966,1819,1819-TX-E04,9,1500.0,1484.4,-15.58
6066,1819,1819-TX-E04,9,1528.7,1513.1,-15.58
21170,1819,1819-TX-E04,9,1484.8,1500.4,15.58
8028,1819,1819-TX-E04,9,1562.0,1577.6,15.58
16928,1819,1819-TX-E04,10,1483.7,1499.1,15.34
6066,1819,1819-TX-E04,10,1513.1,1528.5,15.34
21170,1819,1819-TX-E04,10,1500.4,1485.0,-15.34
2739,1819,1819-TX-E04,10,1467.7,1452.4,-15.34
8696,1819,1819-TX-E04,11,1503.8,1487.7,-16.12
24116,1819,1819-TX-E04,11,1530.9,1514.8,-16.12
2770,1819,1819-TX-E04,11,1561.2,1577.3,16.12
21896,1819,1819-TX-E04,11,1468.1,1484.3,16.12
2739,1819,1819-TX-E04,12,1452.4,1437.1,-15.32
5613,1819,1819-TX-E04,12,1486.6,1471.2,-15.32
14966,1819,1819-TX-E04,12,1484.4,1499.7,15.32
9907,1819,1819-TX-E04,12,1484.1,1499.4,15.32
21396,1819,1819-TX-E04,13,1528.0,1511.7,-16.3
9907,1819,1819-TX-E04,13,1499.4,1483.1,-16.3
2770,1819,1819-TX-E04,13,1577.3,1593.6,16.3
2739,1819,1819-TX-E04,13,1437.1,1453.4,16.3
8028,1819,1819-TX-E04,14,1577.6,1592.1,14.52
10135,1819,1819-TX-E04,14,1470.9,1485.5,14.52
21896,1819,1819-TX-E04,14,1484.3,1469.8,-14.52
14966,1819,1819-TX-E04,14,1499.7,1485.2,-14.52
16928,1819,1819-TX-E04,15,1499.1,1514.6,15.56
21170,1819,1819-TX-E04,15,1485.0,1500.6,15.56
2739,1819,1819-TX-E04,15,1453.4,1437.8,-15.56
21396,1819,1819-TX-E04,15,1511.7,1496.2,-15.56
5613,1819,1819-TX-E04,16,1471.2,1487.2,15.91
10135,1819,1819-TX-E04,16,1485.5,1501.4,15.91
9907,1819,1819-TX-E04,16,1483.1,1467.2,-15.91
21896,1819,1819-TX-E04,16,1469.8,1453.8,-15.91
16362,1819,1819-TX-E04,17,1469.1,1486.5,17.36
21896,1819,1819-TX-E04,17,1453.8,1471.2,17.36
24116,1819,1819-TX-E04,17,1514.8,1497.4,-17.36
9907,1819,1819-TX-E04,17,1467.2,1449.9,-17.36
2770,1819,1819-TX-E04,18,1593.6,1606.8,13.24
14966,1819,1819-TX-E04,18,1485.2,1498.5,13.24
15172,1819,1819-TX-E04,18,1470.3,1457.0,-13.24
8696,1819,1819-TX-E04,18,1487.7,1474.4,-13.24
21170,1819,1819-TX-E04,19,1500.6,1515.4,14.82
21396,1819,1819-TX-E04,19,1496.2,1511.0,14.82
21896,1819,1819-TX-E04,19,1471.2,1456.4,-14.82
8696,1819,1819-TX-E04,19,1474.4,1459.6,-14.82
21396,1819,1819-TX-E04,20,1511.0,1525.9,14.94
8696,1819,1819-TX-E04,20,1459.6,1474.5,14.94
16362,1819,1819-TX-E04,20,1486.5,1471.5,-14.94
2739,1819,1819-TX-E04,20,1437.8,1422.9,-14.94
16500,1920,1920-GA-EMN3,1,1500.0,1516.0,16.0
7373,1920,1920-GA-EMN3,1,1500.0,1516.0,16.0
17079,1920,1920-GA-EMN3,1,1500.0,1484.0,-16.0
16946,1920,1920-GA-EMN3,1,1500.0,1484.0,-16.0
16946,1920,1920-GA-EMN3,1,1484.0,1468.0,-16.0
12961,1920,1920-GA-EMN3,1,1500.0,1484.0,-16.0
4100,1920,1920-GA-EMN3,1,1500.0,1516.0,16.0
17079,1920,1920-GA-EMN3,1,1484.0,1500.0,16.0
16500,1920,1920-GA-EMN3,1,1516.0,1532.0,16.0
10068,1920,1920-GA-EMN3,1,1500.0,1516.0,16.0
16757,1920,1920-GA-EMN3,1,1500.0,1484.0,-16.0
7373,1920,1920-GA-EMN3,1,1516.0,1500.0,-16.0
17079,1920,1920-GA-EMN3,1,1500.0,1483.6,-16.37
10068,1920,1920-GA-EMN3,1,1516.0,1499.6,-16.37
14110,1920,1920-GA-EMN3,1,1500.0,1516.4,16.37
11364,1920,1920-GA-EMN3,1,1500.0,1516.4,16.37
12961,1920,1920-GA-EMN3,1,1484.0,1499.6,15.63
7373,1920,1920-GA-EMN3,1,1500.0,1515.6,15.63
16946,1920,1920-GA-EMN3,1,1468.0,1452.4,-15.63
11383,1920,1920-GA-EMN3,1,1500.0,1484.4,-15.63
7153,1920,1920-GA-EMN3,1,1500.0,1516.0,15.99
14110,1920,1920-GA-EMN3,1,1516.4,1532.4,15.99
16500,1920,1920-GA-EMN3,1,1532.0,1516.0,-15.99
16757,1920,1920-GA-EMN3,1,1484.0,1468.0,-15.99
10068,1920,1920-GA-EMN3,1,1499.6,1484.4,-15.27
16946,1920,1920-GA-EMN3,1,1452.4,1437.1,-15.27
11750,1920,1920-GA-EMN3,1,1500.0,1515.3,15.27
17079,1920,1920-GA-EMN3,1,1483.6,1498.9,15.27
11364,1920,1920-GA-EMN3,1,1516.4,1502.2,-14.21
16946,1920,1920-GA-EMN3,1,1437.1,1422.9,-14.21
7373,1920,1920-GA-EMN3,1,1515.6,1529.8,14.21
7153,1920,1920-GA-EMN3,1,1516.0,1530.2,14.21
14110,1920,1920-GA-EMN3,1,1532.4,1514.5,-17.83
11750,1920,1920-GA-EMN3,1,1515.3,1497.4,-17.83
16757,1920,1920-GA-EMN3,1,1468.0,1485.8,17.83
12961,1920,1920-GA-EMN3,1,1499.6,1517.5,17.83
4100,1920,1920-GA-EMN3,1,1516.0,1530.5,14.55
16500,1920,1920-GA-EMN3,1,1516.0,1530.6,14.55
10068,1920,1920-GA-EMN3,1,1484.4,1469.8,-14.55
11383,1920,1920-GA-EMN3,1,1484.4,1469.8,-14.55
17079,1920,1920-GA-EMN3,1,1498.9,1514.9,15.99
12961,1920,1920-GA-EMN3,1,1517.5,1533.5,15.99
7153,1920,1920-GA-EMN3,1,1530.2,1514.2,-15.99
16757,1920,1920-GA-EMN3,1,1485.8,1469.8,-15.99
4100,1920,1920-GA-EMN3,1,1530.5,1545.5,14.95
14110,1920,1920-GA-EMN3,1,1514.5,1529.5,14.95
11750,1920,1920-GA-EMN3,1,1497.4,1482.5,-14.95
11364,1920,1920-GA-EMN3,1,1502.2,1487.2,-14.95
11383,1920,1920-GA-EMN3,1,1469.8,1486.2,16.35
7153,1920,1920-GA-EMN3,1,1514.2,1530.6,16.35
10068,1920,1920-GA-EMN3,1,1469.8,1453.5,-16.35
14110,1920,1920-GA-EMN3,1,1529.5,1513.1,-16.35
11383,1920,1920-GA-EMN3,1,1486.2,1470.9,-15.23
11750,1920,1920-GA-EMN3,1,1482.5,1467.3,-15.23
11364,1920,1920-GA-EMN3,1,1487.2,1502.4,15.23
17079,1920,1920-GA-EMN3,1,1514.9,1530.1,15.23
14110,1920,1920-GA-EMN3,1,1513.1,1528.8,15.66
16757,1920,1920-GA-EMN3,1,1469.8,1485.5,15.66
16946,1920,1920-GA-EMN3,1,1422.9,1407.2,-15.66
4100,1920,1920-GA-EMN3,1,1545.5,1529.8,-15.66
11364,1920,1920-GA-EMN3,1,1502.4,1520.9,18.47
10068,1920,1920-GA-EMN3,1,1453.5,1471.9,18.47
12961,1920,1920-GA-EMN3,1,1533.5,1515.0,-18.47
16500,1920,1920-GA-EMN3,1,1530.6,1512.1,-18.47
7373,1920,1920-GA-EMN3,1,1529.8,1545.8,15.93
11383,1920,1920-GA-EMN3,1,1470.9,1486.9,15.93
7153,1920,1920-GA-EMN3,1,1530.6,1514.6,-15.93
11750,1920,1920-GA-EMN3,1,1467.3,1451.3,-15.93
11750,1920,1920-GA-EMN3,1,1451.3,1436.4,-14.95
4100,1920,1920-GA-EMN3,1,1529.8,1514.9,-14.95
7153,1920,1920-GA-EMN3,1,1514.6,1529.6,14.95
16500,1920,1920-GA-EMN3,1,1512.1,1527.0,14.95
16757,1920,1920-GA-EMN3,1,1485.5,1472.1,-13.38
16946,1920,1920-GA-EMN3,1,1407.2,1393.8,-13.38
11383,1920,1920-GA-EMN3,1,1486.9,1500.2,13.38
11364,1920,1920-GA-EMN3,1,1520.9,1534.3,13.38
7373,1920,1920-GA-EMN3,1,1545.8,1560.7,14.94
17079,1920,1920-GA-EMN3,1,1530.1,1545.1,14.94
12961,1920,1920-GA-EMN3,1,1515.0,1500.0,-14.94
4100,1920,1920-GA-EMN3,1,1514.9,1499.9,-14.94
14285,1920,1920-GA-MB&GLM4,1,1500.0,1484.0,-16.0
15290,1920,1920-GA-MB&GLM4,1,1500.0,1484.0,-16.0
16282,1920,1920-GA-MB&GLM4,1,1500.0,1516.0,16.0
16344,1920,1920-GA-MB&GLM4,1,1500.0,1516.0,16.0
16600,1920,1920-GA-MB&GLM4,1,1500.0,1484.0,-16.0
16345,1920,1920-GA-MB&GLM4,1,1500.0,1484.0,-16.0
12694,1920,1920-GA-MB&GLM4,1,1500.0,1516.0,16.0
12212,1920,1920-GA-MB&GLM4,1,1500.0,1516.0,16.0
14821,1920,1920-GA-MB&GLM4,1,1500.0,1484.4,-15.63
14101,1920,1920-GA-MB&GLM4,1,1500.0,1484.4,-15.63
12212,1920,1920-GA-MB&GLM4,1,1516.0,1531.6,15.63
15156,1920,1920-GA-MB&GLM4,1,1500.0,1515.6,15.63
14470,1920,1920-GA-MB&GLM4,1,1500.0,1515.6,15.6
14471,1920,1920-GA-MB&GLM4,1,1500.0,1515.6,15.6
16600,1920,1920-GA-MB&GLM4,1,1484.0,1468.4,-15.6
14966,1920,1920-GA-MB&GLM4,1,1498.5,1482.9,-15.6
14468,1920,1920-GA-MB&GLM4,1,1500.0,1516.4,16.37
14116,1920,1920-GA-MB&GLM4,1,1500.0,1516.4,16.37
16767,1920,1920-GA-MB&GLM4,1,1500.0,1483.6,-16.37
16282,1920,1920-GA-MB&GLM4,1,1516.0,1499.6,-16.37
12687,1920,1920-GA-MB&GLM4,1,1500.0,1515.3,15.26
16344,1920,1920-GA-MB&GLM4,1,1516.0,1531.3,15.26
16345,1920,1920-GA-MB&GLM4,1,1484.0,1468.7,-15.26
16838,1920,1920-GA-MB&GLM4,1,1500.0,1484.7,-15.26
16632,1920,1920-GA-MB&GLM4,1,1500.0,1484.4,-15.63
14943,1920,1920-GA-MB&GLM4,1,1500.0,1484.4,-15.63
12694,1920,1920-GA-MB&GLM4,1,1516.0,1531.6,15.63
16631,1920,1920-GA-MB&GLM4,1,1500.0,1515.6,15.63
14285,1920,1920-GA-MB&GLM4,1,1484.0,1500.4,16.37
14100,1920,1920-GA-MB&GLM4,1,1500.0,1516.4,16.37
12689,1920,1920-GA-MB&GLM4,1,1500.0,1483.6,-16.37
22,1920,1920-GA-MB&GLM4,1,1500.0,1483.6,-16.37
16767,1920,1920-GA-MB&GLM4,1,1483.6,1499.3,15.63
16838,1920,1920-GA-MB&GLM4,1,1484.7,1500.4,15.63
15290,1920,1920-GA-MB&GLM4,1,1484.0,1468.4,-15.63
16600,1920,1920-GA-MB&GLM4,1,1468.4,1452.8,-15.63
12212,1920,1920-GA-MB&GLM4,1,1531.6,1514.2,-17.44
16344,1920,1920-GA-MB&GLM4,1,1531.3,1513.8,-17.44
14116,1920,1920-GA-MB&GLM4,1,1516.4,1533.8,17.44
12689,1920,1920-GA-MB&GLM4,1,1483.6,1501.1,17.44
112,1920,1920-GA-MB&GLM4,1,1500.0,1484.0,-16.01
12694,1920,1920-GA-MB&GLM4,1,1531.6,1515.6,-16.01
15156,1920,1920-GA-MB&GLM4,1,1515.6,1531.6,16.01
14471,1920,1920-GA-MB&GLM4,1,1515.6,1531.6,16.01
14943,1920,1920-GA-MB&GLM4,1,1484.4,1468.7,-15.62
22,1920,1920-GA-MB&GLM4,1,1483.6,1468.0,-15.62
14101,1920,1920-GA-MB&GLM4,1,1484.4,1500.0,15.62
16633,1920,1920-GA-MB&GLM4,1,1500.0,1515.6,15.62
16346,1920,1920-GA-MB&GLM4,1,1500.0,1515.6,15.63
14285,1920,1920-GA-MB&GLM4,1,1500.4,1516.0,15.63
16631,1920,1920-GA-MB&GLM4,1,1515.6,1500.0,-15.63
16345,1920,1920-GA-MB&GLM4,1,1468.7,1453.1,-15.63
14470,1920,1920-GA-MB&GLM4,1,1515.6,1499.6,-16.01
14468,1920,1920-GA-MB&GLM4,1,1516.4,1500.4,-16.01
14100,1920,1920-GA-MB&GLM4,1,1516.4,1532.4,16.01
12687,1920,1920-GA-MB&GLM4,1,1515.3,1531.3,16.01
22,1920,1920-GA-MB&GLM4,1,1468.0,1484.0,16.03
12694,1920,1920-GA-MB&GLM4,1,1515.6,1531.6,16.03
14821,1920,1920-GA-MB&GLM4,1,1484.4,1468.3,-16.03
16838,1920,1920-GA-MB&GLM4,1,1500.4,1484.3,-16.03
12689,1920,1920-GA-MB&GLM4,1,1501.1,1486.5,-14.59
16600,1920,1920-GA-MB&GLM4,1,1452.8,1438.2,-14.59
112,1920,1920-GA-MB&GLM4,1,1484.0,1498.6,14.59
12687,1920,1920-GA-MB&GLM4,1,1531.3,1545.9,14.59
16767,1920,1920-GA-MB&GLM4,1,1499.3,1482.9,-16.41
16633,1920,1920-GA-MB&GLM4,1,1515.6,1499.2,-16.41
14966,1920,1920-GA-MB&GLM4,1,1482.9,1499.3,16.41
12212,1920,1920-GA-MB&GLM4,1,1514.2,1530.6,16.41
14101,1920,1920-GA-MB&GLM4,1,1500.0,1515.6,15.58
14116,1920,1920-GA-MB&GLM4,1,1533.8,1549.4,15.58
14470,1920,1920-GA-MB&GLM4,1,1499.6,1484.0,-15.58
14285,1920,1920-GA-MB&GLM4,1,1516.0,1500.4,-15.58
14966,1920,1920-GA-MB&GLM4,1,1499.3,1484.1,-15.17
12687,1920,1920-GA-MB&GLM4,1,1545.9,1530.7,-15.17
12694,1920,1920-GA-MB&GLM4,1,1531.6,1546.8,15.17
14116,1920,1920-GA-MB&GLM4,1,1549.4,1564.6,15.17
16345,1920,1920-GA-MB&GLM4,1,1453.1,1470.2,17.08
15290,1920,1920-GA-MB&GLM4,1,1468.4,1485.4,17.08
16632,1920,1920-GA-MB&GLM4,1,1484.4,1467.3,-17.08
14470,1920,1920-GA-MB&GLM4,1,1484.0,1466.9,-17.08
14100,1920,1920-GA-MB&GLM4,1,1532.4,1548.3,15.95
14966,1920,1920-GA-MB&GLM4,1,1484.1,1500.0,15.95
14101,1920,1920-GA-MB&GLM4,1,1515.6,1499.6,-15.95
112,1920,1920-GA-MB&GLM4,1,1498.6,1482.6,-15.95
15156,1920,1920-GA-MB&GLM4,1,1531.6,1546.6,14.92
14470,1920,1920-GA-MB&GLM4,1,1466.9,1481.8,14.92
14943,1920,1920-GA-MB&GLM4,1,1468.7,1453.8,-14.92
16767,1920,1920-GA-MB&GLM4,1,1482.9,1467.9,-14.92
16633,1920,1920-GA-MB&GLM4,1,1499.2,1516.0,16.78
16631,1920,1920-GA-MB&GLM4,1,1500.0,1516.8,16.78
14116,1920,1920-GA-MB&GLM4,1,1564.6,1547.8,-16.78
14821,1920,1920-GA-MB&GLM4,1,1468.3,1451.6,-16.78
12687,1920,1920-GA-MB&GLM4,1,1530.7,1545.2,14.56
14471,1920,1920-GA-MB&GLM4,1,1531.6,1546.2,14.56
22,1920,1920-GA-MB&GLM4,1,1484.0,1469.5,-14.56
16346,1920,1920-GA-MB&GLM4,1,1515.6,1501.1,-14.56
16838,1920,1920-GA-MB&GLM4,1,1484.3,1468.3,-16.07
12689,1920,1920-GA-MB&GLM4,1,1486.5,1470.4,-16.07
14468,1920,1920-GA-MB&GLM4,1,1500.4,1516.4,16.07
16632,1920,1920-GA-MB&GLM4,1,1467.3,1483.4,16.07
16346,1920,1920-GA-MB&GLM4,1,1501.1,1485.5,-15.59
112,1920,1920-GA-MB&GLM4,1,1482.6,1467.0,-15.59
15290,1920,1920-GA-MB&GLM4,1,1485.4,1501.0,15.59
16633,1920,1920-GA-MB&GLM4,1,1516.0,1531.6,15.59
14821,1920,1920-GA-MB&GLM4,1,1451.6,1468.3,16.74
16282,1920,1920-GA-MB&GLM4,1,1499.6,1516.4,16.74
14966,1920,1920-GA-MB&GLM4,1,1500.0,1483.3,-16.74
16632,1920,1920-GA-MB&GLM4,1,1483.4,1466.6,-16.74
15156,1920,1920-GA-MB&GLM4,1,1546.6,1562.2,15.68
16632,1920,1920-GA-MB&GLM4,1,1466.6,1482.3,15.68
16344,1920,1920-GA-MB&GLM4,1,1513.8,1498.1,-15.68
16346,1920,1920-GA-MB&GLM4,1,1485.5,1469.8,-15.68
14100,1920,1920-GA-MB&GLM4,1,1548.3,1563.2,14.89
16345,1920,1920-GA-MB&GLM4,1,1470.2,1485.1,14.89
16282,1920,1920-GA-MB&GLM4,1,1516.4,1501.5,-14.89
14943,1920,1920-GA-MB&GLM4,1,1453.8,1438.9,-14.89
16631,1920,1920-GA-MB&GLM4,1,1516.8,1501.1,-15.68
14468,1920,1920-GA-MB&GLM4,1,1516.4,1500.8,-15.68
14471,1920,1920-GA-MB&GLM4,1,1546.2,1561.8,15.68
15290,1920,1920-GA-MB&GLM4,1,1501.0,1516.7,15.68
16344,1920,1920-GA-MB&GLM4,1,1498.1,1481.4,-16.75
22,1920,1920-GA-MB&GLM4,1,1469.5,1452.7,-16.75
112,1920,1920-GA-MB&GLM4,1,1467.0,1483.8,16.75
16767,1920,1920-GA-MB&GLM4,1,1467.9,1484.7,16.75
16838,1920,1920-GA-MB&GLM4,1,1468.3,1453.7,-14.52
15156,1920,1920-GA-MB&GLM4,1,1562.2,1547.7,-14.52
16633,1920,1920-GA-MB&GLM4,1,1531.6,1546.1,14.52
14100,1920,1920-GA-MB&GLM4,1,1563.2,1577.7,14.52
16600,1920,1920-GA-MB&GLM4,1,1438.2,1423.7,-14.53
14821,1920,1920-GA-MB&GLM4,1,1468.3,1453.8,-14.53
16346,1920,1920-GA-MB&GLM4,1,1469.8,1484.3,14.53
14468,1920,1920-GA-MB&GLM4,1,1500.8,1515.3,14.53
14943,1920,1920-GA-MB&GLM4,1,1438.9,1457.1,18.12
12212,1920,1920-GA-MB&GLM4,1,1530.6,1548.7,18.12
14471,1920,1920-GA-MB&GLM4,1,1561.8,1543.7,-18.12
14285,1920,1920-GA-MB&GLM4,1,1500.4,1482.3,-18.12
16282,1920,1920-GA-MB&GLM4,1,1501.5,1484.8,-16.68
14101,1920,1920-GA-MB&GLM4,1,1499.6,1482.9,-16.68
16631,1920,1920-GA-MB&GLM4,1,1501.1,1517.8,16.68
12689,1920,1920-GA-MB&GLM4,1,1470.4,1487.1,16.68
14346,1920,1920-GA-NGMN1,1,1500.0,1484.0,-16.0
13245,1920,1920-GA-NGMN1,1,1500.0,1484.0,-16.0
10396,1920,1920-GA-NGMN1,1,1500.0,1516.0,16.0
14892,1920,1920-GA-NGMN1,1,1500.0,1516.0,16.0
16804,1920,1920-GA-NGMN1,1,1500.0,1516.0,16.0
12864,1920,1920-GA-NGMN1,1,1500.0,1516.0,16.0
14890,1920,1920-GA-NGMN1,1,1500.0,1484.0,-16.0
9686,1920,1920-GA-NGMN1,1,1500.0,1484.0,-16.0
14892,1920,1920-GA-NGMN1,1,1516.0,1532.0,16.0
9686,1920,1920-GA-NGMN1,1,1484.0,1500.0,16.0
14891,1920,1920-GA-NGMN1,1,1500.0,1484.0,-16.0
15624,1920,1920-GA-NGMN1,1,1500.0,1484.0,-16.0
14419,1920,1920-GA-NGMN1,1,1500.0,1484.4,-15.63
14644,1920,1920-GA-NGMN1,1,1500.0,1484.4,-15.63
12420,1920,1920-GA-NGMN1,1,1500.0,1515.6,15.63
16804,1920,1920-GA-NGMN1,1,1516.0,1531.6,15.63
14890,1920,1920-GA-NGMN1,1,1484.0,1500.0,16.0
5161,1920,1920-GA-NGMN1,1,1500.0,1516.0,16.0
5898,1920,1920-GA-NGMN1,1,1500.0,1484.0,-16.0
14891,1920,1920-GA-NGMN1,1,1484.0,1468.0,-16.0
14419,1920,1920-GA-NGMN1,1,1484.4,1469.5,-14.9
14888,1920,1920-GA-NGMN1,1,1500.0,1485.1,-14.9
15776,1920,1920-GA-NGMN1,1,1500.0,1514.9,14.9
14892,1920,1920-GA-NGMN1,1,1532.0,1546.9,14.9
10396,1920,1920-GA-NGMN1,1,1516.0,1530.9,14.93
5161,1920,1920-GA-NGMN1,1,1516.0,1530.9,14.93
12864,1920,1920-GA-NGMN1,1,1516.0,1501.1,-14.93
14419,1920,1920-GA-NGMN1,1,1469.5,1454.5,-14.93
11562,1920,1920-GA-NGMN1,1,1500.0,1515.3,15.3
12420,1920,1920-GA-NGMN1,1,1515.6,1530.9,15.3
9686,1920,1920-GA-NGMN1,1,1500.0,1484.7,-15.3
14888,1920,1920-GA-NGMN1,1,1485.1,1469.8,-15.3
14892,1920,1920-GA-NGMN1,1,1546.9,1530.2,-16.72
14644,1920,1920-GA-NGMN1,1,1484.4,1467.6,-16.72
14890,1920,1920-GA-NGMN1,1,1500.0,1516.7,16.72
7673,1920,1920-GA-NGMN1,1,1500.0,1516.7,16.72
5898,1920,1920-GA-NGMN1,1,1484.0,1499.7,15.69
10396,1920,1920-GA-NGMN1,1,1530.9,1546.6,15.69
9686,1920,1920-GA-NGMN1,1,1484.7,1469.0,-15.69
7673,1920,1920-GA-NGMN1,1,1516.7,1501.0,-15.69
14888,1920,1920-GA-NGMN1,1,1469.8,1455.6,-14.22
14891,1920,1920-GA-NGMN1,1,1468.0,1453.8,-14.22
16804,1920,1920-GA-NGMN1,1,1531.6,1545.8,14.22
14346,1920,1920-GA-NGMN1,1,1484.0,1498.2,14.22
7673,1920,1920-GA-NGMN1,1,1501.0,1484.3,-16.72
15776,1920,1920-GA-NGMN1,1,1514.9,1498.2,-16.72
14891,1920,1920-GA-NGMN1,1,1453.8,1470.5,16.72
12420,1920,1920-GA-NGMN1,1,1530.9,1547.6,16.72
14644,1920,1920-GA-NGMN1,1,1467.6,1484.5,16.8
15624,1920,1920-GA-NGMN1,1,1484.0,1500.8,16.8
5161,1920,1920-GA-NGMN1,1,1530.9,1514.1,-16.8
14888,1920,1920-GA-NGMN1,1,1455.6,1438.8,-16.8
11562,1920,1920-GA-NGMN1,1,1515.3,1500.0,-15.31
14419,1920,1920-GA-NGMN1,1,1454.5,1439.2,-15.31
14889,1920,1920-GA-NGMN1,1,1500.0,1515.3,15.31
5898,1920,1920-GA-NGMN1,1,1499.7,1515.0,15.31
7673,1920,1920-GA-NGMN1,1,1484.3,1468.3,-16.01
5161,1920,1920-GA-NGMN1,1,1514.1,1498.1,-16.01
14346,1920,1920-GA-NGMN1,1,1498.2,1514.2,16.01
11562,1920,1920-GA-NGMN1,1,1500.0,1516.0,16.01
14889,1920,1920-GA-NGMN1,1,1515.3,1499.6,-15.71
14890,1920,1920-GA-NGMN1,1,1516.7,1501.0,-15.71
10396,1920,1920-GA-NGMN1,1,1546.6,1562.3,15.71
15776,1920,1920-GA-NGMN1,1,1498.2,1513.9,15.71
14888,1920,1920-GA-NGMN1,1,1438.8,1424.9,-13.86
13245,1920,1920-GA-NGMN1,1,1484.0,1470.1,-13.86
12864,1920,1920-GA-NGMN1,1,1501.1,1514.9,13.86
5898,1920,1920-GA-NGMN1,1,1515.0,1528.9,13.86
16804,1920,1920-GA-NGMN1,1,1545.8,1529.9,-15.97
11562,1920,1920-GA-NGMN1,1,1516.0,1500.0,-15.97
15624,1920,1920-GA-NGMN1,1,1500.8,1516.8,15.97
10396,1920,1920-GA-NGMN1,1,1562.3,1578.3,15.97
12420,1920,1920-GA-NGMN1,1,1547.6,1562.9,15.29
7673,1920,1920-GA-NGMN1,1,1468.3,1483.6,15.29
13245,1920,1920-GA-NGMN1,1,1470.1,1454.8,-15.29
12864,1920,1920-GA-NGMN1,1,1514.9,1499.6,-15.29
9686,1920,1920-GA-NGMN1,1,1469.0,1485.0,16.02
14346,1920,1920-GA-NGMN1,1,1514.2,1530.2,16.02
14644,1920,1920-GA-NGMN1,1,1484.5,1468.4,-16.02
14889,1920,1920-GA-NGMN1,1,1499.6,1483.6,-16.02
5898,1920,1920-GA-NGMN1,1,1528.9,1513.0,-15.9
15776,1920,1920-GA-NGMN1,1,1513.9,1498.0,-15.9
15624,1920,1920-GA-NGMN1,1,1516.8,1532.7,15.9
14346,1920,1920-GA-NGMN1,1,1530.2,1546.1,15.9
14891,1920,1920-GA-NGMN1,1,1470.5,1485.1,14.58
16804,1920,1920-GA-NGMN1,1,1529.9,1544.5,14.58
13245,1920,1920-GA-NGMN1,1,1454.8,1440.3,-14.58
14889,1920,1920-GA-NGMN1,1,1483.6,1469.0,-14.58
15624,1920,1920-GA-NGMN1,1,1532.7,1545.2,12.51
14890,1920,1920-GA-NGMN1,1,1501.0,1513.5,12.51
14419,1920,1920-GA-NGMN1,1,1439.2,1426.7,-12.51
13245,1920,1920-GA-NGMN1,1,1440.3,1427.8,-12.51
12420,1920,1920-GA-NGMN1,1,1562.9,1578.9,15.92
14889,1920,1920-GA-NGMN1,1,1469.0,1484.9,15.92
5161,1920,1920-GA-NGMN1,1,1498.1,1482.2,-15.92
14892,1920,1920-GA-NGMN1,1,1530.2,1514.3,-15.92
12864,1920,1920-GA-NGMN1,1,1499.6,1484.3,-15.31
14644,1920,1920-GA-NGMN1,1,1468.4,1453.1,-15.31
15776,1920,1920-GA-NGMN1,1,1498.0,1513.3,15.31
11562,1920,1920-GA-NGMN1,1,1500.0,1515.3,15.31
7259,1920,1920-IA-M3,1,1500.0,1516.0,16.0
7260,1920,1920-IA-M3,1,1500.0,1516.0,16.0
7924,1920,1920-IA-M3,1,1500.0,1484.0,-16.0
8562,1920,1920-IA-M3,1,1500.0,1484.0,-16.0
6638,1920,1920-IA-M3,1,1500.0,1484.0,-16.0
7258,1920,1920-IA-M3,1,1500.0,1484.0,-16.0
13426,1920,1920-IA-M3,1,1500.0,1516.0,16.0
9978,1920,1920-IA-M3,1,1500.0,1516.0,16.0
7924,1920,1920-IA-M3,1,1484.0,1468.0,-16.0
13426,1920,1920-IA-M3,1,1516.0,1500.0,-16.0
7260,1920,1920-IA-M3,1,1516.0,1532.0,16.0
6638,1920,1920-IA-M3,1,1484.0,1500.0,16.0
8562,1920,1920-IA-M3,1,1484.0,1468.0,-16.0
13426,1920,1920-IA-M3,1,1500.0,1484.0,-16.0
7924,1920,1920-IA-M3,1,1468.0,1484.0,16.0
9978,1920,1920-IA-M3,1,1516.0,1532.0,16.0
13426,1920,1920-IA-M3,1,1484.0,1468.0,-16.0
6638,1920,1920-IA-M3,1,1500.0,1484.0,-16.0
8562,1920,1920-IA-M3,1,1468.0,1484.0,16.0
7259,1920,1920-IA-M3,1,1516.0,1532.0,16.0
9978,1920,1920-IA-M3,1,1532.0,1548.0,16.0
8562,1920,1920-IA-M3,1,1484.0,1500.0,16.0
7259,1920,1920-IA-M3,1,1532.0,1516.0,-16.0
7258,1920,1920-IA-M3,1,1484.0,1468.0,-16.0
6638,1920,1920-IA-M3,1,1484.0,1500.0,16.0
7259,1920,1920-IA-M3,1,1516.0,1532.0,16.0
7260,1920,1920-IA-M3,1,1532.0,1516.0,-16.0
7258,1920,1920-IA-M3,1,1468.0,1452.0,-16.0
7259,1920,1920-IA-M3,1,1532.0,1516.7,-15.26
7924,1920,1920-IA-M3,1,1484.0,1468.7,-15.26
9978,1920,1920-IA-M3,1,1548.0,1563.3,15.26
6638,1920,1920-IA-M3,1,1500.0,1515.3,15.26
8562,1920,1920-IA-M3,1,1500.0,1513.8,13.8
7260,1920,1920-IA-M3,1,1516.0,1529.8,13.8
7258,1920,1920-IA-M3,1,1452.0,1438.2,-13.8
13426,1920,1920-IA-M3,1,1468.0,1454.2,-13.8
7258,1920,1920-IA-M3,1,1438.2,1454.1,15.93
9978,1920,1920-IA-M3,1,1563.3,1579.2,15.93
7260,1920,1920-IA-M3,1,1529.8,1513.9,-15.93
7924,1920,1920-IA-M3,1,1468.7,1452.8,-15.93
9978,1920,1920-IA-M3,1,1579.2,1592.3,13.09
7259,1920,1920-IA-M3,1,1516.7,1529.8,13.09
13426,1920,1920-IA-M3,1,1454.2,1441.1,-13.09
7260,1920,1920-IA-M3,1,1513.9,1500.8,-13.09
7258,1920,1920-IA-M3,1,1454.1,1470.1,16.0
8562,1920,1920-IA-M3,1,1513.8,1529.8,16.0
6638,1920,1920-IA-M3,1,1515.3,1499.3,-16.0
7924,1920,1920-IA-M3,1,1452.8,1436.8,-16.0
6662,1920,1920-IA-M41,1,1500.0,1484.0,-16.0
6624,1920,1920-IA-M41,1,1500.0,1484.0,-16.0
15650,1920,1920-IA-M41,1,1500.0,1516.0,16.0
9983,1920,1920-IA-M41,1,1500.0,1516.0,16.0
6600,1920,1920-IA-M41,1,1500.0,1483.6,-16.37
9983,1920,1920-IA-M41,1,1516.0,1499.6,-16.37
9967,1920,1920-IA-M41,1,1500.0,1516.4,16.37
7841,1920,1920-IA-M41,1,1500.0,1516.4,16.37
6624,1920,1920-IA-M41,1,1484.0,1467.6,-16.38
9967,1920,1920-IA-M41,1,1516.4,1500.0,-16.38
6662,1920,1920-IA-M41,1,1484.0,1500.4,16.38
7229,1920,1920-IA-M41,1,1500.0,1516.4,16.38
15650,1920,1920-IA-M41,1,1516.0,1499.3,-16.74
8801,1920,1920-IA-M41,1,1500.0,1483.3,-16.74
6600,1920,1920-IA-M41,1,1483.6,1500.4,16.74
16995,1920,1920-IA-M41,1,1500.0,1516.7,16.74
6600,1920,1920-IA-M41,1,1500.4,1483.6,-16.75
7841,1920,1920-IA-M41,1,1516.4,1499.6,-16.75
6624,1920,1920-IA-M41,1,1467.6,1484.4,16.75
7229,1920,1920-IA-M41,1,1516.4,1533.1,16.75
9983,1920,1920-IA-M41,1,1499.6,1514.9,15.24
6662,1920,1920-IA-M41,1,1500.4,1515.6,15.24
8801,1920,1920-IA-M41,1,1483.3,1468.0,-15.24
6600,1920,1920-IA-M41,1,1483.6,1468.4,-15.24
6662,1920,1920-IA-M41,1,1515.6,1515.6,0.01
8801,1920,1920-IA-M41,1,1468.0,1468.0,0.01
6624,1920,1920-IA-M41,1,1484.4,1484.4,-0.01
7841,1920,1920-IA-M41,1,1499.6,1499.6,-0.01
9967,1920,1920-IA-M41,1,1500.0,1484.7,-15.25
6600,1920,1920-IA-M41,1,1468.4,1453.1,-15.25
16995,1920,1920-IA-M41,1,1516.7,1532.0,15.25
6624,1920,1920-IA-M41,1,1484.4,1499.6,15.25
7841,1920,1920-IA-M41,1,1499.6,1514.9,15.25
7229,1920,1920-IA-M41,1,1533.1,1548.4,15.25
8801,1920,1920-IA-M41,1,1468.0,1452.8,-15.25
16995,1920,1920-IA-M41,1,1532.0,1516.7,-15.25
16995,1920,1920-IA-M41,1,1516.7,1533.1,16.31
9967,1920,1920-IA-M41,1,1484.7,1501.1,16.31
15650,1920,1920-IA-M41,1,1499.3,1482.9,-16.31
6662,1920,1920-IA-M41,1,1515.6,1499.3,-16.31
7841,1920,1920-IA-M41,1,1514.9,1499.2,-15.62
8801,1920,1920-IA-M41,1,1452.8,1437.2,-15.62
9967,1920,1920-IA-M41,1,1501.1,1516.7,15.62
15650,1920,1920-IA-M41,1,1482.9,1498.6,15.62
7229,1920,1920-IA-M41,1,1548.4,1562.8,14.46
16995,1920,1920-IA-M41,1,1533.1,1547.5,14.46
9983,1920,1920-IA-M41,1,1514.9,1500.4,-14.46
6624,1920,1920-IA-M41,1,1499.6,1485.2,-14.46
6600,1920,1920-IA-M41,1,1453.1,1439.7,-13.45
15650,1920,1920-IA-M41,1,1498.6,1485.1,-13.45
7229,1920,1920-IA-M41,1,1562.8,1576.3,13.45
9983,1920,1920-IA-M41,1,1500.4,1513.9,13.45
2835,1920,1920-TX-E01,1,1500.0,1500.0,0.0
7986,1920,1920-TX-E01,1,1500.0,1500.0,0.0
9112,1920,1920-TX-E01,1,1500.0,1500.0,0.0
16522,1920,1920-TX-E01,1,1500.0,1500.0,0.0
15650,1920,1920-TX-E01,1,1485.1,1469.5,-15.66
4132,1920,1920-TX-E01,1,1500.0,1484.3,-15.66
12045,1920,1920-TX-E01,1,1500.0,1515.7,15.66
20149,1920,1920-TX-E01,1,1500.0,1515.7,15.66
7986,1920,1920-TX-E01,1,1500.0,1484.0,-16.0
23922,1920,1920-TX-E01,1,1500.0,1484.0,-16.0
9112,1920,1920-TX-E01,1,1500.0,1516.0,16.0
9138,1920,1920-TX-E01,1,1500.0,1516.0,16.0
15650,1920,1920-TX-E01,1,1469.5,1453.8,-15.67
4132,1920,1920-TX-E01,1,1484.3,1468.7,-15.67
7986,1920,1920-TX-E01,1,1484.0,1499.7,15.67
23922,1920,1920-TX-E01,1,1484.0,1499.7,15.67
15650,1920,1920-TX-E01,2,1453.8,1439.6,-14.21
16522,1920,1920-TX-E01,2,1500.0,1485.8,-14.21
9112,1920,1920-TX-E01,2,1516.0,1530.2,14.21
20149,1920,1920-TX-E01,2,1515.7,1529.9,14.21
15650,1920,1920-TX-E01,2,1439.6,1458.7,19.12
4132,1920,1920-TX-E01,2,1468.7,1487.8,19.12
12045,1920,1920-TX-E01,2,1515.7,1496.5,-19.12
20149,1920,1920-TX-E01,2,1529.9,1510.8,-19.12
7986,1920,1920-TX-E01,2,1499.7,1484.8,-14.92
23922,1920,1920-TX-E01,2,1499.7,1484.8,-14.92
9112,1920,1920-TX-E01,2,1530.2,1545.1,14.92
9138,1920,1920-TX-E01,2,1516.0,1530.9,14.92
15650,1920,1920-TX-E01,2,1458.7,1443.2,-15.47
4132,1920,1920-TX-E01,2,1487.8,1472.3,-15.47
7986,1920,1920-TX-E01,2,1484.8,1500.2,15.47
23922,1920,1920-TX-E01,2,1484.8,1500.2,15.47
15650,1920,1920-TX-E01,3,1443.2,1460.2,17.0
16522,1920,1920-TX-E01,3,1485.8,1502.8,17.0
18215,1920,1920-TX-E01,3,1500.0,1483.0,-17.0
4132,1920,1920-TX-E01,3,1472.3,1455.3,-17.0
15650,1920,1920-TX-E01,3,1460.2,1446.3,-13.9
4132,1920,1920-TX-E01,3,1455.3,1441.4,-13.9
12045,1920,1920-TX-E01,3,1496.5,1510.4,13.9
20149,1920,1920-TX-E01,3,1510.8,1524.7,13.9
7986,1920,1920-TX-E01,3,1500.2,1486.0,-14.27
23922,1920,1920-TX-E01,3,1500.2,1486.0,-14.27
9112,1920,1920-TX-E01,3,1545.1,1559.4,14.27
9138,1920,1920-TX-E01,3,1530.9,1545.2,14.27
15650,1920,1920-TX-E01,3,1446.3,1432.2,-14.07
4132,1920,1920-TX-E01,3,1441.4,1427.4,-14.07
7986,1920,1920-TX-E01,3,1486.0,1500.0,14.07
23922,1920,1920-TX-E01,3,1486.0,1500.0,14.07
4132,1920,1920-TX-E01,4,1427.4,1444.6,17.28
7986,1920,1920-TX-E01,4,1500.0,1517.3,17.28
18215,1920,1920-TX-E01,4,1483.0,1465.7,-17.28
16577,1920,1920-TX-E01,4,1500.0,1482.7,-17.28
16577,1920,1920-TX-E01,5,1482.7,1469.5,-13.22
15807,1920,1920-TX-E01,5,1500.0,1486.8,-13.22
9112,1920,1920-TX-E01,5,1559.4,1572.6,13.22
9138,1920,1920-TX-E01,5,1545.2,1558.4,13.22
2835,1920,1920-TX-E01,6,1500.0,1515.9,15.91
7986,1920,1920-TX-E01,6,1517.3,1533.2,15.91
12045,1920,1920-TX-E01,6,1510.4,1494.5,-15.91
16522,1920,1920-TX-E01,6,1502.8,1486.9,-15.91
4132,1920,1920-TX-E01,7,1444.6,1429.9,-14.72
15807,1920,1920-TX-E01,7,1486.8,1472.1,-14.72
16522,1920,1920-TX-E01,7,1486.9,1501.6,14.72
23922,1920,1920-TX-E01,7,1500.0,1514.8,14.72
2835,1920,1920-TX-E01,8,1515.9,1499.7,-16.16
7986,1920,1920-TX-E01,8,1533.2,1517.0,-16.16
9112,1920,1920-TX-E01,8,1572.6,1588.8,16.16
16577,1920,1920-TX-E01,8,1469.5,1485.7,16.16
4132,1920,1920-TX-E01,9,1429.9,1447.2,17.3
9112,1920,1920-TX-E01,9,1588.8,1606.1,17.3
9138,1920,1920-TX-E01,9,1558.4,1541.1,-17.3
7986,1920,1920-TX-E01,9,1517.0,1499.7,-17.3
16577,1920,1920-TX-E01,10,1485.7,1497.4,11.79
9112,1920,1920-TX-E01,10,1606.1,1617.9,11.79
15650,1920,1920-TX-E01,10,1432.2,1420.5,-11.79
15807,1920,1920-TX-E01,10,1472.1,1460.3,-11.79
4132,1920,1920-TX-E01,11,1447.2,1467.1,19.91
15650,1920,1920-TX-E01,11,1420.5,1440.4,19.91
2835,1920,1920-TX-E01,11,1499.7,1479.8,-19.91
9138,1920,1920-TX-E01,11,1541.1,1521.2,-19.91
23922,1920,1920-TX-E01,12,1514.8,1529.8,15.04
4132,1920,1920-TX-E01,12,1467.1,1482.2,15.04
2835,1920,1920-TX-E01,12,1479.8,1464.8,-15.04
15807,1920,1920-TX-E01,12,1460.3,1445.2,-15.04
15650,1920,1920-TX-E01,13,1440.4,1458.7,18.32
9138,1920,1920-TX-E01,13,1521.2,1539.5,18.32
9112,1920,1920-TX-E01,13,1617.9,1599.6,-18.32
15807,1920,1920-TX-E01,13,1445.2,1426.9,-18.32
16522,1920,1920-TX-E01,14,1501.6,1484.7,-16.93
16577,1920,1920-TX-E01,14,1497.4,1480.5,-16.93
7986,1920,1920-TX-E01,14,1499.7,1516.7,16.93
15650,1920,1920-TX-E01,14,1458.7,1475.6,16.93
9112,1920,1920-TX-E01,15,1599.6,1612.8,13.26
23922,1920,1920-TX-E01,15,1529.8,1543.1,13.26
20149,1920,1920-TX-E01,15,1524.7,1511.4,-13.26
16522,1920,1920-TX-E01,15,1484.7,1471.4,-13.26
18215,1920,1920-TX-E01,16,1465.7,1453.3,-12.46
16522,1920,1920-TX-E01,16,1471.4,1458.9,-12.46
16577,1920,1920-TX-E01,16,1480.5,1493.0,12.46
9112,1920,1920-TX-E01,16,1612.8,1625.3,12.46
11146,1920,1920-TX-E02,1,1500.0,1516.0,16.0
17357,1920,1920-TX-E02,1,1500.0,1516.0,16.0
8473,1920,1920-TX-E02,1,1500.0,1484.0,-16.0
17921,1920,1920-TX-E02,1,1500.0,1484.0,-16.0
4997,1920,1920-TX-E02,1,1500.0,1517.7,17.75
18211,1920,1920-TX-E02,1,1500.0,1517.7,17.75
7229,1920,1920-TX-E02,1,1576.3,1558.5,-17.75
23665,1920,1920-TX-E02,1,1500.0,1482.3,-17.75
6544,1920,1920-TX-E02,1,1500.0,1484.4,-15.63
6892,1920,1920-TX-E02,1,1500.0,1484.4,-15.63
21811,1920,1920-TX-E02,1,1500.0,1515.6,15.63
17357,1920,1920-TX-E02,1,1516.0,1531.6,15.63
4997,1920,1920-TX-E02,1,1517.7,1500.2,-17.53
18211,1920,1920-TX-E02,1,1517.7,1500.2,-17.53
6544,1920,1920-TX-E02,1,1484.4,1501.9,17.53
6892,1920,1920-TX-E02,1,1484.4,1501.9,17.53
8198,1920,1920-TX-E02,2,1500.0,1484.0,-15.99
9430,1920,1920-TX-E02,2,1500.0,1484.0,-15.99
18211,1920,1920-TX-E02,2,1500.2,1516.2,15.99
21340,1920,1920-TX-E02,2,1500.0,1516.0,15.99
4997,1920,1920-TX-E02,2,1500.2,1516.8,16.56
18211,1920,1920-TX-E02,2,1516.2,1532.8,16.56
7229,1920,1920-TX-E02,2,1558.5,1542.0,-16.56
23665,1920,1920-TX-E02,2,1482.3,1465.7,-16.56
6544,1920,1920-TX-E02,2,1501.9,1518.9,17.0
6892,1920,1920-TX-E02,2,1501.9,1518.9,17.0
21811,1920,1920-TX-E02,2,1515.6,1498.6,-17.0
17357,1920,1920-TX-E02,2,1531.6,1514.6,-17.0
4997,1920,1920-TX-E02,2,1516.8,1532.5,15.73
18211,1920,1920-TX-E02,2,1532.8,1548.5,15.73
6544,1920,1920-TX-E02,2,1518.9,1503.2,-15.73
6892,1920,1920-TX-E02,2,1518.9,1503.2,-15.73
3488,1920,1920-TX-E02,3,1500.0,1483.8,-16.15
18211,1920,1920-TX-E02,3,1548.5,1532.4,-16.15
7229,1920,1920-TX-E02,3,1542.0,1558.1,16.15
5553,1920,1920-TX-E02,3,1500.0,1516.2,16.15
4997,1920,1920-TX-E02,3,1532.5,1547.6,15.06
18211,1920,1920-TX-E02,3,1532.4,1547.4,15.06
7229,1920,1920-TX-E02,3,1558.1,1543.1,-15.06
23665,1920,1920-TX-E02,3,1465.7,1450.6,-15.06
4997,1920,1920-TX-E02,3,1547.6,1561.5,13.97
18211,1920,1920-TX-E02,3,1547.4,1561.4,13.97
6544,1920,1920-TX-E02,3,1503.2,1489.2,-13.97
6892,1920,1920-TX-E02,3,1503.2,1489.2,-13.97
1351,1920,1920-TX-E02,4,1500.0,1484.3,-15.66
6974,1920,1920-TX-E02,4,1500.0,1484.3,-15.66
17357,1920,1920-TX-E02,4,1514.6,1530.3,15.66
19195,1920,1920-TX-E02,4,1500.0,1515.7,15.66
21340,1920,1920-TX-E02,5,1516.0,1530.2,14.22
4997,1920,1920-TX-E02,5,1561.5,1575.8,14.22
18641,1920,1920-TX-E02,5,1500.0,1485.8,-14.22
23772,1920,1920-TX-E02,5,1500.0,1485.8,-14.22
6544,1920,1920-TX-E02,6,1489.2,1505.1,15.88
11146,1920,1920-TX-E02,6,1516.0,1531.9,15.88
12091,1920,1920-TX-E02,6,1500.0,1484.1,-15.88
17994,1920,1920-TX-E02,6,1500.0,1484.1,-15.88
7229,1920,1920-TX-E02,7,1543.1,1557.7,14.64
17921,1920,1920-TX-E02,7,1484.0,1498.6,14.64
8198,1920,1920-TX-E02,7,1484.0,1469.4,-14.64
8473,1920,1920-TX-E02,7,1484.0,1469.4,-14.64
3839,1920,1920-TX-E02,8,1500.0,1515.6,15.64
8004,1920,1920-TX-E02,8,1500.0,1515.6,15.64
21261,1920,1920-TX-E02,8,1500.0,1484.4,-15.64
6974,1920,1920-TX-E02,8,1484.3,1468.7,-15.64
18078,1920,1920-TX-E02,9,1500.0,1516.4,16.41
2423,1920,1920-TX-E02,9,1500.0,1516.4,16.41
23772,1920,1920-TX-E02,9,1485.8,1469.4,-16.41
11146,1920,1920-TX-E02,9,1531.9,1515.5,-16.41
18078,1920,1920-TX-E02,10,1516.4,1502.1,-14.28
14947,1920,1920-TX-E02,10,1500.0,1485.7,-14.28
18211,1920,1920-TX-E02,10,1561.4,1575.7,14.28
21340,1920,1920-TX-E02,10,1530.2,1544.5,14.28
18211,1920,1920-TX-E02,11,1575.7,1590.0,14.33
23665,1920,1920-TX-E02,11,1450.6,1465.0,14.33
8473,1920,1920-TX-E02,11,1469.4,1455.0,-14.33
9430,1920,1920-TX-E02,11,1484.0,1469.7,-14.33
6974,1920,1920-TX-E02,12,1468.7,1452.7,-15.97
18211,1920,1920-TX-E02,12,1590.0,1574.0,-15.97
12091,1920,1920-TX-E02,12,1484.1,1500.1,15.97
4997,1920,1920-TX-E02,12,1575.8,1591.7,15.97
4997,1920,1920-TX-E02,13,1591.7,1606.7,14.97
23772,1920,1920-TX-E02,13,1469.4,1484.3,14.97
15822,1920,1920-TX-E02,13,1500.0,1485.0,-14.97
2423,1920,1920-TX-E02,13,1516.4,1501.4,-14.97
3839,1920,1920-TX-E02,14,1515.6,1531.5,15.84
17357,1920,1920-TX-E02,14,1530.3,1546.1,15.84
23665,1920,1920-TX-E02,14,1465.0,1449.1,-15.84
18211,1920,1920-TX-E02,14,1574.0,1558.2,-15.84
7229,1920,1920-TX-E02,15,1557.7,1571.8,14.05
23772,1920,1920-TX-E02,15,1484.3,1498.4,14.05
18078,1920,1920-TX-E02,15,1502.1,1488.1,-14.05
8473,1920,1920-TX-E02,15,1455.0,1441.0,-14.05
9430,1920,1920-TX-E02,16,1469.7,1456.4,-13.24
12091,1920,1920-TX-E02,16,1500.1,1486.9,-13.24
4997,1920,1920-TX-E02,16,1606.7,1619.9,13.24
21261,1920,1920-TX-E02,16,1484.4,1497.6,13.24
21811,1920,1920-TX-E02,17,1498.6,1513.1,14.43
21340,1920,1920-TX-E02,17,1544.5,1558.9,14.43
12091,1920,1920-TX-E02,17,1486.9,1472.4,-14.43
18078,1920,1920-TX-E02,17,1488.1,1473.6,-14.43
6974,1920,1920-TX-E02,18,1452.7,1438.7,-13.99
3839,1920,1920-TX-E02,18,1531.5,1517.5,-13.99
9375,1920,1920-TX-E02,18,1500.0,1514.0,13.99
7229,1920,1920-TX-E02,18,1571.8,1585.8,13.99
21340,1920,1920-TX-E02,19,1558.9,1542.6,-16.33
4888,1920,1920-TX-E02,19,1500.0,1483.7,-16.33
17357,1920,1920-TX-E02,19,1546.1,1562.5,16.33
23772,1920,1920-TX-E02,19,1498.4,1514.7,16.33
21261,1920,1920-TX-E02,20,1497.6,1514.0,16.42
13944,1920,1920-TX-E02,20,1500.0,1516.4,16.42
8004,1920,1920-TX-E02,20,1515.6,1499.2,-16.42
16261,1920,1920-TX-E02,20,1500.0,1483.6,-16.42
1351,1920,1920-TX-E02,21,1484.3,1469.1,-15.27
6408,1920,1920-TX-E02,21,1500.0,1484.7,-15.27
21340,1920,1920-TX-E02,21,1542.6,1557.9,15.27
18078,1920,1920-TX-E02,21,1473.6,1488.9,15.27
7229,1920,1920-TX-E02,22,1585.8,1602.8,16.99
23665,1920,1920-TX-E02,22,1449.1,1466.1,16.99
17357,1920,1920-TX-E02,22,1562.5,1545.5,-16.99
19195,1920,1920-TX-E02,22,1515.7,1498.7,-16.99
8473,1920,1920-TX-E02,23,1441.0,1426.6,-14.34
5553,1920,1920-TX-E02,23,1516.2,1501.8,-14.34
17357,1920,1920-TX-E02,23,1545.5,1559.8,14.34
17994,1920,1920-TX-E02,23,1484.1,1498.5,14.34
8004,1920,1920-TX-E02,24,1499.2,1481.3,-17.91
18078,1920,1920-TX-E02,24,1488.9,1471.0,-17.91
6974,1920,1920-TX-E02,24,1438.7,1456.6,17.91
23665,1920,1920-TX-E02,24,1466.1,1484.0,17.91
21811,1920,1920-TX-E02,25,1513.1,1528.8,15.7
6408,1920,1920-TX-E02,25,1484.7,1500.4,15.7
11146,1920,1920-TX-E02,25,1515.5,1499.8,-15.7
8198,1920,1920-TX-E02,25,1469.4,1453.7,-15.7
23665,1920,1920-TX-E02,26,1484.0,1473.0,-11.05
9430,1920,1920-TX-E02,26,1456.4,1445.4,-11.05
7229,1920,1920-TX-E02,26,1602.8,1613.8,11.05
17357,1920,1920-TX-E02,26,1559.8,1570.9,11.05
16261,1920,1920-TX-E02,27,1483.6,1468.0,-15.59
6974,1920,1920-TX-E02,27,1456.6,1441.1,-15.59
14947,1920,1920-TX-E02,27,1485.7,1501.3,15.59
12091,1920,1920-TX-E02,27,1472.4,1488.0,15.59
18641,1920,1920-TX-E02,28,1485.8,1468.4,-17.37
17921,1920,1920-TX-E02,28,1498.6,1481.3,-17.37
6974,1920,1920-TX-E02,28,1441.1,1458.4,17.37
4888,1920,1920-TX-E02,28,1483.7,1501.0,17.37
19195,1920,1920-TX-E02,29,1498.7,1481.4,-17.29
6892,1920,1920-TX-E02,29,1489.2,1471.9,-17.29
6544,1920,1920-TX-E02,29,1505.1,1522.4,17.29
8473,1920,1920-TX-E02,29,1426.6,1443.9,17.29
8473,1920,1920-TX-E02,30,1443.9,1428.6,-15.29
15822,1920,1920-TX-E02,30,1485.0,1469.7,-15.29
2423,1920,1920-TX-E02,30,1501.4,1516.7,15.29
6974,1920,1920-TX-E02,30,1458.4,1473.7,15.29
21811,1920,1920-TX-E02,31,1528.8,1545.1,16.31
9430,1920,1920-TX-E02,31,1445.4,1461.7,16.31
18078,1920,1920-TX-E02,31,1471.0,1454.7,-16.31
13944,1920,1920-TX-E02,31,1516.4,1500.1,-16.31
8198,1920,1920-TX-E02,32,1453.7,1438.7,-14.92
6974,1920,1920-TX-E02,32,1473.7,1458.8,-14.92
23665,1920,1920-TX-E02,32,1473.0,1487.9,14.92
14947,1920,1920-TX-E02,32,1501.3,1516.2,14.92
9430,1920,1920-TX-E02,33,1461.7,1477.8,16.13
9375,1920,1920-TX-E02,33,1514.0,1530.1,16.13
19195,1920,1920-TX-E02,33,1481.4,1465.2,-16.13
13944,1920,1920-TX-E02,33,1500.1,1484.0,-16.13
13944,1920,1920-TX-E02,34,1484.0,1500.7,16.69
23665,1920,1920-TX-E02,34,1487.9,1504.6,16.69
6892,1920,1920-TX-E02,34,1471.9,1455.2,-16.69
9375,1920,1920-TX-E02,34,1530.1,1513.4,-16.69
7229,1920,1920-TX-E02,35,1613.8,1630.6,16.75
8473,1920,1920-TX-E02,35,1428.6,1445.4,16.75
6892,1920,1920-TX-E02,35,1455.2,1438.5,-16.75
4997,1920,1920-TX-E02,35,1619.9,1603.2,-16.75
19195,1920,1920-TX-E02,36,1465.2,1448.7,-16.54
21340,1920,1920-TX-E02,36,1557.9,1541.3,-16.54
18078,1920,1920-TX-E02,36,1454.7,1471.2,16.54
21811,1920,1920-TX-E02,36,1545.1,1561.6,16.54
21340,1920,1920-TX-E02,37,1541.3,1524.4,-16.88
1351,1920,1920-TX-E02,37,1469.1,1452.2,-16.88
18078,1920,1920-TX-E02,37,1471.2,1488.1,16.88
4888,1920,1920-TX-E02,37,1501.0,1517.9,16.88
1351,1920,1920-TX-E02,38,1452.2,1439.2,-12.96
4888,1920,1920-TX-E02,38,1517.9,1505.0,-12.96
4997,1920,1920-TX-E02,38,1603.2,1616.1,12.96
6408,1920,1920-TX-E02,38,1500.4,1513.4,12.96
7229,1920,1920-TX-E02,39,1630.6,1644.9,14.34
15822,1920,1920-TX-E02,39,1469.7,1484.1,14.34
23772,1920,1920-TX-E02,39,1514.7,1500.4,-14.34
6408,1920,1920-TX-E02,39,1513.4,1499.1,-14.34
5553,1920,1920-TX-E02,40,1501.8,1514.8,12.96
4997,1920,1920-TX-E02,40,1616.1,1629.1,12.96
15822,1920,1920-TX-E02,40,1484.1,1471.1,-12.96
23772,1920,1920-TX-E02,40,1500.4,1487.4,-12.96
3488,1920,1920-TX-E02,41,1483.8,1500.3,16.49
17921,1920,1920-TX-E02,41,1481.3,1497.8,16.49
6408,1920,1920-TX-E02,41,1499.1,1482.6,-16.49
23772,1920,1920-TX-E02,41,1487.4,1470.9,-16.49
21261,1920,1920-TX-E02,42,1514.0,1497.5,-16.47
8473,1920,1920-TX-E02,42,1445.4,1428.9,-16.47
3488,1920,1920-TX-E02,42,1500.3,1516.8,16.47
8198,1920,1920-TX-E02,42,1438.7,1455.2,16.47
4997,1920,1920-TX-E02,43,1629.1,1641.1,12.0
21340,1920,1920-TX-E02,43,1524.4,1536.5,12.0
9430,1920,1920-TX-E02,43,1477.8,1465.8,-12.0
17994,1920,1920-TX-E02,43,1498.5,1486.5,-12.0
1530,1920,1920-TX-E03,1,1500.0,1516.0,16.0
20017,1920,1920-TX-E03,1,1500.0,1516.0,16.0
14885,1920,1920-TX-E03,1,1500.0,1484.0,-16.0
20402,1920,1920-TX-E03,1,1500.0,1484.0,-16.0
14300,1920,1920-TX-E03,1,1500.0,1483.6,-16.37
20017,1920,1920-TX-E03,1,1516.0,1499.6,-16.37
2686,1920,1920-TX-E03,1,1500.0,1516.4,16.37
23476,1920,1920-TX-E03,1,1500.0,1516.4,16.37
18485,1920,1920-TX-E03,1,1500.0,1483.6,-16.37
7690,1920,1920-TX-E03,1,1500.0,1483.6,-16.37
22097,1920,1920-TX-E03,1,1500.0,1516.4,16.37
20402,1920,1920-TX-E03,1,1484.0,1500.4,16.37
14300,1920,1920-TX-E03,1,1483.6,1499.3,15.63
20017,1920,1920-TX-E03,1,1499.6,1515.3,15.63
18485,1920,1920-TX-E03,1,1483.6,1468.0,-15.63
7690,1920,1920-TX-E03,1,1483.6,1468.0,-15.63
5937,1920,1920-TX-E03,2,1500.0,1484.0,-16.0
20503,1920,1920-TX-E03,2,1500.0,1484.0,-16.0
19463,1920,1920-TX-E03,2,1500.0,1516.0,16.0
11910,1920,1920-TX-E03,2,1500.0,1516.0,16.0
14300,1920,1920-TX-E03,2,1499.3,1483.7,-15.58
20017,1920,1920-TX-E03,2,1515.3,1499.7,-15.58
2686,1920,1920-TX-E03,2,1516.4,1531.9,15.58
23476,1920,1920-TX-E03,2,1516.4,1531.9,15.58
18485,1920,1920-TX-E03,2,1468.0,1453.9,-14.15
7690,1920,1920-TX-E03,2,1468.0,1453.9,-14.15
22097,1920,1920-TX-E03,2,1516.4,1530.5,14.15
20402,1920,1920-TX-E03,2,1500.4,1514.5,14.15
14300,1920,1920-TX-E03,2,1483.7,1497.9,14.26
20017,1920,1920-TX-E03,2,1499.7,1513.9,14.26
18485,1920,1920-TX-E03,2,1453.9,1439.6,-14.26
7690,1920,1920-TX-E03,2,1453.9,1439.6,-14.26
5834,1920,1920-TX-E03,3,1500.0,1516.0,15.97
19463,1920,1920-TX-E03,3,1516.0,1532.0,15.97
20503,1920,1920-TX-E03,3,1484.0,1468.0,-15.97
22097,1920,1920-TX-E03,3,1530.5,1514.6,-15.97
14300,1920,1920-TX-E03,3,1497.9,1510.9,12.98
20017,1920,1920-TX-E03,3,1513.9,1526.9,12.98
18485,1920,1920-TX-E03,3,1439.6,1426.6,-12.98
7690,1920,1920-TX-E03,3,1439.6,1426.6,-12.98
20402,1920,1920-TX-E03,4,1514.5,1527.8,13.27
23476,1920,1920-TX-E03,4,1531.9,1545.2,13.27
3474,1920,1920-TX-E03,4,1500.0,1486.7,-13.27
7690,1920,1920-TX-E03,4,1426.6,1413.3,-13.27
2686,1920,1920-TX-E03,5,1531.9,1546.8,14.9
1530,1920,1920-TX-E03,5,1516.0,1530.9,14.9
1408,1920,1920-TX-E03,5,1500.0,1485.1,-14.9
18301,1920,1920-TX-E03,5,1500.0,1485.1,-14.9
5834,1920,1920-TX-E03,6,1516.0,1531.6,15.66
7483,1920,1920-TX-E03,6,1500.0,1515.7,15.66
11910,1920,1920-TX-E03,6,1516.0,1500.3,-15.66
1408,1920,1920-TX-E03,6,1485.1,1469.4,-15.66
22097,1920,1920-TX-E03,7,1514.6,1529.2,14.69
20017,1920,1920-TX-E03,7,1526.9,1541.6,14.69
14885,1920,1920-TX-E03,7,1484.0,1469.3,-14.69
11910,1920,1920-TX-E03,7,1500.3,1485.7,-14.69
20503,1920,1920-TX-E03,8,1468.0,1451.5,-16.53
5383,1920,1920-TX-E03,8,1500.0,1483.5,-16.53
5834,1920,1920-TX-E03,8,1531.6,1548.2,16.53
7690,1920,1920-TX-E03,8,1413.3,1429.9,16.53
5937,1920,1920-TX-E03,9,1484.0,1469.4,-14.6
1408,1920,1920-TX-E03,9,1469.4,1454.8,-14.6
3474,1920,1920-TX-E03,9,1486.7,1501.3,14.6
20402,1920,1920-TX-E03,9,1527.8,1542.4,14.6
20402,1920,1920-TX-E03,10,1542.4,1558.5,16.09
14885,1920,1920-TX-E03,10,1469.3,1485.4,16.09
7483,1920,1920-TX-E03,10,1515.7,1499.6,-16.09
10542,1920,1920-TX-E03,10,1500.0,1483.9,-16.09
2686,1920,1920-TX-E03,11,1546.8,1562.8,15.99
18301,1920,1920-TX-E03,11,1485.1,1501.1,15.99
5383,1920,1920-TX-E03,11,1483.5,1467.5,-15.99
5834,1920,1920-TX-E03,11,1548.2,1532.2,-15.99
18301,1920,1920-TX-E03,12,1501.1,1484.6,-16.48
11910,1920,1920-TX-E03,12,1485.7,1469.2,-16.48
1408,1920,1920-TX-E03,12,1454.8,1471.3,16.48
14300,1920,1920-TX-E03,12,1510.9,1527.4,16.48
10542,1920,1920-TX-E03,13,1483.9,1467.7,-16.25
20017,1920,1920-TX-E03,13,1541.6,1525.4,-16.25
14885,1920,1920-TX-E03,13,1485.4,1501.7,16.25
22097,1920,1920-TX-E03,13,1529.2,1545.5,16.25
23476,1920,1920-TX-E03,14,1545.2,1528.1,-17.16
2686,1920,1920-TX-E03,14,1562.8,1545.7,-17.16
5834,1920,1920-TX-E03,14,1532.2,1549.3,17.16
20017,1920,1920-TX-E03,14,1525.4,1542.5,17.16
20503,1920,1920-TX-E03,15,1451.5,1435.6,-15.9
22097,1920,1920-TX-E03,15,1545.5,1529.6,-15.9
19463,1920,1920-TX-E03,15,1532.0,1547.9,15.9
11910,1920,1920-TX-E03,15,1469.2,1485.1,15.9
10542,1920,1920-TX-E03,16,1467.7,1451.4,-16.29
7483,1920,1920-TX-E03,16,1499.6,1483.3,-16.29
11910,1920,1920-TX-E03,16,1485.1,1501.4,16.29
5937,1920,1920-TX-E03,16,1469.4,1485.7,16.29
20402,1920,1920-TX-E03,17,1558.5,1573.5,15.03
18301,1920,1920-TX-E03,17,1484.6,1499.6,15.03
1408,1920,1920-TX-E03,17,1471.3,1456.3,-15.03
22097,1920,1920-TX-E03,17,1529.6,1514.6,-15.03
7483,1920,1920-TX-E03,18,1483.3,1466.5,-16.81
1530,1920,1920-TX-E03,18,1530.9,1514.1,-16.81
10542,1920,1920-TX-E03,18,1451.4,1468.2,16.81
14300,1920,1920-TX-E03,18,1527.4,1544.2,16.81
18301,1920,1920-TX-E03,19,1499.6,1484.7,-14.91
19463,1920,1920-TX-E03,19,1547.9,1533.0,-14.91
2686,1920,1920-TX-E03,19,1545.7,1560.6,14.91
5834,1920,1920-TX-E03,19,1549.3,1564.2,14.91
18301,1920,1920-TX-E03,20,1484.7,1470.7,-14.05
5834,1920,1920-TX-E03,20,1564.2,1550.2,-14.05
2686,1920,1920-TX-E03,20,1560.6,1574.6,14.05
20402,1920,1920-TX-E03,20,1573.5,1587.6,14.05
7483,1920,1920-TX-E03,21,1466.5,1451.6,-14.86
5530,1920,1920-TX-E03,21,1500.0,1485.1,-14.86
14885,1920,1920-TX-E03,21,1501.7,1516.5,14.86
22097,1920,1920-TX-E03,21,1514.6,1529.4,14.86
14300,1920,1920-TX-E03,22,1544.2,1563.2,19.0
18485,1920,1920-TX-E03,22,1426.6,1445.6,19.0
23476,1920,1920-TX-E03,22,1528.1,1509.1,-19.0
2686,1920,1920-TX-E03,22,1574.6,1555.6,-19.0
11910,1920,1920-TX-E03,23,1501.4,1487.0,-14.4
20017,1920,1920-TX-E03,23,1542.5,1528.1,-14.4
5834,1920,1920-TX-E03,23,1550.2,1564.6,14.4
14300,1920,1920-TX-E03,23,1563.2,1577.6,14.4
5834,1920,1920-TX-E03,24,1564.6,1547.8,-16.8
5530,1920,1920-TX-E03,24,1485.1,1468.3,-16.8
22097,1920,1920-TX-E03,24,1529.4,1546.2,16.8
5937,1920,1920-TX-E03,24,1485.7,1502.5,16.8
2686,1920,1920-TX-E03,25,1555.6,1570.4,14.75
5937,1920,1920-TX-E03,25,1502.5,1517.2,14.75
19463,1920,1920-TX-E03,25,1533.0,1518.2,-14.75
18301,1920,1920-TX-E03,25,1470.7,1455.9,-14.75
10542,1920,1920-TX-E03,26,1468.2,1452.8,-15.37
5834,1920,1920-TX-E03,26,1547.8,1532.4,-15.37
20402,1920,1920-TX-E03,26,1587.6,1602.9,15.37
18301,1920,1920-TX-E03,26,1455.9,1471.3,15.37
5937,1920,1920-TX-E03,27,1517.2,1499.7,-17.55
19463,1920,1920-TX-E03,27,1518.2,1500.7,-17.55
20503,1920,1920-TX-E03,27,1435.6,1453.1,17.55
5834,1920,1920-TX-E03,27,1532.4,1550.0,17.55
22373,1920,1920-TX-E04,1,1500.0,1484.0,-16.0
12704,1920,1920-TX-E04,1,1500.0,1484.0,-16.0
3589,1920,1920-TX-E04,1,1500.0,1516.0,16.0
6354,1920,1920-TX-E04,1,1500.0,1516.0,16.0
12704,1920,1920-TX-E04,1,1484.0,1500.7,16.74
19238,1920,1920-TX-E04,1,1500.0,1516.7,16.74
3589,1920,1920-TX-E04,1,1516.0,1499.3,-16.74
5857,1920,1920-TX-E04,1,1500.0,1483.3,-16.74
13340,1920,1920-TX-E04,1,1500.0,1484.4,-15.63
13137,1920,1920-TX-E04,1,1500.0,1484.4,-15.63
12291,1920,1920-TX-E04,1,1500.0,1515.6,15.63
6354,1920,1920-TX-E04,1,1516.0,1531.6,15.63
12704,1920,1920-TX-E04,1,1500.7,1515.6,14.88
19238,1920,1920-TX-E04,1,1516.7,1531.6,14.88
13340,1920,1920-TX-E04,1,1484.4,1469.5,-14.88
13137,1920,1920-TX-E04,1,1484.4,1469.5,-14.88
22373,1920,1920-TX-E04,2,1484.0,1468.4,-15.65
12704,1920,1920-TX-E04,2,1515.6,1500.0,-15.65
5857,1920,1920-TX-E04,2,1483.3,1498.9,15.65
6354,1920,1920-TX-E04,2,1531.6,1547.3,15.65
12704,1920,1920-TX-E04,2,1500.0,1515.2,15.23
19238,1920,1920-TX-E04,2,1531.6,1546.8,15.23
3589,1920,1920-TX-E04,2,1499.3,1484.0,-15.23
5857,1920,1920-TX-E04,2,1498.9,1483.7,-15.23
13340,1920,1920-TX-E04,2,1469.5,1456.3,-13.18
13137,1920,1920-TX-E04,2,1469.5,1456.3,-13.18
12291,1920,1920-TX-E04,2,1515.6,1528.8,13.18
6354,1920,1920-TX-E04,2,1547.3,1560.5,13.18
12704,1920,1920-TX-E04,2,1515.2,1527.8,12.61
19238,1920,1920-TX-E04,2,1546.8,1559.5,12.61
13340,1920,1920-TX-E04,2,1456.3,1443.7,-12.61
13137,1920,1920-TX-E04,2,1456.3,1443.7,-12.61
12704,1920,1920-TX-E04,3,1527.8,1545.1,17.32
13340,1920,1920-TX-E04,3,1443.7,1461.0,17.32
24493,1920,1920-TX-E04,3,1500.0,1482.7,-17.32
12291,1920,1920-TX-E04,3,1528.8,1511.5,-17.32
12704,1920,1920-TX-E04,3,1545.1,1558.0,12.89
19238,1920,1920-TX-E04,3,1559.5,1572.3,12.89
3589,1920,1920-TX-E04,3,1484.0,1471.1,-12.89
5857,1920,1920-TX-E04,3,1483.7,1470.8,-12.89
12704,1920,1920-TX-E04,3,1558.0,1537.0,-21.02
19238,1920,1920-TX-E04,3,1572.3,1551.3,-21.02
13340,1920,1920-TX-E04,3,1461.0,1482.0,21.02
13137,1920,1920-TX-E04,3,1443.7,1464.7,21.02
19560,1920,1920-TX-E04,4,1500.0,1485.2,-14.83
3589,1920,1920-TX-E04,4,1471.1,1456.3,-14.83
5857,1920,1920-TX-E04,4,1470.8,1485.6,14.83
19238,1920,1920-TX-E04,4,1551.3,1566.2,14.83
12291,1920,1920-TX-E04,5,1511.5,1528.5,17.06
5857,1920,1920-TX-E04,5,1485.6,1502.7,17.06
6354,1920,1920-TX-E04,5,1560.5,1543.4,-17.06
24493,1920,1920-TX-E04,5,1482.7,1465.6,-17.06
3589,1920,1920-TX-E04,6,1456.3,1471.7,15.36
12704,1920,1920-TX-E04,6,1537.0,1552.4,15.36
3130,1920,1920-TX-E04,6,1500.0,1484.6,-15.36
24493,1920,1920-TX-E04,6,1465.6,1450.3,-15.36
12291,1920,1920-TX-E04,7,1528.5,1542.3,13.75
3130,1920,1920-TX-E04,7,1484.6,1498.4,13.75
13137,1920,1920-TX-E04,7,1464.7,1451.0,-13.75
24493,1920,1920-TX-E04,7,1450.3,1436.5,-13.75
12291,1920,1920-TX-E04,8,1542.3,1525.4,-16.86
3130,1920,1920-TX-E04,8,1498.4,1481.5,-16.86
13137,1920,1920-TX-E04,8,1451.0,1467.8,16.86
12704,1920,1920-TX-E04,8,1552.4,1569.2,16.86
19238,1920,1920-TX-E04,9,1566.2,1578.3,12.12
12704,1920,1920-TX-E04,9,1569.2,1581.3,12.12
13340,1920,1920-TX-E04,9,1482.0,1469.9,-12.12
3130,1920,1920-TX-E04,9,1481.5,1469.4,-12.12
13340,1920,1920-TX-E04,10,1469.9,1483.4,13.48
12704,1920,1920-TX-E04,10,1581.3,1594.8,13.48
3589,1920,1920-TX-E04,10,1471.7,1458.2,-13.48
3130,1920,1920-TX-E04,10,1469.4,1455.9,-13.48
12704,1920,1920-TX-E04,11,1594.8,1608.7,13.84
3589,1920,1920-TX-E04,11,1458.2,1472.0,13.84
5857,1920,1920-TX-E04,11,1502.7,1488.8,-13.84
3130,1920,1920-TX-E04,11,1455.9,1442.1,-13.84
12291,1920,1920-TX-E04,12,1525.4,1539.5,14.01
5857,1920,1920-TX-E04,12,1488.8,1502.8,14.01
19560,1920,1920-TX-E04,12,1485.2,1471.2,-14.01
3130,1920,1920-TX-E04,12,1442.1,1428.1,-14.01
13137,1920,1920-TX-E04,13,1467.8,1453.7,-14.08
19560,1920,1920-TX-E04,13,1471.2,1457.1,-14.08
12291,1920,1920-TX-E04,13,1539.5,1553.5,14.08
13340,1920,1920-TX-E04,13,1483.4,1497.5,14.08
19238,1920,1920-TX-E04,14,1578.3,1594.2,15.88
3589,1920,1920-TX-E04,14,1472.0,1487.9,15.88
12704,1920,1920-TX-E04,14,1608.7,1592.8,-15.88
24493,1920,1920-TX-E04,14,1436.5,1420.6,-15.88
6354,1920,1920-TX-E04,15,1543.4,1562.7,19.31
13340,1920,1920-TX-E04,15,1497.5,1516.8,19.31
19238,1920,1920-TX-E04,15,1594.2,1574.8,-19.31
12704,1920,1920-TX-E04,15,1592.8,1573.5,-19.31
14832,1920,1920-USIL-19ILLT1,1,1500.0,1484.0,-16.0
15005,1920,1920-USIL-19ILLT1,1,1500.0,1484.0,-16.0
7869,1920,1920-USIL-19ILLT1,1,1500.0,1516.0,16.0
11177,1920,1920-USIL-19ILLT1,1,1500.0,1516.0,16.0
10101,1920,1920-USIL-19ILLT1,1,1500.0,1516.0,16.0
6596,1920,1920-USIL-19ILLT1,1,1500.0,1516.0,16.0
14469,1920,1920-USIL-19ILLT1,1,1500.0,1484.0,-16.0
14723,1920,1920-USIL-19ILLT1,1,1500.0,1484.0,-16.0
3640,1920,1920-USIL-19ILLT1,2,1500.0,1485.1,-14.92
7317,1920,1920-USIL-19ILLT1,2,1453.2,1438.3,-14.92
13310,1920,1920-USIL-19ILLT1,2,1500.0,1514.9,14.92
11235,1920,1920-USIL-19ILLT1,2,1500.0,1514.9,14.92
6596,1920,1920-USIL-19ILLT1,2,1516.0,1499.3,-16.74
8899,1920,1920-USIL-19ILLT1,2,1500.0,1483.3,-16.74
14469,1920,1920-USIL-19ILLT1,2,1484.0,1500.7,16.74
8648,1920,1920-USIL-19ILLT1,2,1500.0,1516.7,16.74
16277,1920,1920-USIL-19ILLT1,3,1500.0,1516.0,16.0
14167,1920,1920-USIL-19ILLT1,3,1500.0,1516.0,16.0
9985,1920,1920-USIL-19ILLT1,3,1500.0,1484.0,-16.0
16905,1920,1920-USIL-19ILLT1,3,1500.0,1484.0,-16.0
6596,1920,1920-USIL-19ILLT1,3,1499.3,1515.3,16.05
10101,1920,1920-USIL-19ILLT1,3,1516.0,1532.1,16.05
14469,1920,1920-USIL-19ILLT1,3,1500.7,1484.7,-16.05
8648,1920,1920-USIL-19ILLT1,3,1516.7,1500.7,-16.05
12644,1920,1920-USIL-19ILLT1,4,1500.0,1516.0,16.02
9788,1920,1920-USIL-19ILLT1,4,1500.0,1516.0,16.02
15387,1920,1920-USIL-19ILLT1,4,1500.0,1484.0,-16.02
8648,1920,1920-USIL-19ILLT1,4,1500.7,1484.7,-16.02
11283,1920,1920-USIL-19ILLT1,5,1500.0,1483.6,-16.37
9189,1920,1920-USIL-19ILLT1,5,1500.0,1483.6,-16.37
14723,1920,1920-USIL-19ILLT1,5,1484.0,1500.4,16.37
16244,1920,1920-USIL-19ILLT1,5,1500.0,1516.4,16.37
15356,1920,1920-USIL-19ILLT1,6,1500.0,1485.4,-14.56
14469,1920,1920-USIL-19ILLT1,6,1484.7,1470.1,-14.56
6596,1920,1920-USIL-19ILLT1,6,1515.3,1529.9,14.56
10101,1920,1920-USIL-19ILLT1,6,1532.1,1546.6,14.56
9163,1920,1920-USIL-19ILLT1,7,1500.0,1484.0,-15.97
8899,1920,1920-USIL-19ILLT1,7,1483.3,1467.3,-15.97
13594,1920,1920-USIL-19ILLT1,7,1500.0,1516.0,15.97
8648,1920,1920-USIL-19ILLT1,7,1484.7,1500.6,15.97
7317,1920,1920-USIL-19ILLT1,8,1438.3,1424.1,-14.21
9189,1920,1920-USIL-19ILLT1,8,1483.6,1469.4,-14.21
9788,1920,1920-USIL-19ILLT1,8,1516.0,1530.2,14.21
9985,1920,1920-USIL-19ILLT1,8,1484.0,1498.2,14.21
16905,1920,1920-USIL-19ILLT1,9,1484.0,1467.0,-17.03
13310,1920,1920-USIL-19ILLT1,9,1514.9,1497.9,-17.03
14832,1920,1920-USIL-19ILLT1,9,1484.0,1501.0,17.03
14469,1920,1920-USIL-19ILLT1,9,1470.1,1487.2,17.03
11177,1920,1920-USIL-19ILLT1,10,1516.0,1532.7,16.73
9163,1920,1920-USIL-19ILLT1,10,1484.0,1500.8,16.73
10101,1920,1920-USIL-19ILLT1,10,1546.6,1529.9,-16.73
3640,1920,1920-USIL-19ILLT1,10,1485.1,1468.3,-16.73
6596,1920,1920-USIL-19ILLT1,11,1529.9,1545.2,15.32
8899,1920,1920-USIL-19ILLT1,11,1467.3,1482.6,15.32
15005,1920,1920-USIL-19ILLT1,11,1484.0,1468.7,-15.32
11283,1920,1920-USIL-19ILLT1,11,1483.6,1468.3,-15.32
7869,1920,1920-USIL-19ILLT1,12,1516.0,1532.4,16.36
14723,1920,1920-USIL-19ILLT1,12,1500.4,1516.7,16.36
16277,1920,1920-USIL-19ILLT1,12,1516.0,1499.6,-16.36
13594,1920,1920-USIL-19ILLT1,12,1516.0,1499.6,-16.36
16244,1920,1920-USIL-19ILLT1,13,1516.4,1532.3,15.93
15356,1920,1920-USIL-19ILLT1,13,1485.4,1501.4,15.93
11235,1920,1920-USIL-19ILLT1,13,1514.9,1499.0,-15.93
15387,1920,1920-USIL-19ILLT1,13,1484.0,1468.1,-15.93
12644,1920,1920-USIL-19ILLT1,14,1516.0,1500.0,-15.98
3640,1920,1920-USIL-19ILLT1,14,1468.3,1452.4,-15.98
14167,1920,1920-USIL-19ILLT1,14,1516.0,1532.0,15.98
9189,1920,1920-USIL-19ILLT1,14,1469.4,1485.4,15.98
16277,1920,1920-USIL-19ILLT1,15,1499.6,1482.9,-16.78
11177,1920,1920-USIL-19ILLT1,15,1532.7,1515.9,-16.78
8648,1920,1920-USIL-19ILLT1,15,1500.6,1517.4,16.78
13310,1920,1920-USIL-19ILLT1,15,1497.9,1514.7,16.78
16905,1920,1920-USIL-19ILLT1,16,1467.0,1452.8,-14.12
8899,1920,1920-USIL-19ILLT1,16,1482.6,1468.5,-14.12
15356,1920,1920-USIL-19ILLT1,16,1501.4,1515.5,14.12
9788,1920,1920-USIL-19ILLT1,16,1530.2,1544.3,14.12
12644,1920,1920-USIL-19ILLT1,17,1500.0,1516.8,16.77
13594,1920,1920-USIL-19ILLT1,17,1499.6,1516.4,16.77
16244,1920,1920-USIL-19ILLT1,17,1532.3,1515.5,-16.77
14832,1920,1920-USIL-19ILLT1,17,1501.0,1484.3,-16.77
15005,1920,1920-USIL-19ILLT1,18,1468.7,1454.4,-14.25
14723,1920,1920-USIL-19ILLT1,18,1516.7,1502.5,-14.25
14167,1920,1920-USIL-19ILLT1,18,1532.0,1546.2,14.25
10101,1920,1920-USIL-19ILLT1,18,1529.9,1544.1,14.25
11283,1920,1920-USIL-19ILLT1,19,1468.3,1453.5,-14.82
15387,1920,1920-USIL-19ILLT1,19,1468.1,1453.2,-14.82
14469,1920,1920-USIL-19ILLT1,19,1487.2,1502.0,14.82
9163,1920,1920-USIL-19ILLT1,19,1500.8,1515.6,14.82
9985,1920,1920-USIL-19ILLT1,20,1498.2,1481.9,-16.28
6596,1920,1920-USIL-19ILLT1,20,1545.2,1528.9,-16.28
11235,1920,1920-USIL-19ILLT1,20,1499.0,1515.3,16.28
7869,1920,1920-USIL-19ILLT1,20,1532.4,1548.6,16.28
7317,1920,1920-USIL-19ILLT1,21,1424.1,1408.4,-15.67
14167,1920,1920-USIL-19ILLT1,21,1546.2,1530.5,-15.67
8899,1920,1920-USIL-19ILLT1,21,1468.5,1484.2,15.67
11177,1920,1920-USIL-19ILLT1,21,1515.9,1531.6,15.67
10101,1920,1920-USIL-19ILLT1,22,1544.1,1527.5,-16.61
16905,1920,1920-USIL-19ILLT1,22,1452.8,1436.2,-16.61
11283,1920,1920-USIL-19ILLT1,22,1453.5,1470.1,16.61
12644,1920,1920-USIL-19ILLT1,22,1516.8,1533.4,16.61
9788,1920,1920-USIL-19ILLT1,23,1544.3,1528.8,-15.59
14469,1920,1920-USIL-19ILLT1,23,1502.0,1486.4,-15.59
16244,1920,1920-USIL-19ILLT1,23,1515.5,1531.1,15.59
7869,1920,1920-USIL-19ILLT1,23,1548.6,1564.2,15.59
13594,1920,1920-USIL-19ILLT1,24,1516.4,1500.0,-16.39
13310,1920,1920-USIL-19ILLT1,24,1514.7,1498.3,-16.39
6596,1920,1920-USIL-19ILLT1,24,1528.9,1545.3,16.39
9189,1920,1920-USIL-19ILLT1,24,1485.4,1501.8,16.39
9163,1920,1920-USIL-19ILLT1,25,1515.6,1530.6,14.99
11235,1920,1920-USIL-19ILLT1,25,1515.3,1530.3,14.99
14723,1920,1920-USIL-19ILLT1,25,1502.5,1487.5,-14.99
14832,1920,1920-USIL-19ILLT1,25,1484.3,1469.3,-14.99
8648,1920,1920-USIL-19ILLT1,26,1517.4,1532.7,15.28
9985,1920,1920-USIL-19ILLT1,26,1481.9,1497.2,15.28
3640,1920,1920-USIL-19ILLT1,26,1452.4,1437.1,-15.28
15356,1920,1920-USIL-19ILLT1,26,1515.5,1500.2,-15.28
15387,1920,1920-USIL-19ILLT1,27,1453.2,1435.6,-17.68
16277,1920,1920-USIL-19ILLT1,27,1482.9,1465.2,-17.68
15005,1920,1920-USIL-19ILLT1,27,1454.4,1472.1,17.68
7317,1920,1920-USIL-19ILLT1,27,1408.4,1426.1,17.68
7869,1920,1920-USIL-19ILLT1,28,1564.2,1547.2,-17.03
13310,1920,1920-USIL-19ILLT1,28,1498.3,1481.3,-17.03
8899,1920,1920-USIL-19ILLT1,28,1484.2,1501.2,17.03
12644,1920,1920-USIL-19ILLT1,28,1533.4,1550.5,17.03
14832,1920,1920-USIL-19ILLT1,29,1469.3,1455.4,-13.91
11283,1920,1920-USIL-19ILLT1,29,1470.1,1456.2,-13.91
15356,1920,1920-USIL-19ILLT1,29,1500.2,1514.1,13.91
14167,1920,1920-USIL-19ILLT1,29,1530.5,1544.5,13.91
10101,1920,1920-USIL-19ILLT1,30,1527.5,1541.4,13.92
11235,1920,1920-USIL-19ILLT1,30,1530.3,1544.2,13.92
9189,1920,1920-USIL-19ILLT1,30,1501.8,1487.9,-13.92
16277,1920,1920-USIL-19ILLT1,30,1465.2,1451.3,-13.92
15387,1920,1920-USIL-19ILLT1,31,1435.6,1450.8,15.29
11177,1920,1920-USIL-19ILLT1,31,1531.6,1546.9,15.29
13594,1920,1920-USIL-19ILLT1,31,1500.0,1484.7,-15.29
16905,1920,1920-USIL-19ILLT1,31,1436.2,1420.9,-15.29
8648,1920,1920-USIL-19ILLT1,32,1532.7,1546.3,13.59
14469,1920,1920-USIL-19ILLT1,32,1486.4,1500.0,13.59
14723,1920,1920-USIL-19ILLT1,32,1487.5,1473.9,-13.59
7317,1920,1920-USIL-19ILLT1,32,1426.1,1412.5,-13.59
9985,1920,1920-USIL-19ILLT1,33,1497.2,1480.6,-16.59
16244,1920,1920-USIL-19ILLT1,33,1531.1,1514.5,-16.59
9163,1920,1920-USIL-19ILLT1,33,1530.6,1547.2,16.59
15005,1920,1920-USIL-19ILLT1,33,1472.1,1488.7,16.59
3640,1920,1920-USIL-19ILLT1,34,1437.1,1421.8,-15.29
9788,1920,1920-USIL-19ILLT1,34,1528.8,1513.5,-15.29
6596,1920,1920-USIL-19ILLT1,34,1545.3,1560.6,15.29
16277,1920,1920-USIL-19ILLT1,34,1451.3,1466.6,15.29
15005,1920,1920-USIL-19ILM2,1,1488.7,1502.9,14.16
12644,1920,1920-USIL-19ILM2,1,1550.5,1564.6,14.16
7317,1920,1920-USIL-19ILM2,1,1412.5,1398.3,-14.16
8648,1920,1920-USIL-19ILM2,1,1546.3,1532.1,-14.16
16244,1920,1920-USIL-19ILM2,2,1514.5,1495.8,-18.7
11235,1920,1920-USIL-19ILM2,2,1544.2,1525.5,-18.7
16277,1920,1920-USIL-19ILM2,2,1466.6,1485.3,18.7
14723,1920,1920-USIL-19ILM2,2,1473.9,1492.6,18.7
9985,1920,1920-USIL-19ILM2,3,1480.6,1465.9,-14.75
9788,1920,1920-USIL-19ILM2,3,1513.5,1498.7,-14.75
8899,1920,1920-USIL-19ILM2,3,1501.2,1516.0,14.75
9163,1920,1920-USIL-19ILM2,3,1547.2,1561.9,14.75
14469,1920,1920-USIL-19ILM2,4,1500.0,1516.4,16.45
13310,1920,1920-USIL-19ILM2,4,1481.3,1497.7,16.45
14167,1920,1920-USIL-19ILM2,4,1544.5,1528.0,-16.45
11283,1920,1920-USIL-19ILM2,4,1456.2,1439.8,-16.45
7317,1920,1920-USIL-19ILM2,5,1398.3,1382.1,-16.27
12644,1920,1920-USIL-19ILM2,5,1564.6,1548.3,-16.27
9985,1920,1920-USIL-19ILM2,5,1465.9,1482.1,16.27
16277,1920,1920-USIL-19ILM2,5,1485.3,1501.5,16.27
8648,1920,1920-USIL-19ILM2,6,1532.1,1514.2,-17.87
9163,1920,1920-USIL-19ILM2,6,1561.9,1544.0,-17.87
14469,1920,1920-USIL-19ILM2,6,1516.4,1534.3,17.87
16244,1920,1920-USIL-19ILM2,6,1495.8,1513.7,17.87
13310,1920,1920-USIL-19ILM2,7,1497.7,1481.3,-16.42
8899,1920,1920-USIL-19ILM2,7,1516.0,1499.5,-16.42
15005,1920,1920-USIL-19ILM2,7,1502.9,1519.3,16.42
14723,1920,1920-USIL-19ILM2,7,1492.6,1509.0,16.42
9788,1920,1920-USIL-19ILM2,8,1498.7,1517.3,18.62
11283,1920,1920-USIL-19ILM2,8,1439.8,1458.4,18.62
11235,1920,1920-USIL-19ILM2,8,1525.5,1506.9,-18.62
14167,1920,1920-USIL-19ILM2,8,1528.0,1509.4,-18.62
14723,1920,1920-USIL-19ILM2,9,1509.0,1523.5,14.53
13310,1920,1920-USIL-19ILM2,9,1481.3,1495.8,14.53
9163,1920,1920-USIL-19ILM2,9,1544.0,1529.5,-14.53
7317,1920,1920-USIL-19ILM2,9,1382.1,1367.5,-14.53
14167,1920,1920-USIL-19ILM2,10,1509.4,1493.1,-16.25
9788,1920,1920-USIL-19ILM2,10,1517.3,1501.1,-16.25
8648,1920,1920-USIL-19ILM2,10,1514.2,1530.5,16.25
16277,1920,1920-USIL-19ILM2,10,1501.5,1517.8,16.25
8899,1920,1920-USIL-19ILM2,11,1499.5,1515.4,15.85
16244,1920,1920-USIL-19ILM2,11,1513.7,1529.6,15.85
12644,1920,1920-USIL-19ILM2,11,1548.3,1532.5,-15.85
11283,1920,1920-USIL-19ILM2,11,1458.4,1442.5,-15.85
15005,1920,1920-USIL-19ILM2,12,1519.3,1535.1,15.78
11235,1920,1920-USIL-19ILM2,12,1506.9,1522.6,15.78
9985,1920,1920-USIL-19ILM2,12,1482.1,1466.4,-15.78
14469,1920,1920-USIL-19ILM2,12,1534.3,1518.5,-15.78
16244,1920,1920-USIL-19ILM2,13,1529.6,1544.1,14.5
12644,1920,1920-USIL-19ILM2,13,1532.5,1547.0,14.5
13310,1920,1920-USIL-19ILM2,13,1495.8,1481.3,-14.5
9788,1920,1920-USIL-19ILM2,13,1501.1,1486.6,-14.5
7317,1920,1920-USIL-19ILM2,14,1367.5,1354.9,-12.63
16277,1920,1920-USIL-19ILM2,14,1517.8,1505.1,-12.63
14469,1920,1920-USIL-19ILM2,14,1518.5,1531.1,12.63
8899,1920,1920-USIL-19ILM2,14,1515.4,1528.0,12.63
14723,1920,1920-USIL-19ILM2,15,1523.5,1539.2,15.61
9985,1920,1920-USIL-19ILM2,15,1466.4,1482.0,15.61
11283,1920,1920-USIL-19ILM2,15,1442.5,1426.9,-15.61
8648,1920,1920-USIL-19ILM2,15,1530.5,1514.9,-15.61
11235,1920,1920-USIL-19ILM2,16,1522.6,1506.1,-16.55
9163,1920,1920-USIL-19ILM2,16,1529.5,1513.0,-16.55
14167,1920,1920-USIL-19ILM2,16,1493.1,1509.7,16.55
15005,1920,1920-USIL-19ILM2,16,1535.1,1551.6,16.55
14723,1920,1920-USIL-19ILM2,17,1539.2,1554.3,15.16
14469,1920,1920-USIL-19ILM2,17,1531.1,1546.3,15.16
12644,1920,1920-USIL-19ILM2,17,1547.0,1531.8,-15.16
9788,1920,1920-USIL-19ILM2,17,1486.6,1471.4,-15.16
11283,1920,1920-USIL-19ILM2,18,1426.9,1413.9,-12.99
16277,1920,1920-USIL-19ILM2,18,1505.1,1492.2,-12.99
9163,1920,1920-USIL-19ILM2,18,1513.0,1525.9,12.99
15005,1920,1920-USIL-19ILM2,18,1551.6,1564.6,12.99
8899,1920,1920-USIL-19ILM2,19,1528.0,1510.7,-17.28
8648,1920,1920-USIL-19ILM2,19,1514.9,1497.6,-17.28
13310,1920,1920-USIL-19ILM2,19,1481.3,1498.6,17.28
11235,1920,1920-USIL-19ILM2,19,1506.1,1523.4,17.28
9985,1920,1920-USIL-19ILM2,20,1482.0,1470.8,-11.16
7317,1920,1920-USIL-19ILM2,20,1354.9,1343.7,-11.16
16244,1920,1920-USIL-19ILM2,20,1544.1,1555.2,11.16
14167,1920,1920-USIL-19ILM2,20,1509.7,1520.8,11.16
11235,1920,1920-USIL-19ILM3,1,1523.4,1507.8,-15.56
14167,1920,1920-USIL-19ILM3,1,1520.8,1505.3,-15.56
15005,1920,1920-USIL-19ILM3,1,1564.6,1580.2,15.56
13310,1920,1920-USIL-19ILM3,1,1498.6,1514.1,15.56
8648,1920,1920-USIL-19ILM3,2,1497.6,1479.2,-18.39
16277,1920,1920-USIL-19ILM3,2,1492.2,1473.8,-18.39
9788,1920,1920-USIL-19ILM3,2,1471.4,1489.8,18.39
11283,1920,1920-USIL-19ILM3,2,1413.9,1432.3,18.39
16244,1920,1920-USIL-19ILM3,3,1555.2,1565.4,10.15
9163,1920,1920-USIL-19ILM3,3,1525.9,1536.1,10.15
9985,1920,1920-USIL-19ILM3,3,1470.8,1460.7,-10.15
7317,1920,1920-USIL-19ILM3,3,1343.7,1333.6,-10.15
12644,1920,1920-USIL-19ILM3,4,1531.8,1517.2,-14.67
8899,1920,1920-USIL-19ILM3,4,1510.7,1496.1,-14.67
14469,1920,1920-USIL-19ILM3,4,1546.3,1561.0,14.67
14723,1920,1920-USIL-19ILM3,4,1554.3,1569.0,14.67
15005,1920,1920-USIL-19ILM3,5,1580.2,1591.0,10.82
9985,1920,1920-USIL-19ILM3,5,1460.7,1471.5,10.82
7317,1920,1920-USIL-19ILM3,5,1333.6,1322.8,-10.82
16277,1920,1920-USIL-19ILM3,5,1473.8,1463.0,-10.82
14469,1920,1920-USIL-19ILM3,6,1561.0,1577.1,16.08
8648,1920,1920-USIL-19ILM3,6,1479.2,1495.3,16.08
11235,1920,1920-USIL-19ILM3,6,1507.8,1491.7,-16.08
9163,1920,1920-USIL-19ILM3,6,1536.1,1520.0,-16.08
13310,1920,1920-USIL-19ILM3,7,1514.1,1529.1,14.96
12644,1920,1920-USIL-19ILM3,7,1517.2,1532.1,14.96
8899,1920,1920-USIL-19ILM3,7,1496.1,1481.1,-14.96
9788,1920,1920-USIL-19ILM3,7,1489.8,1474.9,-14.96
14723,1920,1920-USIL-19ILM3,8,1569.0,1586.6,17.59
11283,1920,1920-USIL-19ILM3,8,1432.3,1449.9,17.59
14167,1920,1920-USIL-19ILM3,8,1505.3,1487.7,-17.59
16244,1920,1920-USIL-19ILM3,8,1565.4,1547.8,-17.59
8899,1920,1920-USIL-19ILM3,9,1481.1,1466.6,-14.51
9163,1920,1920-USIL-19ILM3,9,1520.0,1505.5,-14.51
15005,1920,1920-USIL-19ILM3,9,1591.0,1605.5,14.51
9788,1920,1920-USIL-19ILM3,9,1474.9,1489.4,14.51
11283,1920,1920-USIL-19ILM3,10,1449.9,1435.3,-14.58
11235,1920,1920-USIL-19ILM3,10,1491.7,1477.1,-14.58
9985,1920,1920-USIL-19ILM3,10,1471.5,1486.1,14.58
12644,1920,1920-USIL-19ILM3,10,1532.1,1546.7,14.58
7317,1920,1920-USIL-19ILM3,11,1322.8,1312.4,-10.35
8648,1920,1920-USIL-19ILM3,11,1495.3,1485.0,-10.35
14167,1920,1920-USIL-19ILM3,11,1487.7,1498.0,10.35
14723,1920,1920-USIL-19ILM3,11,1586.6,1596.9,10.35
13310,1920,1920-USIL-19ILM3,12,1529.1,1510.9,-18.18
14469,1920,1920-USIL-19ILM3,12,1577.1,1558.9,-18.18
16277,1920,1920-USIL-19ILM3,12,1463.0,1481.1,18.18
16244,1920,1920-USIL-19ILM3,12,1547.8,1566.0,18.18
9788,1920,1920-USIL-19ILM3,13,1489.4,1473.3,-16.08
14723,1920,1920-USIL-19ILM3,13,1596.9,1580.8,-16.08
11235,1920,1920-USIL-19ILM3,13,1477.1,1493.2,16.08
15005,1920,1920-USIL-19ILM3,13,1605.5,1621.6,16.08
9163,1920,1920-USIL-19ILM3,14,1505.5,1490.0,-15.44
14167,1920,1920-USIL-19ILM3,14,1498.0,1482.6,-15.44
16277,1920,1920-USIL-19ILM3,14,1481.1,1496.6,15.44
12644,1920,1920-USIL-19ILM3,14,1546.7,1562.1,15.44
16244,1920,1920-USIL-19ILM3,15,1566.0,1579.7,13.7
9985,1920,1920-USIL-19ILM3,15,1486.1,1499.8,13.7
8899,1920,1920-USIL-19ILM3,15,1466.6,1452.9,-13.7
8648,1920,1920-USIL-19ILM3,15,1485.0,1471.3,-13.7
14469,1920,1920-USIL-19ILM3,16,1558.9,1576.6,17.72
7317,1920,1920-USIL-19ILM3,16,1312.4,1330.1,17.72
13310,1920,1920-USIL-19ILM3,16,1510.9,1493.2,-17.72
11283,1920,1920-USIL-19ILM3,16,1435.3,1417.6,-17.72
12644,1920,1920-USIL-19ILM3,17,1562.1,1575.1,12.98
15005,1920,1920-USIL-19ILM3,17,1621.6,1634.6,12.98
8648,1920,1920-USIL-19ILM3,17,1471.3,1458.3,-12.98
16244,1920,1920-USIL-19ILM3,17,1579.7,1566.7,-12.98
14167,1920,1920-USIL-19ILM3,18,1482.6,1469.4,-13.25
9788,1920,1920-USIL-19ILM3,18,1473.3,1460.0,-13.25
14469,1920,1920-USIL-19ILM3,18,1576.6,1589.8,13.25
9985,1920,1920-USIL-19ILM3,18,1499.8,1513.0,13.25
16277,1920,1920-USIL-19ILM3,19,1496.6,1476.0,-20.62
11235,1920,1920-USIL-19ILM3,19,1493.2,1472.6,-20.62
8899,1920,1920-USIL-19ILM3,19,1452.9,1473.5,20.62
7317,1920,1920-USIL-19ILM3,19,1330.1,1350.8,20.62
13310,1920,1920-USIL-19ILM3,20,1493.2,1505.4,12.24
14723,1920,1920-USIL-19ILM3,20,1580.8,1593.1,12.24
9163,1920,1920-USIL-19ILM3,20,1490.0,1477.8,-12.24
11283,1920,1920-USIL-19ILM3,20,1417.6,1405.4,-12.24
12554,2021,2021-AU-AUNSWPYQT01,1,1500.0,1500.0,0.0
18306,2021,2021-AU-AUNSWPYQT01,1,1500.0,1500.0,0.0
18363,2021,2021-AU-AUNSWPYQT01,1,1500.0,1500.0,0.0
18360,2021,2021-AU-AUNSWPYQT01,1,1500.0,1500.0,0.0
11148,2021,2021-AU-AUNSWPYQT01,1,1500.0,1516.0,16.0
11147,2021,2021-AU-AUNSWPYQT01,1,1500.0,1516.0,16.0
14349,2021,2021-AU-AUNSWPYQT01,1,1500.0,1484.0,-16.0
11143,2021,2021-AU-AUNSWPYQT01,1,1500.0,1484.0,-16.0
18609,2021,2021-AU-AUNSWPYQT01,2,1500.0,1516.0,16.0
11144,2021,2021-AU-AUNSWPYQT01,2,1500.0,1516.0,16.0
16551,2021,2021-AU-AUNSWPYQT01,2,1500.0,1484.0,-16.0
18608,2021,2021-AU-AUNSWPYQT01,2,1500.0,1484.0,-16.0
11148,2021,2021-AU-AUNSWPYQT01,2,1516.0,1530.5,14.53
11147,2021,2021-AU-AUNSWPYQT01,2,1516.0,1530.5,14.53
14349,2021,2021-AU-AUNSWPYQT01,2,1484.0,1469.5,-14.53
11143,2021,2021-AU-AUNSWPYQT01,2,1484.0,1469.5,-14.53
18361,2021,2021-AU-AUNSWPYQT01,3,1500.0,1484.7,-15.3
18359,2021,2021-AU-AUNSWPYQT01,3,1500.0,1484.7,-15.3
11148,2021,2021-AU-AUNSWPYQT01,3,1530.5,1545.8,15.3
17752,2021,2021-AU-AUNSWPYQT01,3,1500.0,1515.3,15.3
18362,2021,2021-AU-AUNSWPYQT01,4,1500.0,1484.7,-15.3
11258,2021,2021-AU-AUNSWPYQT01,4,1500.0,1484.7,-15.3
11147,2021,2021-AU-AUNSWPYQT01,4,1530.5,1545.8,15.3
11146,2021,2021-AU-AUNSWPYQT01,4,1499.8,1515.1,15.3
11145,2021,2021-AU-AUNSWPYQT01,5,1500.0,1516.0,16.0
14349,2021,2021-AU-AUNSWPYQT01,5,1469.5,1485.5,16.0
11143,2021,2021-AU-AUNSWPYQT01,5,1469.5,1453.5,-16.0
18043,2021,2021-AU-AUNSWPYQT01,5,1500.0,1484.0,-16.0
18609,2021,2021-AU-AUNSWPYQT01,6,1516.0,1499.6,-16.37
18359,2021,2021-AU-AUNSWPYQT01,6,1484.7,1468.3,-16.37
18360,2021,2021-AU-AUNSWPYQT01,6,1500.0,1516.4,16.37
11258,2021,2021-AU-AUNSWPYQT01,6,1484.7,1501.1,16.37
14349,2021,2021-AU-AUNSWPYQT01,7,1485.5,1501.8,16.33
11148,2021,2021-AU-AUNSWPYQT01,7,1545.8,1562.2,16.33
18306,2021,2021-AU-AUNSWPYQT01,7,1500.0,1483.7,-16.33
11147,2021,2021-AU-AUNSWPYQT01,7,1545.8,1529.5,-16.33
18043,2021,2021-AU-AUNSWPYQT01,8,1484.0,1484.0,0.03
18608,2021,2021-AU-AUNSWPYQT01,8,1484.0,1484.0,0.03
18361,2021,2021-AU-AUNSWPYQT01,8,1484.7,1484.7,-0.03
18362,2021,2021-AU-AUNSWPYQT01,8,1484.7,1484.7,-0.03
11145,2021,2021-AU-AUNSWPYQT01,9,1516.0,1499.7,-16.35
11146,2021,2021-AU-AUNSWPYQT01,9,1515.1,1498.7,-16.35
12554,2021,2021-AU-AUNSWPYQT01,9,1500.0,1516.3,16.35
11144,2021,2021-AU-AUNSWPYQT01,9,1516.0,1532.3,16.35
11143,2021,2021-AU-AUNSWPYQT01,10,1453.5,1439.3,-14.22
16551,2021,2021-AU-AUNSWPYQT01,10,1484.0,1469.8,-14.22
18363,2021,2021-AU-AUNSWPYQT01,10,1500.0,1514.2,14.22
17752,2021,2021-AU-AUNSWPYQT01,10,1515.3,1529.5,14.22
18306,2021,2021-AU-AUNSWPYQT01,11,1483.7,1468.4,-15.29
18043,2021,2021-AU-AUNSWPYQT01,11,1484.0,1468.7,-15.29
18609,2021,2021-AU-AUNSWPYQT01,11,1499.6,1514.9,15.29
11146,2021,2021-AU-AUNSWPYQT01,11,1498.7,1514.0,15.29
11144,2021,2021-AU-AUNSWPYQT01,12,1532.3,1516.0,-16.36
18362,2021,2021-AU-AUNSWPYQT01,12,1484.7,1468.3,-16.36
11143,2021,2021-AU-AUNSWPYQT01,12,1439.3,1455.6,16.36
11148,2021,2021-AU-AUNSWPYQT01,12,1562.2,1578.5,16.36
11147,2021,2021-AU-AUNSWPYQT01,13,1529.5,1543.8,14.26
18363,2021,2021-AU-AUNSWPYQT01,13,1514.2,1528.5,14.26
18359,2021,2021-AU-AUNSWPYQT01,13,1468.3,1454.1,-14.26
11145,2021,2021-AU-AUNSWPYQT01,13,1499.7,1485.4,-14.26
11258,2021,2021-AU-AUNSWPYQT01,14,1501.1,1517.3,16.25
14349,2021,2021-AU-AUNSWPYQT01,14,1501.8,1518.0,16.25
18608,2021,2021-AU-AUNSWPYQT01,14,1484.0,1467.8,-16.25
17752,2021,2021-AU-AUNSWPYQT01,14,1529.5,1513.3,-16.25
18360,2021,2021-AU-AUNSWPYQT01,15,1516.4,1498.6,-17.79
12554,2021,2021-AU-AUNSWPYQT01,15,1516.3,1498.6,-17.79
18361,2021,2021-AU-AUNSWPYQT01,15,1484.7,1502.5,17.79
16551,2021,2021-AU-AUNSWPYQT01,15,1469.8,1487.6,17.79
18043,2021,2021-AU-AUNSWPYQT01,16,1468.7,1454.5,-14.22
17752,2021,2021-AU-AUNSWPYQT01,16,1513.3,1499.0,-14.22
11147,2021,2021-AU-AUNSWPYQT01,16,1543.8,1558.0,14.22
11144,2021,2021-AU-AUNSWPYQT01,16,1516.0,1530.2,14.22
18608,2021,2021-AU-AUNSWPYQT01,17,1467.8,1485.8,18.04
11143,2021,2021-AU-AUNSWPYQT01,17,1455.6,1473.7,18.04
11146,2021,2021-AU-AUNSWPYQT01,17,1514.0,1496.0,-18.04
18360,2021,2021-AU-AUNSWPYQT01,17,1498.6,1480.5,-18.04
16551,2021,2021-AU-AUNSWPYQT01,18,1487.6,1502.1,14.54
11148,2021,2021-AU-AUNSWPYQT01,18,1578.5,1593.1,14.54
11258,2021,2021-AU-AUNSWPYQT01,18,1517.3,1502.8,-14.54
11145,2021,2021-AU-AUNSWPYQT01,18,1485.4,1470.8,-14.54
18306,2021,2021-AU-AUNSWPYQT01,19,1468.4,1452.7,-15.63
18362,2021,2021-AU-AUNSWPYQT01,19,1468.3,1452.7,-15.63
18359,2021,2021-AU-AUNSWPYQT01,19,1454.1,1469.7,15.63
12554,2021,2021-AU-AUNSWPYQT01,19,1498.6,1514.2,15.63
18363,2021,2021-AU-AUNSWPYQT01,20,1528.5,1511.8,-16.67
14349,2021,2021-AU-AUNSWPYQT01,20,1518.0,1501.4,-16.67
18361,2021,2021-AU-AUNSWPYQT01,20,1502.5,1519.1,16.67
18609,2021,2021-AU-AUNSWPYQT01,20,1514.9,1531.6,16.67
17752,2021,2021-AU-AUNSWPYQT01,21,1499.0,1513.8,14.71
18360,2021,2021-AU-AUNSWPYQT01,21,1480.5,1495.2,14.71
18362,2021,2021-AU-AUNSWPYQT01,21,1452.7,1438.0,-14.71
11145,2021,2021-AU-AUNSWPYQT01,21,1470.8,1456.1,-14.71
18359,2021,2021-AU-AUNSWPYQT01,22,1469.7,1454.6,-15.13
11146,2021,2021-AU-AUNSWPYQT01,22,1496.0,1480.8,-15.13
16551,2021,2021-AU-AUNSWPYQT01,22,1502.1,1517.3,15.13
14349,2021,2021-AU-AUNSWPYQT01,22,1501.4,1516.5,15.13
18361,2021,2021-AU-AUNSWPYQT01,23,1519.1,1533.0,13.85
11144,2021,2021-AU-AUNSWPYQT01,23,1530.2,1544.1,13.85
18306,2021,2021-AU-AUNSWPYQT01,23,1452.7,1438.9,-13.85
11258,2021,2021-AU-AUNSWPYQT01,23,1502.8,1488.9,-13.85
18608,2021,2021-AU-AUNSWPYQT01,24,1485.8,1499.3,13.43
11148,2021,2021-AU-AUNSWPYQT01,24,1593.1,1606.5,13.43
18043,2021,2021-AU-AUNSWPYQT01,24,1454.5,1441.1,-13.43
18363,2021,2021-AU-AUNSWPYQT01,24,1511.8,1498.4,-13.43
18609,2021,2021-AU-AUNSWPYQT01,25,1531.6,1545.3,13.67
11147,2021,2021-AU-AUNSWPYQT01,25,1558.0,1571.7,13.67
11143,2021,2021-AU-AUNSWPYQT01,25,1473.7,1460.0,-13.67
12554,2021,2021-AU-AUNSWPYQT01,25,1514.2,1500.5,-13.67
16337,2021,2021-AU-AUQLDROQT01,1,1500.0,1500.0,0.0
13036,2021,2021-AU-AUQLDROQT01,1,1500.0,1500.0,0.0
14466,2021,2021-AU-AUQLDROQT01,1,1500.0,1500.0,0.0
13626,2021,2021-AU-AUQLDROQT01,1,1500.0,1500.0,0.0
14380,2021,2021-AU-AUQLDROQT01,1,1500.0,1516.0,16.0
16492,2021,2021-AU-AUQLDROQT01,1,1500.0,1516.0,16.0
17707,2021,2021-AU-AUQLDROQT01,1,1500.0,1484.0,-16.0
17101,2021,2021-AU-AUQLDROQT01,1,1500.0,1484.0,-16.0
12576,2021,2021-AU-AUQLDROQT01,2,1500.0,1516.0,16.0
18228,2021,2021-AU-AUQLDROQT01,2,1500.0,1516.0,16.0
18500,2021,2021-AU-AUQLDROQT01,2,1500.0,1484.0,-16.0
11323,2021,2021-AU-AUQLDROQT01,2,1500.0,1484.0,-16.0
14380,2021,2021-AU-AUQLDROQT01,2,1516.0,1498.9,-17.1
18228,2021,2021-AU-AUQLDROQT01,2,1516.0,1498.9,-17.1
15710,2021,2021-AU-AUQLDROQT01,2,1500.0,1517.1,17.1
17101,2021,2021-AU-AUQLDROQT01,2,1484.0,1501.1,17.1
14579,2021,2021-AU-AUQLDROQT01,3,1500.0,1484.0,-16.03
18449,2021,2021-AU-AUQLDROQT01,3,1500.0,1484.0,-16.03
14380,2021,2021-AU-AUQLDROQT01,3,1498.9,1514.9,16.03
12993,2021,2021-AU-AUQLDROQT01,3,1500.0,1516.0,16.03
16492,2021,2021-AU-AUQLDROQT01,3,1516.0,1531.3,15.31
18228,2021,2021-AU-AUQLDROQT01,3,1498.9,1514.2,15.31
17707,2021,2021-AU-AUQLDROQT01,3,1484.0,1468.7,-15.31
17101,2021,2021-AU-AUQLDROQT01,3,1501.1,1485.8,-15.31
14340,2021,2021-AU-AUQLDROQT01,4,1500.0,1484.0,-16.0
13710,2021,2021-AU-AUQLDROQT01,4,1500.0,1484.0,-16.0
18294,2021,2021-AU-AUQLDROQT01,4,1500.0,1516.0,16.0
18267,2021,2021-AU-AUQLDROQT01,4,1500.0,1516.0,16.0
14705,2021,2021-AU-AUQLDROQT01,5,1500.0,1515.3,15.28
16492,2021,2021-AU-AUQLDROQT01,5,1531.3,1546.6,15.28
16068,2021,2021-AU-AUQLDROQT01,5,1500.0,1484.7,-15.28
11322,2021,2021-AU-AUQLDROQT01,5,1500.0,1484.7,-15.28
15145,2021,2021-AU-AUQLDROQT01,6,1500.0,1516.7,16.72
17707,2021,2021-AU-AUQLDROQT01,6,1468.7,1485.4,16.72
16637,2021,2021-AU-AUQLDROQT01,6,1500.0,1483.3,-16.72
18248,2021,2021-AU-AUQLDROQT01,6,1500.0,1483.3,-16.72
15710,2021,2021-AU-AUQLDROQT01,7,1517.1,1500.4,-16.72
11506,2021,2021-AU-AUQLDROQT01,7,1500.0,1483.3,-16.72
17101,2021,2021-AU-AUQLDROQT01,7,1485.8,1502.5,16.72
17556,2021,2021-AU-AUQLDROQT01,7,1500.0,1516.7,16.72
18500,2021,2021-AU-AUQLDROQT01,8,1484.0,1469.8,-14.2
13710,2021,2021-AU-AUQLDROQT01,8,1484.0,1469.8,-14.2
16492,2021,2021-AU-AUQLDROQT01,8,1546.6,1560.8,14.2
13036,2021,2021-AU-AUQLDROQT01,8,1500.0,1514.2,14.2
14380,2021,2021-AU-AUQLDROQT01,9,1514.9,1531.3,16.38
16068,2021,2021-AU-AUQLDROQT01,9,1484.7,1501.1,16.38
18267,2021,2021-AU-AUQLDROQT01,9,1516.0,1499.6,-16.38
13626,2021,2021-AU-AUQLDROQT01,9,1500.0,1483.6,-16.38
18248,2021,2021-AU-AUQLDROQT01,10,1483.3,1500.0,16.73
12993,2021,2021-AU-AUQLDROQT01,10,1516.0,1532.8,16.73
17556,2021,2021-AU-AUQLDROQT01,10,1516.7,1500.0,-16.73
18228,2021,2021-AU-AUQLDROQT01,10,1514.2,1497.5,-16.73
11506,2021,2021-AU-AUQLDROQT01,11,1483.3,1499.6,16.37
11322,2021,2021-AU-AUQLDROQT01,11,1484.7,1501.1,16.37
14340,2021,2021-AU-AUQLDROQT01,11,1484.0,1467.6,-16.37
14466,2021,2021-AU-AUQLDROQT01,11,1500.0,1483.6,-16.37
14579,2021,2021-AU-AUQLDROQT01,12,1484.0,1468.4,-15.61
15710,2021,2021-AU-AUQLDROQT01,12,1500.4,1484.8,-15.61
17707,2021,2021-AU-AUQLDROQT01,12,1485.4,1501.0,15.61
12576,2021,2021-AU-AUQLDROQT01,12,1516.0,1531.6,15.61
15145,2021,2021-AU-AUQLDROQT01,13,1516.7,1531.6,14.88
18294,2021,2021-AU-AUQLDROQT01,13,1516.0,1530.9,14.88
16337,2021,2021-AU-AUQLDROQT01,13,1500.0,1485.1,-14.88
11323,2021,2021-AU-AUQLDROQT01,13,1484.0,1469.1,-14.88
16637,2021,2021-AU-AUQLDROQT01,14,1483.3,1467.0,-16.28
14705,2021,2021-AU-AUQLDROQT01,14,1515.3,1499.0,-16.28
17101,2021,2021-AU-AUQLDROQT01,14,1502.5,1518.8,16.28
18449,2021,2021-AU-AUQLDROQT01,14,1484.0,1500.3,16.28
13036,2021,2021-AU-AUQLDROQT01,15,1514.2,1497.1,-17.1
18267,2021,2021-AU-AUQLDROQT01,15,1499.6,1482.5,-17.1
14579,2021,2021-AU-AUQLDROQT01,15,1468.4,1485.5,17.1
18228,2021,2021-AU-AUQLDROQT01,15,1497.5,1514.6,17.1
13626,2021,2021-AU-AUQLDROQT01,16,1483.6,1501.4,17.74
12993,2021,2021-AU-AUQLDROQT01,16,1532.8,1550.5,17.74
12576,2021,2021-AU-AUQLDROQT01,16,1531.6,1513.9,-17.74
16492,2021,2021-AU-AUQLDROQT01,16,1560.8,1543.0,-17.74
11506,2021,2021-AU-AUQLDROQT01,17,1499.6,1483.7,-15.95
11323,2021,2021-AU-AUQLDROQT01,17,1469.1,1453.2,-15.95
13710,2021,2021-AU-AUQLDROQT01,17,1469.8,1485.8,15.95
17707,2021,2021-AU-AUQLDROQT01,17,1501.0,1517.0,15.95
14340,2021,2021-AU-AUQLDROQT01,18,1467.6,1484.7,17.06
17101,2021,2021-AU-AUQLDROQT01,18,1518.8,1535.9,17.06
15145,2021,2021-AU-AUQLDROQT01,18,1531.6,1514.5,-17.06
16068,2021,2021-AU-AUQLDROQT01,18,1501.1,1484.0,-17.06
18500,2021,2021-AU-AUQLDROQT01,19,1469.8,1453.8,-16.04
14466,2021,2021-AU-AUQLDROQT01,19,1483.6,1467.6,-16.04
16637,2021,2021-AU-AUQLDROQT01,19,1467.0,1483.0,16.04
15710,2021,2021-AU-AUQLDROQT01,19,1484.8,1500.8,16.04
11322,2021,2021-AU-AUQLDROQT01,20,1501.1,1517.4,16.32
16337,2021,2021-AU-AUQLDROQT01,20,1485.1,1501.4,16.32
18248,2021,2021-AU-AUQLDROQT01,20,1500.0,1483.7,-16.32
18449,2021,2021-AU-AUQLDROQT01,20,1500.3,1483.9,-16.32
17556,2021,2021-AU-AUQLDROQT01,21,1500.0,1516.0,15.99
18294,2021,2021-AU-AUQLDROQT01,21,1530.9,1546.9,15.99
14380,2021,2021-AU-AUQLDROQT01,21,1531.3,1515.3,-15.99
14705,2021,2021-AU-AUQLDROQT01,21,1499.0,1483.0,-15.99
12993,2021,2021-AU-AUQLDROQT01,22,1550.5,1564.6,14.07
15145,2021,2021-AU-AUQLDROQT01,22,1514.5,1528.6,14.07
11506,2021,2021-AU-AUQLDROQT01,22,1483.7,1469.6,-14.07
13036,2021,2021-AU-AUQLDROQT01,22,1497.1,1483.0,-14.07
16068,2021,2021-AU-AUQLDROQT01,23,1484.0,1469.1,-14.91
18449,2021,2021-AU-AUQLDROQT01,23,1483.9,1469.0,-14.91
18228,2021,2021-AU-AUQLDROQT01,23,1514.6,1529.5,14.91
15710,2021,2021-AU-AUQLDROQT01,23,1500.8,1515.7,14.91
14579,2021,2021-AU-AUQLDROQT01,24,1485.5,1501.8,16.36
14466,2021,2021-AU-AUQLDROQT01,24,1467.6,1484.0,16.36
13710,2021,2021-AU-AUQLDROQT01,24,1485.8,1469.4,-16.36
14705,2021,2021-AU-AUQLDROQT01,24,1483.0,1466.7,-16.36
16637,2021,2021-AU-AUQLDROQT01,25,1483.0,1484.5,1.46
11323,2021,2021-AU-AUQLDROQT01,25,1453.2,1454.6,1.46
11322,2021,2021-AU-AUQLDROQT01,25,1517.4,1515.9,-1.46
18267,2021,2021-AU-AUQLDROQT01,25,1482.5,1481.1,-1.46
12576,2021,2021-AU-AUQLDROQT01,26,1513.9,1497.5,-16.34
16337,2021,2021-AU-AUQLDROQT01,26,1501.4,1485.1,-16.34
17556,2021,2021-AU-AUQLDROQT01,26,1516.0,1532.3,16.34
14340,2021,2021-AU-AUQLDROQT01,26,1484.7,1501.0,16.34
18248,2021,2021-AU-AUQLDROQT01,27,1483.7,1468.0,-15.64
13626,2021,2021-AU-AUQLDROQT01,27,1501.4,1485.7,-15.64
18500,2021,2021-AU-AUQLDROQT01,27,1453.8,1469.4,15.64
18294,2021,2021-AU-AUQLDROQT01,27,1546.9,1562.5,15.64
17707,2021,2021-AU-AUQLDROQT01,28,1517.0,1501.1,-15.87
17101,2021,2021-AU-AUQLDROQT01,28,1535.9,1520.0,-15.87
16492,2021,2021-AU-AUQLDROQT01,28,1543.0,1558.9,15.87
14380,2021,2021-AU-AUQLDROQT01,28,1515.3,1531.2,15.87
17556,2021,2021-AU-AUQLDROQT01,29,1532.3,1545.9,13.53
15145,2021,2021-AU-AUQLDROQT01,29,1528.6,1542.1,13.53
14466,2021,2021-AU-AUQLDROQT01,29,1484.0,1470.4,-13.53
18449,2021,2021-AU-AUQLDROQT01,29,1469.0,1455.5,-13.53
12576,2021,2021-AU-AUQLDROQT01,30,1497.5,1480.8,-16.69
16637,2021,2021-AU-AUQLDROQT01,30,1484.5,1467.8,-16.69
13036,2021,2021-AU-AUQLDROQT01,30,1483.0,1499.7,16.69
16068,2021,2021-AU-AUQLDROQT01,30,1469.1,1485.8,16.69
11322,2021,2021-AU-AUQLDROQT01,31,1515.9,1499.9,-16.05
17101,2021,2021-AU-AUQLDROQT01,31,1520.0,1503.9,-16.05
12993,2021,2021-AU-AUQLDROQT01,31,1564.6,1580.6,16.05
13710,2021,2021-AU-AUQLDROQT01,31,1469.4,1485.4,16.05
14705,2021,2021-AU-AUQLDROQT01,32,1466.7,1482.8,16.16
18267,2021,2021-AU-AUQLDROQT01,32,1481.1,1497.2,16.16
18500,2021,2021-AU-AUQLDROQT01,32,1469.4,1453.2,-16.16
16337,2021,2021-AU-AUQLDROQT01,32,1485.1,1469.0,-16.16
11323,2021,2021-AU-AUQLDROQT01,33,1454.6,1470.6,15.95
14380,2021,2021-AU-AUQLDROQT01,33,1531.2,1547.1,15.95
18248,2021,2021-AU-AUQLDROQT01,33,1468.0,1452.1,-15.95
15710,2021,2021-AU-AUQLDROQT01,33,1515.7,1499.8,-15.95
16492,2021,2021-AU-AUQLDROQT01,34,1558.9,1539.5,-19.4
18294,2021,2021-AU-AUQLDROQT01,34,1562.5,1543.1,-19.4
14579,2021,2021-AU-AUQLDROQT01,34,1501.8,1521.2,19.4
11506,2021,2021-AU-AUQLDROQT01,34,1469.6,1489.0,19.4
18228,2021,2021-AU-AUQLDROQT01,35,1529.5,1544.5,14.99
14340,2021,2021-AU-AUQLDROQT01,35,1501.0,1516.0,14.99
13626,2021,2021-AU-AUQLDROQT01,35,1485.7,1470.7,-14.99
17707,2021,2021-AU-AUQLDROQT01,35,1501.1,1486.1,-14.99
2908,2021,2021-TX-E01,1,1500.0,1484.0,-16.0
20791,2021,2021-TX-E01,1,1500.0,1484.0,-16.0
9874,2021,2021-TX-E01,1,1500.0,1516.0,16.0
23460,2021,2021-TX-E01,1,1500.0,1516.0,16.0
4304,2021,2021-TX-E01,1,1500.0,1516.0,16.0
7613,2021,2021-TX-E01,1,1500.0,1516.0,16.0
17099,2021,2021-TX-E01,1,1500.0,1484.0,-16.0
9582,2021,2021-TX-E01,1,1500.0,1484.0,-16.0
11878,2021,2021-TX-E01,1,1500.0,1484.0,-16.0
2728,2021,2021-TX-E01,1,1500.0,1484.0,-16.0
7586,2021,2021-TX-E01,1,1500.0,1516.0,16.0
10800,2021,2021-TX-E01,1,1500.0,1516.0,16.0
4304,2021,2021-TX-E01,1,1516.0,1530.5,14.53
7613,2021,2021-TX-E01,1,1516.0,1530.5,14.53
11878,2021,2021-TX-E01,1,1484.0,1469.5,-14.53
2728,2021,2021-TX-E01,1,1484.0,1469.5,-14.53
7586,2021,2021-TX-E01,2,1516.0,1499.6,-16.37
7252,2021,2021-TX-E01,2,1500.0,1483.6,-16.37
2349,2021,2021-TX-E01,2,1500.0,1516.4,16.37
14305,2021,2021-TX-E01,2,1500.0,1516.4,16.37
4304,2021,2021-TX-E01,2,1530.5,1544.4,13.87
7613,2021,2021-TX-E01,2,1530.5,1544.4,13.87
17099,2021,2021-TX-E01,2,1484.0,1470.1,-13.87
9582,2021,2021-TX-E01,2,1484.0,1470.1,-13.87
11878,2021,2021-TX-E01,2,1469.5,1455.2,-14.24
2728,2021,2021-TX-E01,2,1469.5,1455.2,-14.24
7586,2021,2021-TX-E01,2,1499.6,1513.9,14.24
10800,2021,2021-TX-E01,2,1516.0,1530.2,14.24
4304,2021,2021-TX-E01,2,1544.4,1524.4,-20.02
7613,2021,2021-TX-E01,2,1544.4,1524.4,-20.02
11878,2021,2021-TX-E01,2,1455.2,1475.2,20.02
2728,2021,2021-TX-E01,2,1455.2,1475.2,20.02
21018,2021,2021-TX-E01,3,1500.0,1515.6,15.62
14305,2021,2021-TX-E01,3,1516.4,1532.0,15.62
1590,2021,2021-TX-E01,3,1500.0,1484.4,-15.62
8643,2021,2021-TX-E01,3,1500.0,1484.4,-15.62
4304,2021,2021-TX-E01,3,1524.4,1538.1,13.75
7613,2021,2021-TX-E01,3,1524.4,1538.1,13.75
11878,2021,2021-TX-E01,3,1475.2,1461.5,-13.75
2728,2021,2021-TX-E01,3,1475.2,1461.5,-13.75
23460,2021,2021-TX-E01,4,1516.0,1501.2,-14.76
15489,2021,2021-TX-E01,4,1500.0,1485.2,-14.76
4304,2021,2021-TX-E01,4,1538.1,1552.9,14.76
14305,2021,2021-TX-E01,4,1532.0,1546.7,14.76
10800,2021,2021-TX-E01,5,1530.2,1513.9,-16.33
23517,2021,2021-TX-E01,5,1500.0,1483.7,-16.33
5583,2021,2021-TX-E01,5,1500.0,1516.3,16.33
9874,2021,2021-TX-E01,5,1516.0,1532.3,16.33
2506,2021,2021-TX-E01,6,1500.0,1483.7,-16.34
2349,2021,2021-TX-E01,6,1516.4,1500.0,-16.34
15489,2021,2021-TX-E01,6,1485.2,1501.6,16.34
5583,2021,2021-TX-E01,6,1516.3,1532.7,16.34
20791,2021,2021-TX-E01,7,1484.0,1467.7,-16.32
7009,2021,2021-TX-E01,7,1500.0,1483.7,-16.32
9582,2021,2021-TX-E01,7,1470.1,1486.4,16.32
8451,2021,2021-TX-E01,7,1500.0,1516.3,16.32
8643,2021,2021-TX-E01,8,1484.4,1467.9,-16.46
2506,2021,2021-TX-E01,8,1483.7,1467.2,-16.46
11878,2021,2021-TX-E01,8,1461.5,1478.0,16.46
9582,2021,2021-TX-E01,8,1486.4,1502.9,16.46
3755,2021,2021-TX-E01,9,1500.0,1514.0,14.02
7613,2021,2021-TX-E01,9,1538.1,1552.2,14.02
8643,2021,2021-TX-E01,9,1467.9,1453.9,-14.02
7009,2021,2021-TX-E01,9,1483.7,1469.7,-14.02
1590,2021,2021-TX-E01,10,1484.4,1499.6,15.22
5583,2021,2021-TX-E01,10,1532.7,1547.9,15.22
20791,2021,2021-TX-E01,10,1467.7,1452.5,-15.22
21018,2021,2021-TX-E01,10,1515.6,1500.4,-15.22
2908,2021,2021-TX-E01,11,1484.0,1469.4,-14.61
2728,2021,2021-TX-E01,11,1461.5,1446.9,-14.61
7613,2021,2021-TX-E01,11,1552.2,1566.8,14.61
8643,2021,2021-TX-E01,11,1453.9,1468.5,14.61
9874,2021,2021-TX-E01,12,1532.3,1517.4,-14.95
7252,2021,2021-TX-E01,12,1483.6,1468.7,-14.95
5583,2021,2021-TX-E01,12,1547.9,1562.8,14.95
7586,2021,2021-TX-E01,12,1513.9,1528.8,14.95
8451,2021,2021-TX-E01,13,1516.3,1501.2,-15.11
7009,2021,2021-TX-E01,13,1469.7,1454.6,-15.11
14305,2021,2021-TX-E01,13,1546.7,1561.9,15.11
11878,2021,2021-TX-E01,13,1478.0,1493.1,15.11
18768,2021,2021-TX-E01,14,1500.0,1484.0,-16.02
7009,2021,2021-TX-E01,14,1454.6,1438.5,-16.02
8451,2021,2021-TX-E01,14,1501.2,1517.2,16.02
20791,2021,2021-TX-E01,14,1452.5,1468.5,16.02
24577,2021,2021-TX-E01,15,1500.0,1484.7,-15.27
18579,2021,2021-TX-E01,15,1500.0,1484.7,-15.27
7586,2021,2021-TX-E01,15,1528.8,1544.1,15.27
9582,2021,2021-TX-E01,15,1502.9,1518.2,15.27
7586,2021,2021-TX-E01,16,1544.1,1560.1,16.02
20791,2021,2021-TX-E01,16,1468.5,1484.5,16.02
1590,2021,2021-TX-E01,16,1499.6,1483.6,-16.02
10800,2021,2021-TX-E01,16,1513.9,1497.9,-16.02
24577,2021,2021-TX-E01,17,1484.7,1469.3,-15.42
23460,2021,2021-TX-E01,17,1501.2,1485.8,-15.42
11878,2021,2021-TX-E01,17,1493.1,1508.5,15.42
9582,2021,2021-TX-E01,17,1518.2,1533.6,15.42
2349,2021,2021-TX-E01,18,1500.0,1513.6,13.54
7586,2021,2021-TX-E01,18,1560.1,1573.7,13.54
3755,2021,2021-TX-E01,18,1514.0,1500.5,-13.54
7009,2021,2021-TX-E01,18,1438.5,1425.0,-13.54
14305,2021,2021-TX-E01,19,1561.9,1574.7,12.82
11878,2021,2021-TX-E01,19,1508.5,1521.3,12.82
2728,2021,2021-TX-E01,19,1446.9,1434.1,-12.82
23517,2021,2021-TX-E01,19,1483.7,1470.8,-12.82
9874,2021,2021-TX-E01,20,1517.4,1500.7,-16.66
8451,2021,2021-TX-E01,20,1517.2,1500.6,-16.66
20791,2021,2021-TX-E01,20,1484.5,1501.2,16.66
11878,2021,2021-TX-E01,20,1521.3,1538.0,16.66
7252,2021,2021-TX-E01,21,1468.7,1484.0,15.28
9582,2021,2021-TX-E01,21,1533.6,1548.9,15.28
15489,2021,2021-TX-E01,21,1501.6,1486.3,-15.28
24577,2021,2021-TX-E01,21,1469.3,1454.0,-15.28
14305,2021,2021-TX-E01,22,1574.7,1557.6,-17.08
23517,2021,2021-TX-E01,22,1470.8,1453.8,-17.08
10800,2021,2021-TX-E01,22,1497.9,1515.0,17.08
9874,2021,2021-TX-E01,22,1500.7,1517.8,17.08
5583,2021,2021-TX-E01,23,1562.8,1574.3,11.46
9582,2021,2021-TX-E01,23,1548.9,1560.3,11.46
7009,2021,2021-TX-E01,23,1425.0,1413.5,-11.46
7252,2021,2021-TX-E01,23,1484.0,1472.5,-11.46
2728,2021,2021-TX-E01,24,1434.1,1451.3,17.21
18579,2021,2021-TX-E01,24,1484.7,1501.9,17.21
23517,2021,2021-TX-E01,24,1453.8,1436.6,-17.21
9874,2021,2021-TX-E01,24,1517.8,1500.6,-17.21
7613,2021,2021-TX-E01,25,1566.8,1580.2,13.41
8451,2021,2021-TX-E01,25,1500.6,1514.0,13.41
17099,2021,2021-TX-E01,25,1470.1,1456.7,-13.41
1590,2021,2021-TX-E01,25,1483.6,1470.2,-13.41
5583,2021,2021-TX-E01,26,1574.3,1589.4,15.14
2349,2021,2021-TX-E01,26,1513.6,1528.7,15.14
1590,2021,2021-TX-E01,26,1470.2,1455.0,-15.14
7613,2021,2021-TX-E01,26,1580.2,1565.0,-15.14
9582,2021,2021-TX-E01,27,1560.3,1573.8,13.47
5583,2021,2021-TX-E01,27,1589.4,1602.9,13.47
20791,2021,2021-TX-E01,27,1501.2,1487.7,-13.47
11878,2021,2021-TX-E01,27,1538.0,1524.5,-13.47
2728,2021,2021-TX-E01,28,1451.3,1470.2,18.89
23517,2021,2021-TX-E01,28,1436.6,1455.4,18.89
2349,2021,2021-TX-E01,28,1528.7,1509.8,-18.89
23460,2021,2021-TX-E01,28,1485.8,1466.9,-18.89
15831,2021,2021-TX-E01,29,1500.0,1482.1,-17.87
7613,2021,2021-TX-E01,29,1565.0,1547.2,-17.87
10800,2021,2021-TX-E01,29,1515.0,1532.8,17.87
8643,2021,2021-TX-E01,29,1468.5,1486.4,17.87
9582,2021,2021-TX-E01,30,1573.8,1555.2,-18.6
2908,2021,2021-TX-E01,30,1469.4,1450.8,-18.6
7252,2021,2021-TX-E01,30,1472.5,1491.1,18.6
17099,2021,2021-TX-E01,30,1456.7,1475.3,18.6
18768,2021,2021-TX-E01,31,1484.0,1469.6,-14.33
1590,2021,2021-TX-E01,31,1455.0,1440.7,-14.33
24577,2021,2021-TX-E01,31,1454.0,1468.4,14.33
14305,2021,2021-TX-E01,31,1557.6,1571.9,14.33
7586,2021,2021-TX-E01,32,1573.7,1589.0,15.35
11878,2021,2021-TX-E01,32,1524.5,1539.8,15.35
5583,2021,2021-TX-E01,32,1602.9,1587.6,-15.35
23460,2021,2021-TX-E01,32,1466.9,1451.6,-15.35
1590,2021,2021-TX-E01,33,1440.7,1426.5,-14.19
18768,2021,2021-TX-E01,33,1469.6,1455.5,-14.19
8451,2021,2021-TX-E01,33,1514.0,1528.2,14.19
17099,2021,2021-TX-E01,33,1475.3,1489.5,14.19
23517,2021,2021-TX-E01,34,1455.4,1440.5,-14.93
5583,2021,2021-TX-E01,34,1587.6,1572.6,-14.93
7586,2021,2021-TX-E01,34,1589.0,1603.9,14.93
21018,2021,2021-TX-E01,34,1500.4,1515.3,14.93
15489,2021,2021-TX-E01,35,1486.3,1468.9,-17.37
10800,2021,2021-TX-E01,35,1532.8,1515.5,-17.37
17099,2021,2021-TX-E01,35,1489.5,1506.9,17.37
2728,2021,2021-TX-E01,35,1470.2,1487.5,17.37
21018,2021,2021-TX-E01,36,1515.3,1501.5,-13.79
7613,2021,2021-TX-E01,36,1547.2,1533.4,-13.79
7586,2021,2021-TX-E01,36,1603.9,1617.7,13.79
9582,2021,2021-TX-E01,36,1555.2,1569.0,13.79
8451,2021,2021-TX-E01,37,1528.2,1512.4,-15.72
14305,2021,2021-TX-E01,37,1571.9,1556.2,-15.72
5583,2021,2021-TX-E01,37,1572.6,1588.3,15.72
11878,2021,2021-TX-E01,37,1539.8,1555.6,15.72
18374,2021,2021-TX-E02,1,1500.0,1516.0,16.0
9428,2021,2021-TX-E02,1,1500.0,1516.0,16.0
12905,2021,2021-TX-E02,1,1500.0,1484.0,-16.0
24841,2021,2021-TX-E02,1,1500.0,1484.0,-16.0
9428,2021,2021-TX-E02,1,1516.0,1499.6,-16.37
18751,2021,2021-TX-E02,1,1500.0,1483.6,-16.37
23204,2021,2021-TX-E02,1,1500.0,1516.4,16.37
2365,2021,2021-TX-E02,1,1500.0,1516.4,16.37
18374,2021,2021-TX-E02,1,1516.0,1531.6,15.63
16252,2021,2021-TX-E02,1,1500.0,1515.6,15.63
18899,2021,2021-TX-E02,1,1500.0,1484.4,-15.63
8364,2021,2021-TX-E02,1,1500.0,1484.4,-15.63
9428,2021,2021-TX-E02,1,1499.6,1517.1,17.47
18751,2021,2021-TX-E02,1,1483.6,1501.1,17.47
18374,2021,2021-TX-E02,1,1531.6,1514.2,-17.47
16252,2021,2021-TX-E02,1,1515.6,1498.2,-17.47
6451,2021,2021-TX-E02,2,1500.0,1484.8,-15.23
17682,2021,2021-TX-E02,2,1500.0,1484.8,-15.23
23204,2021,2021-TX-E02,2,1516.4,1531.6,15.23
9428,2021,2021-TX-E02,2,1517.1,1532.3,15.23
9428,2021,2021-TX-E02,2,1532.3,1516.7,-15.67
18751,2021,2021-TX-E02,2,1501.1,1485.4,-15.67
23204,2021,2021-TX-E02,2,1531.6,1547.3,15.67
2365,2021,2021-TX-E02,2,1516.4,1532.0,15.67
18374,2021,2021-TX-E02,2,1514.2,1497.2,-17.0
16252,2021,2021-TX-E02,2,1498.2,1481.2,-17.0
18899,2021,2021-TX-E02,2,1484.4,1501.4,17.0
8364,2021,2021-TX-E02,2,1484.4,1501.4,17.0
9428,2021,2021-TX-E02,2,1516.7,1532.1,15.45
18751,2021,2021-TX-E02,2,1485.4,1500.9,15.45
18374,2021,2021-TX-E02,2,1497.2,1481.7,-15.45
16252,2021,2021-TX-E02,2,1481.2,1465.7,-15.45
24841,2021,2021-TX-E02,3,1484.0,1500.0,16.02
16724,2021,2021-TX-E02,3,1500.0,1516.0,16.02
8885,2021,2021-TX-E02,3,1500.0,1484.0,-16.02
6451,2021,2021-TX-E02,3,1484.8,1468.8,-16.02
9428,2021,2021-TX-E02,3,1532.1,1517.2,-14.94
18751,2021,2021-TX-E02,3,1500.9,1486.0,-14.94
23204,2021,2021-TX-E02,3,1547.3,1562.2,14.94
2365,2021,2021-TX-E02,3,1532.0,1547.0,14.94
18374,2021,2021-TX-E02,3,1481.7,1467.0,-14.73
16252,2021,2021-TX-E02,3,1465.7,1451.0,-14.73
18899,2021,2021-TX-E02,3,1501.4,1516.1,14.73
8364,2021,2021-TX-E02,3,1501.4,1516.1,14.73
9428,2021,2021-TX-E02,3,1517.2,1499.2,-17.95
18751,2021,2021-TX-E02,3,1486.0,1468.0,-17.95
18374,2021,2021-TX-E02,3,1467.0,1484.9,17.95
16252,2021,2021-TX-E02,3,1451.0,1468.9,17.95
9152,2021,2021-TX-E02,4,1500.0,1484.7,-15.26
8885,2021,2021-TX-E02,4,1484.0,1468.7,-15.26
24841,2021,2021-TX-E02,4,1500.0,1515.3,15.26
18899,2021,2021-TX-E02,4,1516.1,1531.4,15.26
1786,2021,2021-TX-E02,5,1500.0,1484.7,-15.26
18751,2021,2021-TX-E02,5,1468.0,1452.7,-15.26
6451,2021,2021-TX-E02,5,1468.8,1484.0,15.26
18899,2021,2021-TX-E02,5,1531.4,1546.6,15.26
3124,2021,2021-TX-E02,6,1500.0,1485.4,-14.56
2780,2021,2021-TX-E02,6,1500.0,1485.4,-14.56
8364,2021,2021-TX-E02,6,1516.1,1530.7,14.56
18899,2021,2021-TX-E02,6,1546.6,1561.2,14.56
2780,2021,2021-TX-E02,7,1485.4,1469.0,-16.41
2365,2021,2021-TX-E02,7,1547.0,1530.6,-16.41
24841,2021,2021-TX-E02,7,1515.3,1531.7,16.41
9428,2021,2021-TX-E02,7,1499.2,1515.6,16.41
16724,2021,2021-TX-E02,8,1516.0,1501.1,-14.96
6034,2021,2021-TX-E02,8,1500.0,1485.0,-14.96
18899,2021,2021-TX-E02,8,1561.2,1576.1,14.96
10747,2021,2021-TX-E02,8,1500.0,1515.0,14.96
1786,2021,2021-TX-E02,9,1484.7,1469.1,-15.61
10747,2021,2021-TX-E02,9,1515.0,1499.4,-15.61
24841,2021,2021-TX-E02,9,1531.7,1547.3,15.61
18374,2021,2021-TX-E02,9,1484.9,1500.5,15.61
18751,2021,2021-TX-E02,10,1452.7,1471.9,19.17
1786,2021,2021-TX-E02,10,1469.1,1488.3,19.17
6034,2021,2021-TX-E02,10,1485.0,1465.9,-19.17
18899,2021,2021-TX-E02,10,1576.1,1557.0,-19.17
6034,2021,2021-TX-E02,11,1465.9,1482.3,16.4
23204,2021,2021-TX-E02,11,1562.2,1578.6,16.4
18899,2021,2021-TX-E02,11,1557.0,1540.6,-16.4
1786,2021,2021-TX-E02,11,1488.3,1471.9,-16.4
9428,2021,2021-TX-E02,12,1515.6,1530.7,15.07
6034,2021,2021-TX-E02,12,1482.3,1497.3,15.07
1786,2021,2021-TX-E02,12,1471.9,1456.8,-15.07
3124,2021,2021-TX-E02,12,1485.4,1470.4,-15.07
21987,2021,2021-TX-E02,13,1500.0,1482.9,-17.06
10747,2021,2021-TX-E02,13,1499.4,1482.3,-17.06
2780,2021,2021-TX-E02,13,1469.0,1486.1,17.06
6451,2021,2021-TX-E02,13,1484.0,1501.1,17.06
16724,2021,2021-TX-E02,14,1501.1,1516.6,15.59
24841,2021,2021-TX-E02,14,1547.3,1562.9,15.59
8364,2021,2021-TX-E02,14,1530.7,1515.1,-15.59
10465,2021,2021-TX-E02,14,1500.0,1484.4,-15.59
9152,2021,2021-TX-E02,15,1484.7,1498.5,13.77
23204,2021,2021-TX-E02,15,1578.6,1592.4,13.77
8885,2021,2021-TX-E02,15,1468.7,1454.9,-13.77
6034,2021,2021-TX-E02,15,1497.3,1483.6,-13.77
24841,2021,2021-TX-E02,16,1562.9,1546.5,-16.4
18588,2021,2021-TX-E02,16,1500.0,1483.6,-16.4
2365,2021,2021-TX-E02,16,1530.6,1547.0,16.4
8364,2021,2021-TX-E02,16,1515.1,1531.5,16.4
9152,2021,2021-TX-E02,17,1498.5,1483.3,-15.2
6034,2021,2021-TX-E02,17,1483.6,1468.4,-15.2
2780,2021,2021-TX-E02,17,1486.1,1501.3,15.2
9428,2021,2021-TX-E02,17,1530.7,1545.9,15.2
18588,2021,2021-TX-E02,18,1483.6,1497.9,14.31
9428,2021,2021-TX-E02,18,1545.9,1560.2,14.31
6451,2021,2021-TX-E02,18,1501.1,1486.8,-14.31
8885,2021,2021-TX-E02,18,1454.9,1440.6,-14.31
2365,2021,2021-TX-E02,19,1547.0,1531.0,-15.93
6034,2021,2021-TX-E02,19,1468.4,1452.4,-15.93
6451,2021,2021-TX-E02,19,1486.8,1502.7,15.93
8364,2021,2021-TX-E02,19,1531.5,1547.4,15.93
18751,2021,2021-TX-E02,20,1471.9,1492.3,20.41
8885,2021,2021-TX-E02,20,1440.6,1461.0,20.41
23204,2021,2021-TX-E02,20,1592.4,1572.0,-20.41
16724,2021,2021-TX-E02,20,1516.6,1496.2,-20.41
9152,2021,2021-TX-E02,21,1483.3,1468.8,-14.55
10465,2021,2021-TX-E02,21,1484.4,1469.9,-14.55
2365,2021,2021-TX-E02,21,1531.0,1545.6,14.55
8275,2021,2021-TX-E02,21,1500.0,1514.5,14.55
18751,2021,2021-TX-E02,22,1492.3,1477.2,-15.08
17682,2021,2021-TX-E02,22,1484.8,1469.7,-15.08
9428,2021,2021-TX-E02,22,1560.2,1575.3,15.08
1786,2021,2021-TX-E02,22,1456.8,1471.9,15.08
1786,2021,2021-TX-E02,23,1471.9,1458.2,-13.72
3124,2021,2021-TX-E02,23,1470.4,1456.6,-13.72
10465,2021,2021-TX-E02,23,1469.9,1483.6,13.72
23204,2021,2021-TX-E02,23,1572.0,1585.7,13.72
16252,2021,2021-TX-E02,24,1468.9,1485.9,17.01
12905,2021,2021-TX-E02,24,1484.0,1501.0,17.01
8275,2021,2021-TX-E02,24,1514.5,1497.5,-17.01
10747,2021,2021-TX-E02,24,1482.3,1465.3,-17.01
12905,2021,2021-TX-E02,25,1501.0,1517.6,16.61
3124,2021,2021-TX-E02,25,1456.6,1473.3,16.61
10465,2021,2021-TX-E02,25,1483.6,1467.0,-16.61
18374,2021,2021-TX-E02,25,1500.5,1483.9,-16.61
8275,2021,2021-TX-E02,26,1497.5,1483.0,-14.51
10465,2021,2021-TX-E02,26,1467.0,1452.5,-14.51
24841,2021,2021-TX-E02,26,1546.5,1561.0,14.51
21987,2021,2021-TX-E02,26,1482.9,1497.4,14.51
10465,2021,2021-TX-E02,27,1452.5,1438.5,-13.97
6034,2021,2021-TX-E02,27,1452.4,1438.5,-13.97
21987,2021,2021-TX-E02,27,1497.4,1511.4,13.97
16724,2021,2021-TX-E02,27,1496.2,1510.2,13.97
10747,2021,2021-TX-E02,28,1465.3,1482.7,17.45
9152,2021,2021-TX-E02,28,1468.8,1486.2,17.45
16252,2021,2021-TX-E02,28,1485.9,1468.5,-17.45
21987,2021,2021-TX-E02,28,1511.4,1494.0,-17.45
16252,2021,2021-TX-E02,29,1468.5,1484.2,15.74
6451,2021,2021-TX-E02,29,1502.7,1518.4,15.74
18751,2021,2021-TX-E02,29,1477.2,1461.5,-15.74
10747,2021,2021-TX-E02,29,1482.7,1467.0,-15.74
9428,2021,2021-TX-E02,30,1575.3,1592.1,16.81
3124,2021,2021-TX-E02,30,1473.3,1490.1,16.81
23204,2021,2021-TX-E02,30,1585.7,1568.9,-16.81
18588,2021,2021-TX-E02,30,1497.9,1481.1,-16.81
11806,2021,2021-TX-E03,1,1500.0,1516.0,16.0
21762,2021,2021-TX-E03,1,1500.0,1516.0,16.0
10302,2021,2021-TX-E03,1,1500.0,1484.0,-16.0
14699,2021,2021-TX-E03,1,1500.0,1484.0,-16.0
14699,2021,2021-TX-E03,1,1484.0,1501.1,17.1
10302,2021,2021-TX-E03,1,1484.0,1501.1,17.1
21762,2021,2021-TX-E03,1,1516.0,1498.9,-17.1
17533,2021,2021-TX-E03,1,1500.0,1482.9,-17.1
2714,2021,2021-TX-E03,1,1500.0,1484.0,-16.0
5892,2021,2021-TX-E03,1,1500.0,1484.0,-16.0
9351,2021,2021-TX-E03,1,1500.0,1516.0,16.0
16643,2021,2021-TX-E03,1,1500.0,1516.0,16.0
14699,2021,2021-TX-E03,1,1501.1,1516.3,15.21
10302,2021,2021-TX-E03,1,1501.1,1516.3,15.21
2714,2021,2021-TX-E03,1,1484.0,1468.8,-15.21
5892,2021,2021-TX-E03,1,1484.0,1468.8,-15.21
14699,2021,2021-TX-E03,2,1516.3,1532.3,15.99
21864,2021,2021-TX-E03,2,1500.0,1516.0,15.99
14836,2021,2021-TX-E03,2,1500.0,1484.0,-15.99
16643,2021,2021-TX-E03,2,1516.0,1500.0,-15.99
14699,2021,2021-TX-E03,2,1532.3,1546.8,14.47
10302,2021,2021-TX-E03,2,1516.3,1530.8,14.47
21762,2021,2021-TX-E03,2,1498.9,1484.4,-14.47
17533,2021,2021-TX-E03,2,1482.9,1468.4,-14.47
2714,2021,2021-TX-E03,2,1468.8,1486.6,17.8
5892,2021,2021-TX-E03,2,1468.8,1486.6,17.8
9351,2021,2021-TX-E03,2,1516.0,1498.2,-17.8
16643,2021,2021-TX-E03,2,1500.0,1482.2,-17.8
14699,2021,2021-TX-E03,2,1546.8,1560.4,13.61
10302,2021,2021-TX-E03,2,1530.8,1544.4,13.61
2714,2021,2021-TX-E03,2,1486.6,1473.0,-13.61
5892,2021,2021-TX-E03,2,1486.6,1473.0,-13.61
12601,2021,2021-TX-E03,3,1500.0,1516.7,16.73
17533,2021,2021-TX-E03,3,1468.4,1485.2,16.73
14691,2021,2021-TX-E03,3,1500.0,1483.3,-16.73
24927,2021,2021-TX-E03,3,1500.0,1483.3,-16.73
14699,2021,2021-TX-E03,3,1560.4,1573.3,12.93
10302,2021,2021-TX-E03,3,1544.4,1557.3,12.93
21762,2021,2021-TX-E03,3,1484.4,1471.5,-12.93
17533,2021,2021-TX-E03,3,1485.2,1472.2,-12.93
14699,2021,2021-TX-E03,3,1573.3,1585.2,11.84
10302,2021,2021-TX-E03,3,1557.3,1569.2,11.84
2714,2021,2021-TX-E03,3,1473.0,1461.1,-11.84
5892,2021,2021-TX-E03,3,1473.0,1461.1,-11.84
5892,2021,2021-TX-E03,4,1461.1,1478.3,17.15
2714,2021,2021-TX-E03,4,1461.1,1478.3,17.15
1222,2021,2021-TX-E03,4,1500.0,1482.9,-17.15
17533,2021,2021-TX-E03,4,1472.2,1455.1,-17.15
9351,2021,2021-TX-E03,5,1498.2,1513.6,15.39
12646,2021,2021-TX-E03,5,1500.0,1515.4,15.39
21762,2021,2021-TX-E03,5,1471.5,1456.1,-15.39
24300,2021,2021-TX-E03,5,1500.0,1484.6,-15.39
19635,2021,2021-TX-E03,6,1500.0,1483.6,-16.39
8543,2021,2021-TX-E03,6,1500.0,1483.6,-16.39
16367,2021,2021-TX-E03,6,1500.0,1516.4,16.39
1222,2021,2021-TX-E03,6,1482.9,1499.2,16.39
2714,2021,2021-TX-E03,7,1478.3,1492.5,14.19
14699,2021,2021-TX-E03,7,1585.2,1599.4,14.19
14749,2021,2021-TX-E03,7,1500.0,1485.8,-14.19
24300,2021,2021-TX-E03,7,1484.6,1470.4,-14.19
24300,2021,2021-TX-E03,8,1470.4,1454.5,-15.9
23891,2021,2021-TX-E03,8,1500.0,1484.1,-15.9
2714,2021,2021-TX-E03,8,1492.5,1508.4,15.9
16643,2021,2021-TX-E03,8,1482.2,1498.1,15.9
21003,2021,2021-TX-E03,9,1500.0,1515.6,15.62
16367,2021,2021-TX-E03,9,1516.4,1532.0,15.62
2639,2021,2021-TX-E03,9,1500.0,1484.4,-15.62
5545,2021,2021-TX-E03,9,1500.0,1484.4,-15.62
24300,2021,2021-TX-E03,10,1454.5,1472.3,17.78
5545,2021,2021-TX-E03,10,1484.4,1502.2,17.78
3318,2021,2021-TX-E03,10,1500.0,1482.2,-17.78
12601,2021,2021-TX-E03,10,1516.7,1498.9,-17.78
21003,2021,2021-TX-E03,11,1515.6,1531.2,15.59
24927,2021,2021-TX-E03,11,1483.3,1498.9,15.59
12601,2021,2021-TX-E03,11,1498.9,1483.4,-15.59
3318,2021,2021-TX-E03,11,1482.2,1466.6,-15.59
14691,2021,2021-TX-E03,12,1483.3,1468.7,-14.56
19635,2021,2021-TX-E03,12,1483.6,1469.0,-14.56
9351,2021,2021-TX-E03,12,1513.6,1528.1,14.56
11806,2021,2021-TX-E03,12,1516.0,1530.6,14.56
23891,2021,2021-TX-E03,13,1484.1,1469.5,-14.64
19635,2021,2021-TX-E03,13,1469.0,1454.4,-14.64
9351,2021,2021-TX-E03,13,1528.1,1542.8,14.64
2639,2021,2021-TX-E03,13,1484.4,1499.0,14.64
12601,2021,2021-TX-E03,14,1483.4,1499.9,16.52
5892,2021,2021-TX-E03,14,1478.3,1494.8,16.52
14836,2021,2021-TX-E03,14,1484.0,1467.5,-16.52
14315,2021,2021-TX-E03,14,1500.0,1483.5,-16.52
8543,2021,2021-TX-E03,15,1483.6,1468.7,-14.92
23891,2021,2021-TX-E03,15,1469.5,1454.5,-14.92
21003,2021,2021-TX-E03,15,1531.2,1546.1,14.92
14691,2021,2021-TX-E03,15,1468.7,1483.6,14.92
5545,2021,2021-TX-E03,16,1502.2,1487.5,-14.71
2714,2021,2021-TX-E03,16,1508.4,1493.7,-14.71
14699,2021,2021-TX-E03,16,1599.4,1614.1,14.71
14836,2021,2021-TX-E03,16,1467.5,1482.2,14.71
5545,2021,2021-TX-E03,17,1487.5,1471.3,-16.11
16643,2021,2021-TX-E03,17,1498.1,1482.0,-16.11
5892,2021,2021-TX-E03,17,1494.8,1510.9,16.11
14749,2021,2021-TX-E03,17,1485.8,1501.9,16.11
16367,2021,2021-TX-E03,18,1532.0,1515.0,-16.99
12646,2021,2021-TX-E03,18,1515.4,1498.4,-16.99
2714,2021,2021-TX-E03,18,1493.7,1510.6,16.99
5892,2021,2021-TX-E03,18,1510.9,1527.9,16.99
12601,2021,2021-TX-E03,19,1499.9,1514.8,14.94
2714,2021,2021-TX-E03,19,1510.6,1525.6,14.94
16643,2021,2021-TX-E03,19,1482.0,1467.1,-14.94
14836,2021,2021-TX-E03,19,1482.2,1467.3,-14.94
2714,2021,2021-TX-E03,20,1525.6,1541.0,15.38
16643,2021,2021-TX-E03,20,1467.1,1482.4,15.38
1222,2021,2021-TX-E03,20,1499.2,1483.9,-15.38
3318,2021,2021-TX-E03,20,1466.6,1451.2,-15.38
17533,2021,2021-TX-E03,21,1455.1,1473.2,18.11
14315,2021,2021-TX-E03,21,1483.5,1501.6,18.11
12601,2021,2021-TX-E03,21,1514.8,1496.7,-18.11
21864,2021,2021-TX-E03,21,1516.0,1497.9,-18.11
5545,2021,2021-TX-E03,22,1471.3,1456.7,-14.67
1222,2021,2021-TX-E03,22,1483.9,1469.2,-14.67
24300,2021,2021-TX-E03,22,1472.3,1487.0,14.67
2714,2021,2021-TX-E03,22,1541.0,1555.6,14.67
12601,2021,2021-TX-E03,23,1496.7,1479.3,-17.39
21003,2021,2021-TX-E03,23,1546.1,1528.7,-17.39
23891,2021,2021-TX-E03,23,1454.5,1471.9,17.39
5892,2021,2021-TX-E03,23,1527.9,1545.3,17.39
5892,2021,2021-TX-E03,24,1545.3,1529.6,-15.71
19635,2021,2021-TX-E03,24,1454.4,1438.7,-15.71
21003,2021,2021-TX-E03,24,1528.7,1544.5,15.71
14691,2021,2021-TX-E03,24,1483.6,1499.3,15.71
21003,2021,2021-TX-E03,25,1544.5,1559.5,15.04
21864,2021,2021-TX-E03,25,1497.9,1512.9,15.04
14749,2021,2021-TX-E03,25,1501.9,1486.9,-15.04
24927,2021,2021-TX-E03,25,1498.9,1483.8,-15.04
12601,2021,2021-TX-E03,26,1479.3,1463.2,-16.14
21864,2021,2021-TX-E03,26,1512.9,1496.8,-16.14
14691,2021,2021-TX-E03,26,1499.3,1515.5,16.14
24300,2021,2021-TX-E03,26,1487.0,1503.1,16.14
14691,2021,2021-TX-E03,27,1515.5,1529.4,13.88
5892,2021,2021-TX-E03,27,1529.6,1543.5,13.88
8543,2021,2021-TX-E03,27,1468.7,1454.8,-13.88
24927,2021,2021-TX-E03,27,1483.8,1469.9,-13.88
5545,2021,2021-TX-E03,28,1456.7,1443.1,-13.58
12601,2021,2021-TX-E03,28,1463.2,1449.6,-13.58
24927,2021,2021-TX-E03,28,1469.9,1483.5,13.58
2714,2021,2021-TX-E03,28,1555.6,1569.2,13.58
24927,2021,2021-TX-E03,29,1483.5,1468.3,-15.26
21864,2021,2021-TX-E03,29,1496.8,1481.5,-15.26
1222,2021,2021-TX-E03,29,1469.2,1484.5,15.26
5892,2021,2021-TX-E03,29,1543.5,1558.7,15.26
21003,2021,2021-TX-E03,30,1559.5,1541.8,-17.71
2639,2021,2021-TX-E03,30,1499.0,1481.3,-17.71
8543,2021,2021-TX-E03,30,1454.8,1472.5,17.71
14691,2021,2021-TX-E03,30,1529.4,1547.1,17.71
24927,2021,2021-TX-E03,31,1468.3,1483.4,15.1
12646,2021,2021-TX-E03,31,1498.4,1513.5,15.1
1222,2021,2021-TX-E03,31,1484.5,1469.4,-15.1
5545,2021,2021-TX-E03,31,1443.1,1428.0,-15.1
23891,2021,2021-TX-E03,32,1471.9,1453.6,-18.33
21003,2021,2021-TX-E03,32,1541.8,1523.5,-18.33
17533,2021,2021-TX-E03,32,1473.2,1491.5,18.33
19635,2021,2021-TX-E03,32,1438.7,1457.0,18.33
23891,2021,2021-TX-E03,33,1453.6,1439.0,-14.61
19635,2021,2021-TX-E03,33,1457.0,1442.4,-14.61
16367,2021,2021-TX-E03,33,1515.0,1529.6,14.61
21762,2021,2021-TX-E03,33,1456.1,1470.7,14.61
2760,2021,2021-TX-E04,1,1500.0,1484.0,-16.0
24767,2021,2021-TX-E04,1,1500.0,1484.0,-16.0
19651,2021,2021-TX-E04,1,1500.0,1516.0,16.0
2217,2021,2021-TX-E04,1,1500.0,1516.0,16.0
3275,2021,2021-TX-E04,1,1500.0,1516.4,16.37
22159,2021,2021-TX-E04,1,1500.0,1516.4,16.37
8957,2021,2021-TX-E04,1,1500.0,1483.6,-16.37
2217,2021,2021-TX-E04,1,1516.0,1499.6,-16.37
11339,2021,2021-TX-E04,1,1500.0,1515.1,15.11
19114,2021,2021-TX-E04,1,1500.0,1515.1,15.11
18751,2021,2021-TX-E04,1,1461.5,1446.4,-15.11
9504,2021,2021-TX-E04,1,1500.0,1484.9,-15.11
3275,2021,2021-TX-E04,1,1516.4,1500.3,-16.06
22159,2021,2021-TX-E04,1,1516.4,1500.3,-16.06
11339,2021,2021-TX-E04,1,1515.1,1531.2,16.06
19114,2021,2021-TX-E04,1,1515.1,1531.2,16.06
2217,2021,2021-TX-E04,2,1499.6,1482.9,-16.71
19651,2021,2021-TX-E04,2,1516.0,1499.3,-16.71
5399,2021,2021-TX-E04,2,1500.0,1516.7,16.71
9504,2021,2021-TX-E04,2,1484.9,1501.6,16.71
3275,2021,2021-TX-E04,2,1500.3,1515.5,15.22
22159,2021,2021-TX-E04,2,1500.3,1515.5,15.22
8957,2021,2021-TX-E04,2,1483.6,1468.4,-15.22
2217,2021,2021-TX-E04,2,1482.9,1467.7,-15.22
11339,2021,2021-TX-E04,2,1531.2,1544.6,13.39
19114,2021,2021-TX-E04,2,1531.2,1544.6,13.39
18751,2021,2021-TX-E04,2,1446.4,1433.0,-13.39
9504,2021,2021-TX-E04,2,1501.6,1488.2,-13.39
3275,2021,2021-TX-E04,2,1515.5,1532.9,17.33
22159,2021,2021-TX-E04,2,1515.5,1532.9,17.33
11339,2021,2021-TX-E04,2,1544.6,1527.2,-17.33
19114,2021,2021-TX-E04,2,1544.6,1527.2,-17.33
8319,2021,2021-TX-E04,3,1500.0,1516.0,16.0
11119,2021,2021-TX-E04,3,1500.0,1516.0,16.0
7611,2021,2021-TX-E04,3,1500.0,1484.0,-16.0
5491,2021,2021-TX-E04,3,1500.0,1484.0,-16.0
19350,2021,2021-TX-E04,4,1500.0,1483.6,-16.38
3335,2021,2021-TX-E04,4,1500.0,1483.6,-16.38
2217,2021,2021-TX-E04,4,1467.7,1484.1,16.38
8319,2021,2021-TX-E04,4,1516.0,1532.4,16.38
7611,2021,2021-TX-E04,5,1484.0,1469.5,-14.51
16688,2021,2021-TX-E04,5,1500.0,1485.5,-14.51
3275,2021,2021-TX-E04,5,1532.9,1547.4,14.51
11119,2021,2021-TX-E04,5,1516.0,1530.5,14.51
11339,2021,2021-TX-E04,6,1527.2,1543.3,16.11
2760,2021,2021-TX-E04,6,1484.0,1500.1,16.11
19651,2021,2021-TX-E04,6,1499.3,1483.2,-16.11
5399,2021,2021-TX-E04,6,1516.7,1500.6,-16.11
11119,2021,2021-TX-E04,7,1530.5,1514.8,-15.69
19350,2021,2021-TX-E04,7,1483.6,1467.9,-15.69
11339,2021,2021-TX-E04,7,1543.3,1559.0,15.69
2217,2021,2021-TX-E04,7,1484.1,1499.8,15.69
5491,2021,2021-TX-E04,8,1484.0,1468.6,-15.37
3275,2021,2021-TX-E04,8,1547.4,1532.0,-15.37
11339,2021,2021-TX-E04,8,1559.0,1574.4,15.37
2217,2021,2021-TX-E04,8,1499.8,1515.1,15.37
5491,2021,2021-TX-E04,9,1468.6,1453.5,-15.17
19114,2021,2021-TX-E04,9,1527.2,1512.1,-15.17
3275,2021,2021-TX-E04,9,1532.0,1547.2,15.17
19407,2021,2021-TX-E04,9,1500.0,1515.2,15.17
19407,2021,2021-TX-E04,10,1515.2,1498.8,-16.41
16688,2021,2021-TX-E04,10,1485.5,1469.1,-16.41
11119,2021,2021-TX-E04,10,1514.8,1531.2,16.41
19350,2021,2021-TX-E04,10,1467.9,1484.3,16.41
5491,2021,2021-TX-E04,11,1453.5,1440.9,-12.54
8957,2021,2021-TX-E04,11,1468.4,1455.9,-12.54
2760,2021,2021-TX-E04,11,1500.1,1512.7,12.54
11339,2021,2021-TX-E04,11,1574.4,1586.9,12.54
11339,2021,2021-TX-E04,12,1586.9,1568.3,-18.64
2760,2021,2021-TX-E04,12,1512.7,1494.0,-18.64
5399,2021,2021-TX-E04,12,1500.6,1519.2,18.64
19651,2021,2021-TX-E04,12,1483.2,1501.8,18.64
19407,2021,2021-TX-E04,13,1498.8,1485.7,-13.07
8957,2021,2021-TX-E04,13,1455.9,1442.8,-13.07
2217,2021,2021-TX-E04,13,1515.1,1528.2,13.07
11339,2021,2021-TX-E04,13,1568.3,1581.4,13.07
11339,2021,2021-TX-E04,14,1581.4,1594.9,13.56
2217,2021,2021-TX-E04,14,1528.2,1541.8,13.56
3335,2021,2021-TX-E04,14,1483.6,1470.1,-13.56
5399,2021,2021-TX-E04,14,1519.2,1505.7,-13.56
19114,2021,2021-TX-E04,15,1512.1,1527.0,14.92
9504,2021,2021-TX-E04,15,1488.2,1503.1,14.92
19350,2021,2021-TX-E04,15,1484.3,1469.4,-14.92
16688,2021,2021-TX-E04,15,1469.1,1454.2,-14.92
3275,2021,2021-TX-E04,16,1547.2,1562.6,15.47
2760,2021,2021-TX-E04,16,1494.0,1509.5,15.47
8319,2021,2021-TX-E04,16,1532.4,1516.9,-15.47
19407,2021,2021-TX-E04,16,1485.7,1470.2,-15.47
18751,2021,2021-TX-E04,17,1433.0,1451.5,18.46
11119,2021,2021-TX-E04,17,1531.2,1549.7,18.46
3275,2021,2021-TX-E04,17,1562.6,1544.2,-18.46
2760,2021,2021-TX-E04,17,1509.5,1491.0,-18.46
24767,2021,2021-TX-E04,18,1484.0,1470.4,-13.56
16688,2021,2021-TX-E04,18,1454.2,1440.6,-13.56
9504,2021,2021-TX-E04,18,1503.1,1516.7,13.56
2217,2021,2021-TX-E04,18,1541.8,1555.3,13.56
11119,2021,2021-TX-E04,19,1549.7,1530.7,-18.96
19651,2021,2021-TX-E04,19,1501.8,1482.9,-18.96
19407,2021,2021-TX-E04,19,1470.2,1489.2,18.96
18751,2021,2021-TX-E04,19,1451.5,1470.4,18.96
9504,2021,2021-TX-E04,20,1516.7,1531.1,14.41
2217,2021,2021-TX-E04,20,1555.3,1569.8,14.41
22159,2021,2021-TX-E04,20,1532.9,1518.4,-14.41
3335,2021,2021-TX-E04,20,1470.1,1455.6,-14.41
7611,2021,2021-TX-E04,21,1469.5,1454.4,-15.07
8319,2021,2021-TX-E04,21,1516.9,1501.8,-15.07
19114,2021,2021-TX-E04,21,1527.0,1542.0,15.07
14171,2021,2021-TX-E04,21,1500.0,1515.1,15.07
22159,2021,2021-TX-E04,22,1518.4,1503.2,-15.25
19407,2021,2021-TX-E04,22,1489.2,1473.9,-15.25
18751,2021,2021-TX-E04,22,1470.4,1485.7,15.25
2217,2021,2021-TX-E04,22,1569.8,1585.0,15.25
11339,2021,2021-TX-E04,23,1594.9,1609.5,14.58
16688,2021,2021-TX-E04,23,1440.6,1455.2,14.58
8957,2021,2021-TX-E04,23,1442.8,1428.2,-14.58
11119,2021,2021-TX-E04,23,1530.7,1516.2,-14.58
8319,2021,2021-TX-E04,24,1501.8,1487.6,-14.27
14171,2021,2021-TX-E04,24,1515.1,1500.8,-14.27
11339,2021,2021-TX-E04,24,1609.5,1623.8,14.27
19651,2021,2021-TX-E04,24,1482.9,1497.1,14.27
24767,2021,2021-TX-E04,25,1470.4,1453.1,-17.31
11119,2021,2021-TX-E04,25,1516.2,1498.9,-17.31
3335,2021,2021-TX-E04,25,1455.6,1473.0,17.31
19407,2021,2021-TX-E04,25,1473.9,1491.2,17.31
24767,2021,2021-TX-E04,26,1453.1,1439.0,-14.15
5399,2021,2021-TX-E04,26,1505.7,1491.5,-14.15
2217,2021,2021-TX-E04,26,1585.0,1599.2,14.15
7611,2021,2021-TX-E04,26,1454.4,1468.6,14.15
17893,2122,2122-BR-BRCMP,1,1500.0,1518.0,18.04
17728,2122,2122-BR-BRCMP,1,1500.0,1518.0,18.04
16062,2122,2122-BR-BRCMP,1,1589.2,1571.1,-18.04
16049,2122,2122-BR-BRCMP,1,1500.0,1482.0,-18.04
16054,2122,2122-BR-BRCMP,1,1500.0,1516.0,16.0
14391,2122,2122-BR-BRCMP,1,1500.0,1516.0,16.0
17730,2122,2122-BR-BRCMP,1,1500.0,1484.0,-16.0
21069,2122,2122-BR-BRCMP,1,1500.0,1484.0,-16.0
19194,2122,2122-BR-BRCMP,2,1500.0,1516.0,16.0
17801,2122,2122-BR-BRCMP,2,1500.0,1516.0,16.0
16058,2122,2122-BR-BRCMP,2,1500.0,1484.0,-16.0
16051,2122,2122-BR-BRCMP,2,1500.0,1484.0,-16.0
14391,2122,2122-BR-BRCMP,2,1516.0,1531.2,15.22
17728,2122,2122-BR-BRCMP,2,1518.0,1533.3,15.22
17801,2122,2122-BR-BRCMP,2,1516.0,1500.8,-15.22
17730,2122,2122-BR-BRCMP,2,1484.0,1468.8,-15.22
21084,2122,2122-BR-BRCMP,3,1500.0,1516.0,16.0
17731,2122,2122-BR-BRCMP,3,1500.0,1516.0,16.0
21222,2122,2122-BR-BRCMP,3,1500.0,1484.0,-16.0
18613,2122,2122-BR-BRCMP,3,1500.0,1484.0,-16.0
16055,2122,2122-BR-BRCMP,3,1500.0,1484.8,-15.22
16049,2122,2122-BR-BRCMP,3,1482.0,1466.7,-15.22
21084,2122,2122-BR-BRCMP,3,1516.0,1531.2,15.22
16786,2122,2122-BR-BRCMP,3,1500.0,1515.2,15.22
14391,2122,2122-BR-BRCMP,4,1531.2,1514.9,-16.35
21069,2122,2122-BR-BRCMP,4,1484.0,1467.6,-16.35
21077,2122,2122-BR-BRCMP,4,1500.0,1516.4,16.35
19192,2122,2122-BR-BRCMP,4,1500.0,1516.4,16.35
21081,2122,2122-BR-BRCMP,5,1500.0,1516.0,16.0
19188,2122,2122-BR-BRCMP,5,1500.0,1516.0,16.0
16056,2122,2122-BR-BRCMP,5,1500.0,1484.0,-16.0
17799,2122,2122-BR-BRCMP,5,1500.0,1484.0,-16.0
16043,2122,2122-BR-BRCMP,6,1500.0,1483.6,-16.35
17742,2122,2122-BR-BRCMP,6,1500.0,1483.6,-16.35
17739,2122,2122-BR-BRCMP,6,1500.0,1516.4,16.35
16055,2122,2122-BR-BRCMP,6,1484.8,1501.1,16.35
17729,2122,2122-BR-BRCMP,7,1500.0,1514.8,14.82
19193,2122,2122-BR-BRCMP,7,1500.0,1514.8,14.82
16050,2122,2122-BR-BRCMP,7,1500.0,1485.2,-14.82
19195,2122,2122-BR-BRCMP,7,1448.7,1433.9,-14.82
21036,2122,2122-BR-BRCMP,8,1500.0,1516.0,16.0
21223,2122,2122-BR-BRCMP,8,1500.0,1516.0,16.0
20858,2122,2122-BR-BRCMP,8,1500.0,1484.0,-16.0
19191,2122,2122-BR-BRCMP,8,1500.0,1484.0,-16.0
16786,2122,2122-BR-BRCMP,9,1515.2,1531.2,16.02
21085,2122,2122-BR-BRCMP,9,1500.0,1516.0,16.02
16054,2122,2122-BR-BRCMP,9,1516.0,1500.0,-16.02
16053,2122,2122-BR-BRCMP,9,1500.0,1484.0,-16.02
21178,2122,2122-BR-BRCMP,10,1500.0,1516.0,16.0
18066,2122,2122-BR-BRCMP,10,1500.0,1516.0,16.0
21078,2122,2122-BR-BRCMP,10,1500.0,1484.0,-16.0
21086,2122,2122-BR-BRCMP,10,1500.0,1484.0,-16.0
16041,2122,2122-BR-BRCMP,11,1500.0,1484.7,-15.28
17730,2122,2122-BR-BRCMP,11,1468.8,1453.5,-15.28
21083,2122,2122-BR-BRCMP,11,1500.0,1515.3,15.28
16052,2122,2122-BR-BRCMP,11,1500.0,1515.3,15.28
19195,2122,2122-BR-BRCMP,12,1433.9,1419.8,-14.13
21222,2122,2122-BR-BRCMP,12,1484.0,1469.9,-14.13
19188,2122,2122-BR-BRCMP,12,1516.0,1530.1,14.13
16043,2122,2122-BR-BRCMP,12,1483.6,1497.8,14.13
16050,2122,2122-BR-BRCMP,13,1485.2,1467.7,-17.51
21084,2122,2122-BR-BRCMP,13,1531.2,1513.7,-17.51
16056,2122,2122-BR-BRCMP,13,1484.0,1501.5,17.51
16049,2122,2122-BR-BRCMP,13,1466.7,1484.2,17.51
18613,2122,2122-BR-BRCMP,14,1484.0,1501.5,17.49
19191,2122,2122-BR-BRCMP,14,1484.0,1501.5,17.49
21077,2122,2122-BR-BRCMP,14,1516.4,1498.9,-17.49
17739,2122,2122-BR-BRCMP,14,1516.4,1498.9,-17.49
21081,2122,2122-BR-BRCMP,15,1516.0,1499.2,-16.76
21178,2122,2122-BR-BRCMP,15,1516.0,1499.2,-16.76
19193,2122,2122-BR-BRCMP,15,1514.8,1531.6,16.76
16053,2122,2122-BR-BRCMP,15,1484.0,1500.7,16.76
17742,2122,2122-BR-BRCMP,16,1483.6,1499.3,15.67
16786,2122,2122-BR-BRCMP,16,1531.2,1546.9,15.67
18066,2122,2122-BR-BRCMP,16,1516.0,1500.3,-15.67
16041,2122,2122-BR-BRCMP,16,1484.7,1469.0,-15.67
17729,2122,2122-BR-BRCMP,17,1514.8,1530.1,15.29
16058,2122,2122-BR-BRCMP,17,1484.0,1499.3,15.29
21078,2122,2122-BR-BRCMP,17,1484.0,1468.7,-15.29
17799,2122,2122-BR-BRCMP,17,1484.0,1468.7,-15.29
16054,2122,2122-BR-BRCMP,18,1500.0,1518.3,18.33
20858,2122,2122-BR-BRCMP,18,1484.0,1502.3,18.33
16062,2122,2122-BR-BRCMP,18,1571.1,1552.8,-18.33
14391,2122,2122-BR-BRCMP,18,1514.9,1496.5,-18.33
17731,2122,2122-BR-BRCMP,19,1516.0,1531.7,15.71
16052,2122,2122-BR-BRCMP,19,1515.3,1531.0,15.71
17893,2122,2122-BR-BRCMP,19,1518.0,1502.3,-15.71
17801,2122,2122-BR-BRCMP,19,1500.8,1485.1,-15.71
16055,2122,2122-BR-BRCMP,20,1501.1,1516.4,15.23
21036,2122,2122-BR-BRCMP,20,1516.0,1531.2,15.23
21069,2122,2122-BR-BRCMP,20,1467.6,1452.4,-15.23
21085,2122,2122-BR-BRCMP,20,1516.0,1500.8,-15.23
17730,2122,2122-BR-BRCMP,21,1453.5,1439.3,-14.17
19194,2122,2122-BR-BRCMP,21,1516.0,1501.8,-14.17
17728,2122,2122-BR-BRCMP,21,1533.3,1547.4,14.17
21223,2122,2122-BR-BRCMP,21,1516.0,1530.2,14.17
21083,2122,2122-BR-BRCMP,22,1515.3,1531.3,16.02
21086,2122,2122-BR-BRCMP,22,1484.0,1500.0,16.02
16051,2122,2122-BR-BRCMP,22,1484.0,1468.0,-16.02
19192,2122,2122-BR-BRCMP,22,1516.4,1500.3,-16.02
16062,2122,2122-BR-BRCMP,23,1552.8,1535.6,-17.18
21178,2122,2122-BR-BRCMP,23,1499.2,1482.1,-17.18
16058,2122,2122-BR-BRCMP,23,1499.3,1516.5,17.18
18613,2122,2122-BR-BRCMP,23,1501.5,1518.7,17.18
17729,2122,2122-BR-BRCMP,24,1530.1,1514.2,-15.91
17742,2122,2122-BR-BRCMP,24,1499.3,1483.4,-15.91
19191,2122,2122-BR-BRCMP,24,1501.5,1517.4,15.91
17731,2122,2122-BR-BRCMP,24,1531.7,1547.6,15.91
16041,2122,2122-BR-BRCMP,25,1469.0,1455.2,-13.89
21078,2122,2122-BR-BRCMP,25,1468.7,1454.8,-13.89
21084,2122,2122-BR-BRCMP,25,1513.7,1527.6,13.89
16055,2122,2122-BR-BRCMP,25,1516.4,1530.3,13.89
16043,2122,2122-BR-BRCMP,26,1497.8,1514.6,16.84
17799,2122,2122-BR-BRCMP,26,1468.7,1485.6,16.84
17893,2122,2122-BR-BRCMP,26,1502.3,1485.5,-16.84
21085,2122,2122-BR-BRCMP,26,1500.8,1483.9,-16.84
21222,2122,2122-BR-BRCMP,27,1469.9,1454.9,-15.01
16052,2122,2122-BR-BRCMP,27,1531.0,1516.0,-15.01
17728,2122,2122-BR-BRCMP,27,1547.4,1562.4,15.01
14391,2122,2122-BR-BRCMP,27,1496.5,1511.5,15.01
21069,2122,2122-BR-BRCMP,28,1452.4,1439.4,-13.07
19195,2122,2122-BR-BRCMP,28,1419.8,1406.7,-13.07
18066,2122,2122-BR-BRCMP,28,1500.3,1513.4,13.07
16053,2122,2122-BR-BRCMP,28,1500.7,1513.8,13.07
16056,2122,2122-BR-BRCMP,29,1501.5,1486.2,-15.27
19192,2122,2122-BR-BRCMP,29,1500.3,1485.1,-15.27
19193,2122,2122-BR-BRCMP,29,1531.6,1546.9,15.27
19194,2122,2122-BR-BRCMP,29,1501.8,1517.1,15.27
21083,2122,2122-BR-BRCMP,30,1531.3,1516.0,-15.28
17739,2122,2122-BR-BRCMP,30,1498.9,1483.6,-15.28
21036,2122,2122-BR-BRCMP,30,1531.2,1546.5,15.28
19188,2122,2122-BR-BRCMP,30,1530.1,1545.4,15.28
16049,2122,2122-BR-BRCMP,31,1484.2,1501.8,17.52
21077,2122,2122-BR-BRCMP,31,1498.9,1516.4,17.52
20858,2122,2122-BR-BRCMP,31,1502.3,1484.8,-17.52
16786,2122,2122-BR-BRCMP,31,1546.9,1529.4,-17.52
16051,2122,2122-BR-BRCMP,32,1468.0,1452.0,-15.93
16050,2122,2122-BR-BRCMP,32,1467.7,1451.7,-15.93
21081,2122,2122-BR-BRCMP,32,1499.2,1515.2,15.93
17730,2122,2122-BR-BRCMP,32,1439.3,1455.3,15.93
16054,2122,2122-BR-BRCMP,33,1518.3,1534.2,15.93
21086,2122,2122-BR-BRCMP,33,1500.0,1516.0,15.93
17801,2122,2122-BR-BRCMP,33,1485.1,1469.1,-15.93
21223,2122,2122-BR-BRCMP,33,1530.2,1514.2,-15.93
16053,2122,2122-BR-BRCMP,34,1513.8,1529.2,15.41
14391,2122,2122-BR-BRCMP,34,1511.5,1527.0,15.41
16058,2122,2122-BR-BRCMP,34,1516.5,1501.1,-15.41
17742,2122,2122-BR-BRCMP,34,1483.4,1468.0,-15.41
16055,2122,2122-BR-BRCMP,35,1530.3,1545.5,15.26
16062,2122,2122-BR-BRCMP,35,1535.6,1550.9,15.26
17731,2122,2122-BR-BRCMP,35,1547.6,1532.4,-15.26
16056,2122,2122-BR-BRCMP,35,1486.2,1471.0,-15.26
17728,2122,2122-BR-BRCMP,36,1562.4,1577.8,15.38
21084,2122,2122-BR-BRCMP,36,1527.6,1543.0,15.38
21077,2122,2122-BR-BRCMP,36,1516.4,1501.0,-15.38
21036,2122,2122-BR-BRCMP,36,1546.5,1531.1,-15.38
17730,2122,2122-BR-BRCMP,37,1455.3,1472.7,17.47
19192,2122,2122-BR-BRCMP,37,1485.1,1502.5,17.47
18613,2122,2122-BR-BRCMP,37,1518.7,1501.2,-17.47
17799,2122,2122-BR-BRCMP,37,1485.6,1468.1,-17.47
21222,2122,2122-BR-BRCMP,38,1454.9,1439.3,-15.61
16049,2122,2122-BR-BRCMP,38,1501.8,1486.2,-15.61
16054,2122,2122-BR-BRCMP,38,1534.2,1549.9,15.61
21069,2122,2122-BR-BRCMP,38,1439.4,1455.0,15.61
21086,2122,2122-BR-BRCMP,39,1516.0,1497.1,-18.82
16043,2122,2122-BR-BRCMP,39,1514.6,1495.8,-18.82
16050,2122,2122-BR-BRCMP,39,1451.7,1470.6,18.82
16041,2122,2122-BR-BRCMP,39,1455.2,1474.0,18.82
21223,2122,2122-BR-BRCMP,40,1514.2,1495.8,-18.44
21081,2122,2122-BR-BRCMP,40,1515.2,1496.7,-18.44
19195,2122,2122-BR-BRCMP,40,1406.7,1425.1,18.44
16052,2122,2122-BR-BRCMP,40,1516.0,1534.4,18.44
20858,2122,2122-BR-BRCMP,41,1484.8,1500.8,15.94
17739,2122,2122-BR-BRCMP,41,1483.6,1499.5,15.94
21085,2122,2122-BR-BRCMP,41,1483.9,1468.0,-15.94
21178,2122,2122-BR-BRCMP,41,1482.1,1466.1,-15.94
17801,2122,2122-BR-BRCMP,42,1469.1,1485.5,16.35
19191,2122,2122-BR-BRCMP,42,1517.4,1533.7,16.35
19193,2122,2122-BR-BRCMP,42,1546.9,1530.5,-16.35
21078,2122,2122-BR-BRCMP,42,1454.8,1438.5,-16.35
19188,2122,2122-BR-BRCMP,43,1545.4,1528.3,-17.14
17893,2122,2122-BR-BRCMP,43,1485.5,1468.3,-17.14
16786,2122,2122-BR-BRCMP,43,1529.4,1546.5,17.14
16051,2122,2122-BR-BRCMP,43,1452.0,1469.2,17.14
18066,2122,2122-BR-BRCMP,44,1513.4,1529.4,16.04
21083,2122,2122-BR-BRCMP,44,1516.0,1532.1,16.04
19194,2122,2122-BR-BRCMP,44,1517.1,1501.1,-16.04
17729,2122,2122-BR-BRCMP,44,1514.2,1498.2,-16.04
19195,2122,2122-BR-BRCMP,45,1425.1,1412.9,-12.27
17799,2122,2122-BR-BRCMP,45,1468.1,1455.8,-12.27
21036,2122,2122-BR-BRCMP,45,1531.1,1543.4,12.27
14391,2122,2122-BR-BRCMP,45,1527.0,1539.2,12.27
16050,2122,2122-BR-BRCMP,46,1470.6,1456.6,-13.94
16054,2122,2122-BR-BRCMP,46,1549.9,1535.9,-13.94
17728,2122,2122-BR-BRCMP,46,1577.8,1591.8,13.94
17731,2122,2122-BR-BRCMP,46,1532.4,1546.3,13.94
16062,2122,2122-BR-BRCMP,47,1550.9,1563.0,12.1
17739,2122,2122-BR-BRCMP,47,1499.5,1511.6,12.1
21222,2122,2122-BR-BRCMP,47,1439.3,1427.2,-12.1
21078,2122,2122-BR-BRCMP,47,1438.5,1426.4,-12.1
16041,2122,2122-BR-BRCMP,48,1474.0,1490.9,16.91
16049,2122,2122-BR-BRCMP,48,1486.2,1503.1,16.91
19191,2122,2122-BR-BRCMP,48,1533.7,1516.8,-16.91
21178,2122,2122-BR-BRCMP,48,1466.1,1449.2,-16.91
16052,2122,2122-BR-BRCMP,49,1534.4,1549.5,15.1
19194,2122,2122-BR-BRCMP,49,1501.1,1516.2,15.1
20858,2122,2122-BR-BRCMP,49,1500.8,1485.7,-15.1
16043,2122,2122-BR-BRCMP,49,1495.8,1480.7,-15.1
21223,2122,2122-BR-BRCMP,50,1495.8,1479.5,-16.27
16051,2122,2122-BR-BRCMP,50,1469.2,1452.9,-16.27
17729,2122,2122-BR-BRCMP,50,1498.2,1514.4,16.27
21069,2122,2122-BR-BRCMP,50,1455.0,1471.2,16.27
16055,2122,2122-BR-BRCMP,51,1545.5,1560.8,15.26
19193,2122,2122-BR-BRCMP,51,1530.5,1545.8,15.26
21086,2122,2122-BR-BRCMP,51,1497.1,1481.9,-15.26
16786,2122,2122-BR-BRCMP,51,1546.5,1531.3,-15.26
16056,2122,2122-BR-BRCMP,52,1471.0,1454.0,-16.97
16053,2122,2122-BR-BRCMP,52,1529.2,1512.3,-16.97
17801,2122,2122-BR-BRCMP,52,1485.5,1502.5,16.97
17730,2122,2122-BR-BRCMP,52,1472.7,1489.7,16.97
21083,2122,2122-BR-BRCMP,53,1532.1,1546.5,14.43
21077,2122,2122-BR-BRCMP,53,1501.0,1515.4,14.43
17742,2122,2122-BR-BRCMP,53,1468.0,1453.6,-14.43
21081,2122,2122-BR-BRCMP,53,1496.7,1482.3,-14.43
18613,2122,2122-BR-BRCMP,54,1501.2,1487.2,-13.97
21085,2122,2122-BR-BRCMP,54,1468.0,1454.0,-13.97
19188,2122,2122-BR-BRCMP,54,1528.3,1542.2,13.97
18066,2122,2122-BR-BRCMP,54,1529.4,1543.4,13.97
19192,2122,2122-BR-BRCMP,55,1502.5,1518.7,16.18
16058,2122,2122-BR-BRCMP,55,1501.1,1517.2,16.18
21084,2122,2122-BR-BRCMP,55,1543.0,1526.8,-16.18
17893,2122,2122-BR-BRCMP,55,1468.3,1452.2,-16.18
19193,2122,2122-BR-BRCMP,56,1545.8,1558.2,12.45
17731,2122,2122-BR-BRCMP,56,1546.3,1558.8,12.45
21223,2122,2122-BR-BRCMP,56,1479.5,1467.1,-12.45
17799,2122,2122-BR-BRCMP,56,1455.8,1443.4,-12.45
16043,2122,2122-BR-BRCMP,57,1480.7,1464.4,-16.33
16056,2122,2122-BR-BRCMP,57,1454.0,1437.7,-16.33
21178,2122,2122-BR-BRCMP,57,1449.2,1465.5,16.33
21069,2122,2122-BR-BRCMP,57,1471.2,1487.6,16.33
17728,2122,2122-BR-BRCMP,58,1591.8,1605.4,13.68
16053,2122,2122-BR-BRCMP,58,1512.3,1525.9,13.68
16041,2122,2122-BR-BRCMP,58,1490.9,1477.2,-13.68
17739,2122,2122-BR-BRCMP,58,1511.6,1498.0,-13.68
17801,2122,2122-BR-BRCMP,59,1502.5,1489.8,-12.63
19195,2122,2122-BR-BRCMP,59,1412.9,1400.2,-12.63
16049,2122,2122-BR-BRCMP,59,1503.1,1515.7,12.63
16055,2122,2122-BR-BRCMP,59,1560.8,1573.4,12.63
17893,2122,2122-BR-BRCMP,60,1452.2,1437.7,-14.5
20858,2122,2122-BR-BRCMP,60,1485.7,1471.2,-14.5
16050,2122,2122-BR-BRCMP,60,1456.6,1471.1,14.5
21083,2122,2122-BR-BRCMP,60,1546.5,1561.0,14.5
16058,2122,2122-BR-BRCMP,61,1517.2,1530.4,13.16
19191,2122,2122-BR-BRCMP,61,1516.8,1530.0,13.16
21081,2122,2122-BR-BRCMP,61,1482.3,1469.1,-13.16
21222,2122,2122-BR-BRCMP,61,1427.2,1414.0,-13.16
21085,2122,2122-BR-BRCMP,62,1454.0,1440.9,-13.16
21078,2122,2122-BR-BRCMP,62,1426.4,1413.2,-13.16
17730,2122,2122-BR-BRCMP,62,1489.7,1502.9,13.16
21077,2122,2122-BR-BRCMP,62,1515.4,1528.6,13.16
19192,2122,2122-BR-BRCMP,63,1518.7,1501.0,-17.67
21036,2122,2122-BR-BRCMP,63,1543.4,1525.7,-17.67
17742,2122,2122-BR-BRCMP,63,1453.6,1471.2,17.67
16054,2122,2122-BR-BRCMP,63,1535.9,1553.6,17.67
16786,2122,2122-BR-BRCMP,64,1531.3,1532.3,1.05
18613,2122,2122-BR-BRCMP,64,1487.2,1488.3,1.05
17729,2122,2122-BR-BRCMP,64,1514.4,1513.4,-1.05
16052,2122,2122-BR-BRCMP,64,1549.5,1548.5,-1.05
14391,2122,2122-BR-BRCMP,65,1539.2,1556.1,16.86
21086,2122,2122-BR-BRCMP,65,1481.9,1498.7,16.86
19188,2122,2122-BR-BRCMP,65,1542.2,1525.4,-16.86
19194,2122,2122-BR-BRCMP,65,1516.2,1499.3,-16.86
16051,2122,2122-BR-BRCMP,66,1452.9,1471.8,18.89
21084,2122,2122-BR-BRCMP,66,1526.8,1545.7,18.89
18066,2122,2122-BR-BRCMP,66,1543.4,1524.5,-18.89
16062,2122,2122-BR-BRCMP,66,1563.0,1544.1,-18.89
16062,2122,2122-BR-BRSPS,1,1544.1,1557.5,13.36
16055,2122,2122-BR-BRSPS,1,1573.4,1586.8,13.36
18066,2122,2122-BR-BRSPS,1,1524.5,1511.2,-13.36
16041,2122,2122-BR-BRSPS,1,1477.2,1463.9,-13.36
17731,2122,2122-BR-BRSPS,1,1558.8,1573.8,15.0
16054,2122,2122-BR-BRSPS,1,1553.6,1568.6,15.0
18066,2122,2122-BR-BRSPS,1,1511.2,1496.2,-15.0
16062,2122,2122-BR-BRSPS,1,1557.5,1542.5,-15.0
16054,2122,2122-BR-BRSPS,2,1568.6,1582.2,13.63
19188,2122,2122-BR-BRSPS,2,1525.4,1539.0,13.63
16053,2122,2122-BR-BRSPS,2,1525.9,1512.3,-13.63
16043,2122,2122-BR-BRSPS,2,1464.4,1450.7,-13.63
16054,2122,2122-BR-BRSPS,2,1582.2,1595.5,13.32
17731,2122,2122-BR-BRSPS,2,1573.8,1587.1,13.32
18066,2122,2122-BR-BRSPS,2,1496.2,1482.8,-13.32
16062,2122,2122-BR-BRSPS,2,1542.5,1529.2,-13.32
16058,2122,2122-BR-BRSPS,3,1530.4,1518.3,-12.11
17801,2122,2122-BR-BRSPS,3,1489.8,1477.7,-12.11
17731,2122,2122-BR-BRSPS,3,1587.1,1599.2,12.11
17728,2122,2122-BR-BRSPS,3,1605.4,1617.6,12.11
16055,2122,2122-BR-BRSPS,4,1586.8,1599.6,12.8
16054,2122,2122-BR-BRSPS,4,1595.5,1608.3,12.8
16053,2122,2122-BR-BRSPS,4,1512.3,1499.5,-12.8
16062,2122,2122-BR-BRSPS,4,1529.2,1516.4,-12.8
17731,2122,2122-BR-BRSPS,5,1599.2,1613.9,14.74
17801,2122,2122-BR-BRSPS,5,1477.7,1492.4,14.74
19188,2122,2122-BR-BRSPS,5,1539.0,1524.3,-14.74
18066,2122,2122-BR-BRSPS,5,1482.8,1468.1,-14.74
17728,2122,2122-BR-BRSPS,6,1617.6,1628.6,11.07
16058,2122,2122-BR-BRSPS,6,1518.3,1529.4,11.07
16041,2122,2122-BR-BRSPS,6,1463.9,1452.8,-11.07
16043,2122,2122-BR-BRSPS,6,1450.7,1439.7,-11.07
17801,2122,2122-BR-BRSPS,7,1492.4,1508.8,16.35
16062,2122,2122-BR-BRSPS,7,1516.4,1532.7,16.35
16053,2122,2122-BR-BRSPS,7,1499.5,1483.2,-16.35
19188,2122,2122-BR-BRSPS,7,1524.3,1507.9,-16.35
18066,2122,2122-BR-BRSPS,8,1468.1,1485.1,16.94
17728,2122,2122-BR-BRSPS,8,1628.6,1645.6,16.94
16058,2122,2122-BR-BRSPS,8,1529.4,1512.4,-16.94
16054,2122,2122-BR-BRSPS,8,1608.3,1591.4,-16.94
16041,2122,2122-BR-BRSPS,9,1452.8,1468.1,15.37
17731,2122,2122-BR-BRSPS,9,1613.9,1629.3,15.37
16043,2122,2122-BR-BRSPS,9,1439.7,1424.3,-15.37
16055,2122,2122-BR-BRSPS,9,1599.6,1584.2,-15.37
16062,2122,2122-BR-BRSPS,10,1532.7,1550.0,17.27
16058,2122,2122-BR-BRSPS,10,1512.4,1529.7,17.27
16054,2122,2122-BR-BRSPS,10,1591.4,1574.1,-17.27
17801,2122,2122-BR-BRSPS,10,1508.8,1491.5,-17.27
19188,2122,2122-BR-BRSPS,11,1507.9,1498.4,-9.54
16043,2122,2122-BR-BRSPS,11,1424.3,1414.8,-9.54
16055,2122,2122-BR-BRSPS,11,1584.2,1593.7,9.54
17728,2122,2122-BR-BRSPS,11,1645.6,1655.1,9.54
16041,2122,2122-BR-BRSPS,12,1468.1,1455.8,-12.31
16053,2122,2122-BR-BRSPS,12,1483.2,1470.8,-12.31
18066,2122,2122-BR-BRSPS,12,1485.1,1497.4,12.31
17731,2122,2122-BR-BRSPS,12,1629.3,1641.6,12.31
16043,2122,2122-BR-BRSPS,13,1414.8,1433.0,18.21
16054,2122,2122-BR-BRSPS,13,1574.1,1592.3,18.21
17801,2122,2122-BR-BRSPS,13,1491.5,1473.3,-18.21
16055,2122,2122-BR-BRSPS,13,1593.7,1575.5,-18.21
16058,2122,2122-BR-BRSPS,14,1529.7,1544.0,14.33
18066,2122,2122-BR-BRSPS,14,1497.4,1511.7,14.33
19188,2122,2122-BR-BRSPS,14,1498.4,1484.1,-14.33
16041,2122,2122-BR-BRSPS,14,1455.8,1441.5,-14.33
16053,2122,2122-BR-BRSPS,15,1470.8,1457.0,-13.88
17731,2122,2122-BR-BRSPS,15,1641.6,1627.7,-13.88
17728,2122,2122-BR-BRSPS,15,1655.1,1669.0,13.88
16062,2122,2122-BR-BRSPS,15,1550.0,1563.8,13.88
19188,2122,2122-BR-BRSPS,16,1484.1,1501.8,17.75
17801,2122,2122-BR-BRSPS,16,1473.3,1491.1,17.75
16054,2122,2122-BR-BRSPS,16,1592.3,1574.6,-17.75
16041,2122,2122-BR-BRSPS,16,1441.5,1423.8,-17.75
17728,2122,2122-BR-BRSPS,17,1669.0,1652.4,-16.61
16043,2122,2122-BR-BRSPS,17,1433.0,1416.4,-16.61
18066,2122,2122-BR-BRSPS,17,1511.7,1528.3,16.61
16062,2122,2122-BR-BRSPS,17,1563.8,1580.5,16.61
16053,2122,2122-BR-BRSPS,18,1457.0,1444.1,-12.84
16055,2122,2122-BR-BRSPS,18,1575.5,1562.7,-12.84
16058,2122,2122-BR-BRSPS,18,1544.0,1556.8,12.84
17731,2122,2122-BR-BRSPS,18,1627.7,1640.6,12.84
20616,2122,2122-TX-E01,1,1500.0,1484.0,-16.0
21145,2122,2122-TX-E01,1,1500.0,1484.0,-16.0
13185,2122,2122-TX-E01,1,1500.0,1516.0,16.0
5870,2122,2122-TX-E01,1,1500.0,1516.0,16.0
6376,2122,2122-TX-E01,1,1500.0,1484.0,-16.0
17306,2122,2122-TX-E01,1,1500.0,1484.0,-16.0
21145,2122,2122-TX-E01,1,1484.0,1500.0,16.0
5870,2122,2122-TX-E01,1,1516.0,1532.0,16.0
10282,2122,2122-TX-E01,1,1500.0,1483.6,-16.37
13185,2122,2122-TX-E01,1,1516.0,1499.6,-16.37
11296,2122,2122-TX-E01,1,1500.0,1516.4,16.37
1705,2122,2122-TX-E01,1,1500.0,1516.4,16.37
6376,2122,2122-TX-E01,1,1484.0,1468.4,-15.65
17306,2122,2122-TX-E01,1,1484.0,1468.4,-15.65
10282,2122,2122-TX-E01,1,1483.6,1499.3,15.65
13185,2122,2122-TX-E01,1,1499.6,1515.3,15.65
1705,2122,2122-TX-E01,2,1516.4,1531.3,14.9
21145,2122,2122-TX-E01,2,1500.0,1514.9,14.9
5040,2122,2122-TX-E01,2,1500.0,1485.1,-14.9
6376,2122,2122-TX-E01,2,1468.4,1453.5,-14.9
6376,2122,2122-TX-E01,2,1453.5,1440.3,-13.15
17306,2122,2122-TX-E01,2,1468.4,1455.2,-13.15
21145,2122,2122-TX-E01,2,1514.9,1528.0,13.15
5870,2122,2122-TX-E01,2,1532.0,1545.2,13.15
10282,2122,2122-TX-E01,2,1499.3,1484.0,-15.24
13185,2122,2122-TX-E01,2,1515.3,1500.0,-15.24
11296,2122,2122-TX-E01,2,1516.4,1531.6,15.24
1705,2122,2122-TX-E01,2,1531.3,1546.5,15.24
6376,2122,2122-TX-E01,2,1440.3,1426.3,-13.97
17306,2122,2122-TX-E01,2,1455.2,1441.2,-13.97
10282,2122,2122-TX-E01,2,1484.0,1498.0,13.97
13185,2122,2122-TX-E01,2,1500.0,1514.0,13.97
13185,2122,2122-TX-E01,3,1514.0,1498.7,-15.3
8088,2122,2122-TX-E01,3,1500.0,1484.7,-15.3
1705,2122,2122-TX-E01,3,1546.5,1561.8,15.3
10282,2122,2122-TX-E01,3,1498.0,1513.3,15.3
6376,2122,2122-TX-E01,3,1426.3,1446.9,20.6
17306,2122,2122-TX-E01,3,1441.2,1461.8,20.6
21145,2122,2122-TX-E01,3,1528.0,1507.4,-20.6
5870,2122,2122-TX-E01,3,1545.2,1524.5,-20.6
6376,2122,2122-TX-E01,3,1446.9,1433.3,-13.64
17306,2122,2122-TX-E01,3,1461.8,1448.2,-13.64
10282,2122,2122-TX-E01,3,1513.3,1527.0,13.64
13185,2122,2122-TX-E01,3,1498.7,1512.4,13.64
17306,2122,2122-TX-E01,4,1448.2,1465.6,17.45
5040,2122,2122-TX-E01,4,1485.1,1502.6,17.45
13185,2122,2122-TX-E01,4,1512.4,1494.9,-17.45
20616,2122,2122-TX-E01,4,1484.0,1466.6,-17.45
8088,2122,2122-TX-E01,5,1484.7,1502.8,18.11
6376,2122,2122-TX-E01,5,1433.3,1451.4,18.11
21145,2122,2122-TX-E01,5,1507.4,1489.3,-18.11
5040,2122,2122-TX-E01,5,1502.6,1484.4,-18.11
17306,2122,2122-TX-E01,6,1465.6,1480.8,15.16
1705,2122,2122-TX-E01,6,1561.8,1577.0,15.16
20616,2122,2122-TX-E01,6,1466.6,1451.4,-15.16
5870,2122,2122-TX-E01,6,1524.5,1509.4,-15.16
5040,2122,2122-TX-E01,7,1484.4,1469.2,-15.24
13185,2122,2122-TX-E01,7,1494.9,1479.7,-15.24
5870,2122,2122-TX-E01,7,1509.4,1524.6,15.24
8088,2122,2122-TX-E01,7,1502.8,1518.1,15.24
1705,2122,2122-TX-E01,8,1577.0,1590.1,13.11
4732,2122,2122-TX-E01,8,1500.0,1513.1,13.11
5040,2122,2122-TX-E01,8,1469.2,1456.1,-13.11
17306,2122,2122-TX-E01,8,1480.8,1467.7,-13.11
5040,2122,2122-TX-E01,9,1456.1,1441.0,-15.07
13185,2122,2122-TX-E01,9,1479.7,1464.6,-15.07
6376,2122,2122-TX-E01,9,1451.4,1466.5,15.07
5870,2122,2122-TX-E01,9,1524.6,1539.7,15.07
21145,2122,2122-TX-E01,10,1489.3,1503.4,14.09
4732,2122,2122-TX-E01,10,1513.1,1527.2,14.09
20616,2122,2122-TX-E01,10,1451.4,1437.3,-14.09
17306,2122,2122-TX-E01,10,1467.7,1453.6,-14.09
5870,2122,2122-TX-E01,11,1539.7,1551.8,12.07
1705,2122,2122-TX-E01,11,1590.1,1602.1,12.07
8088,2122,2122-TX-E01,11,1518.1,1506.0,-12.07
20616,2122,2122-TX-E01,11,1437.3,1425.2,-12.07
5870,2122,2122-TX-E01,12,1551.8,1567.1,15.33
11296,2122,2122-TX-E01,12,1531.6,1546.9,15.33
10282,2122,2122-TX-E01,12,1527.0,1511.6,-15.33
4732,2122,2122-TX-E01,12,1527.2,1511.9,-15.33
1705,2122,2122-TX-E01,13,1602.1,1583.5,-18.61
5040,2122,2122-TX-E01,13,1441.0,1422.4,-18.61
21145,2122,2122-TX-E01,13,1503.4,1522.0,18.61
20616,2122,2122-TX-E01,13,1425.2,1443.8,18.61
4732,2122,2122-TX-E01,14,1511.9,1495.0,-16.88
11296,2122,2122-TX-E01,14,1546.9,1530.1,-16.88
5870,2122,2122-TX-E01,14,1567.1,1584.0,16.88
17306,2122,2122-TX-E01,14,1453.6,1470.5,16.88
11296,2122,2122-TX-E01,15,1530.1,1544.3,14.27
4732,2122,2122-TX-E01,15,1495.0,1509.3,14.27
8088,2122,2122-TX-E01,15,1506.0,1491.7,-14.27
20616,2122,2122-TX-E01,15,1443.8,1429.6,-14.27
11682,2122,2122-TX-E02,1,1500.0,1516.0,16.0
9755,2122,2122-TX-E02,1,1500.0,1516.0,16.0
21469,2122,2122-TX-E02,1,1500.0,1484.0,-16.0
17659,2122,2122-TX-E02,1,1500.0,1484.0,-16.0
4304,2122,2122-TX-E02,1,1552.9,1535.3,-17.58
11682,2122,2122-TX-E02,1,1516.0,1498.4,-17.58
19102,2122,2122-TX-E02,1,1500.0,1517.6,17.58
4331,2122,2122-TX-E02,1,1500.0,1517.6,17.58
23645,2122,2122-TX-E02,1,1500.0,1514.9,14.94
22097,2122,2122-TX-E02,1,1546.2,1561.1,14.94
11227,2122,2122-TX-E02,1,1500.0,1485.1,-14.94
15902,2122,2122-TX-E02,1,1500.0,1485.1,-14.94
4304,2122,2122-TX-E02,1,1535.3,1552.3,16.97
11682,2122,2122-TX-E02,1,1498.4,1515.4,16.97
23645,2122,2122-TX-E02,1,1514.9,1498.0,-16.97
22097,2122,2122-TX-E02,1,1561.1,1544.2,-16.97
6906,2122,2122-TX-E02,2,1500.0,1484.8,-15.17
9755,2122,2122-TX-E02,2,1516.0,1500.8,-15.17
3623,2122,2122-TX-E02,2,1500.0,1515.2,15.17
4304,2122,2122-TX-E02,2,1552.3,1567.4,15.17
4304,2122,2122-TX-E02,2,1567.4,1582.4,14.9
11682,2122,2122-TX-E02,2,1515.4,1530.3,14.9
19102,2122,2122-TX-E02,2,1517.6,1502.7,-14.9
4331,2122,2122-TX-E02,2,1517.6,1502.7,-14.9
23645,2122,2122-TX-E02,2,1498.0,1512.3,14.35
22097,2122,2122-TX-E02,2,1544.2,1558.5,14.35
11227,2122,2122-TX-E02,2,1485.1,1470.7,-14.35
15902,2122,2122-TX-E02,2,1485.1,1470.7,-14.35
4304,2122,2122-TX-E02,2,1582.4,1565.4,-16.96
11682,2122,2122-TX-E02,2,1530.3,1513.3,-16.96
23645,2122,2122-TX-E02,2,1512.3,1529.3,16.96
22097,2122,2122-TX-E02,2,1558.5,1575.5,16.96
21469,2122,2122-TX-E02,3,1484.0,1499.5,15.54
4304,2122,2122-TX-E02,3,1565.4,1580.9,15.54
3572,2122,2122-TX-E02,3,1500.0,1484.5,-15.54
23645,2122,2122-TX-E02,3,1529.3,1513.7,-15.54
4304,2122,2122-TX-E02,3,1580.9,1594.9,13.96
11682,2122,2122-TX-E02,3,1513.3,1527.3,13.96
19102,2122,2122-TX-E02,3,1502.7,1488.7,-13.96
4331,2122,2122-TX-E02,3,1502.7,1488.7,-13.96
4304,2122,2122-TX-E02,3,1594.9,1578.1,-16.76
11682,2122,2122-TX-E02,3,1527.3,1510.5,-16.76
23645,2122,2122-TX-E02,3,1513.7,1530.5,16.76
22097,2122,2122-TX-E02,3,1575.5,1592.2,16.76
3623,2122,2122-TX-E02,4,1515.2,1498.8,-16.35
19104,2122,2122-TX-E02,4,1500.0,1483.7,-16.35
6282,2122,2122-TX-E02,4,1500.0,1516.3,16.35
9756,2122,2122-TX-E02,4,1500.0,1516.3,16.35
15393,2122,2122-TX-E02,5,1500.0,1485.4,-14.6
9755,2122,2122-TX-E02,5,1500.8,1486.2,-14.6
4304,2122,2122-TX-E02,5,1578.1,1592.7,14.6
19104,2122,2122-TX-E02,5,1483.7,1498.3,14.6
22097,2122,2122-TX-E02,6,1592.2,1606.1,13.88
19771,2122,2122-TX-E02,6,1500.0,1513.9,13.88
12579,2122,2122-TX-E02,6,1500.0,1486.1,-13.88
21469,2122,2122-TX-E02,6,1499.5,1485.7,-13.88
17659,2122,2122-TX-E02,7,1484.0,1467.7,-16.27
6282,2122,2122-TX-E02,7,1516.3,1500.1,-16.27
24242,2122,2122-TX-E02,7,1500.0,1516.3,16.27
4331,2122,2122-TX-E02,7,1488.7,1505.0,16.27
17659,2122,2122-TX-E02,8,1467.7,1454.8,-12.92
5416,2122,2122-TX-E02,8,1500.0,1487.1,-12.92
4304,2122,2122-TX-E02,8,1592.7,1605.7,12.92
11682,2122,2122-TX-E02,8,1510.5,1523.5,12.92
6906,2122,2122-TX-E02,9,1484.8,1470.9,-13.91
11227,2122,2122-TX-E02,9,1470.7,1456.8,-13.91
9756,2122,2122-TX-E02,9,1516.3,1530.3,13.91
23645,2122,2122-TX-E02,9,1530.5,1544.4,13.91
15902,2122,2122-TX-E02,10,1470.7,1486.2,15.52
4331,2122,2122-TX-E02,10,1505.0,1520.5,15.52
22347,2122,2122-TX-E02,10,1500.0,1484.5,-15.52
17659,2122,2122-TX-E02,10,1454.8,1439.3,-15.52
19102,2122,2122-TX-E02,11,1488.7,1469.3,-19.43
4304,2122,2122-TX-E02,11,1605.7,1586.2,-19.43
9755,2122,2122-TX-E02,11,1486.2,1505.7,19.43
11227,2122,2122-TX-E02,11,1456.8,1476.2,19.43
19771,2122,2122-TX-E02,12,1513.9,1498.0,-15.87
5416,2122,2122-TX-E02,12,1487.1,1471.2,-15.87
11227,2122,2122-TX-E02,12,1476.2,1492.1,15.87
9756,2122,2122-TX-E02,12,1530.3,1546.1,15.87
22347,2122,2122-TX-E02,13,1484.5,1500.1,15.67
6282,2122,2122-TX-E02,13,1500.1,1515.7,15.67
3572,2122,2122-TX-E02,13,1484.5,1468.8,-15.67
21469,2122,2122-TX-E02,13,1485.7,1470.0,-15.67
21469,2122,2122-TX-E02,14,1470.0,1454.3,-15.65
19104,2122,2122-TX-E02,14,1498.3,1482.6,-15.65
15393,2122,2122-TX-E02,14,1485.4,1501.1,15.65
19771,2122,2122-TX-E02,14,1498.0,1513.7,15.65
6906,2122,2122-TX-E02,15,1470.9,1488.4,17.5
19102,2122,2122-TX-E02,15,1469.3,1486.8,17.5
7590,2122,2122-TX-E02,15,1500.0,1482.5,-17.5
9755,2122,2122-TX-E02,15,1505.7,1488.2,-17.5
3623,2122,2122-TX-E02,16,1498.8,1513.5,14.71
4304,2122,2122-TX-E02,16,1586.2,1600.9,14.71
9756,2122,2122-TX-E02,16,1546.1,1531.4,-14.71
19104,2122,2122-TX-E02,16,1482.6,1467.9,-14.71
11227,2122,2122-TX-E02,17,1492.1,1478.3,-13.77
7590,2122,2122-TX-E02,17,1482.5,1468.7,-13.77
4304,2122,2122-TX-E02,17,1600.9,1614.7,13.77
5416,2122,2122-TX-E02,17,1471.2,1485.0,13.77
24242,2122,2122-TX-E02,18,1516.3,1530.8,14.49
4331,2122,2122-TX-E02,18,1520.5,1535.0,14.49
5416,2122,2122-TX-E02,18,1485.0,1470.5,-14.49
12579,2122,2122-TX-E02,18,1486.1,1471.6,-14.49
4331,2122,2122-TX-E02,19,1535.0,1521.3,-13.71
19104,2122,2122-TX-E02,19,1467.9,1454.2,-13.71
6906,2122,2122-TX-E02,19,1488.4,1502.1,13.71
4304,2122,2122-TX-E02,19,1614.7,1628.4,13.71
22097,2122,2122-TX-E02,20,1606.1,1619.4,13.26
21469,2122,2122-TX-E02,20,1454.3,1467.6,13.26
19104,2122,2122-TX-E02,20,1454.2,1440.9,-13.26
15902,2122,2122-TX-E02,20,1486.2,1473.0,-13.26
17659,2122,2122-TX-E02,21,1439.3,1459.4,20.06
3623,2122,2122-TX-E02,21,1513.5,1533.6,20.06
19771,2122,2122-TX-E02,21,1513.7,1493.6,-20.06
22097,2122,2122-TX-E02,21,1619.4,1599.3,-20.06
19104,2122,2122-TX-E02,22,1440.9,1425.9,-15.0
6282,2122,2122-TX-E02,22,1515.7,1500.8,-15.0
3572,2122,2122-TX-E02,22,1468.8,1483.8,15.0
9756,2122,2122-TX-E02,22,1531.4,1546.4,15.0
15902,2122,2122-TX-E02,23,1473.0,1459.8,-13.13
7590,2122,2122-TX-E02,23,1468.7,1455.6,-13.13
4331,2122,2122-TX-E02,23,1521.3,1534.4,13.13
9756,2122,2122-TX-E02,23,1546.4,1559.6,13.13
4304,2122,2122-TX-E02,24,1628.4,1639.9,11.48
3623,2122,2122-TX-E02,24,1533.6,1545.1,11.48
22347,2122,2122-TX-E02,24,1500.1,1488.7,-11.48
15902,2122,2122-TX-E02,24,1459.8,1448.4,-11.48
17659,2122,2122-TX-E02,25,1459.4,1474.6,15.26
15393,2122,2122-TX-E02,25,1501.1,1516.3,15.26
19104,2122,2122-TX-E02,25,1425.9,1410.7,-15.26
6906,2122,2122-TX-E02,25,1502.1,1486.9,-15.26
6282,2122,2122-TX-E02,26,1500.8,1485.8,-14.96
19102,2122,2122-TX-E02,26,1486.8,1471.8,-14.96
23645,2122,2122-TX-E02,26,1544.4,1559.4,14.96
9755,2122,2122-TX-E02,26,1488.2,1503.1,14.96
19102,2122,2122-TX-E02,27,1471.8,1461.9,-9.96
19104,2122,2122-TX-E02,27,1410.7,1400.7,-9.96
22097,2122,2122-TX-E02,27,1599.3,1609.3,9.96
23645,2122,2122-TX-E02,27,1559.4,1569.3,9.96
4304,2122,2122-TX-E02,28,1639.9,1652.5,12.66
3623,2122,2122-TX-E02,28,1545.1,1557.7,12.66
9755,2122,2122-TX-E02,28,1503.1,1490.5,-12.66
4331,2122,2122-TX-E02,28,1534.4,1521.8,-12.66
19771,2122,2122-TX-E02,29,1493.6,1476.8,-16.78
5416,2122,2122-TX-E02,29,1470.5,1453.7,-16.78
7590,2122,2122-TX-E02,29,1455.6,1472.4,16.78
17659,2122,2122-TX-E02,29,1474.6,1491.4,16.78
24242,2122,2122-TX-E02,30,1530.8,1514.5,-16.25
6282,2122,2122-TX-E02,30,1485.8,1469.5,-16.25
4331,2122,2122-TX-E02,30,1521.8,1538.0,16.25
3572,2122,2122-TX-E02,30,1483.8,1500.0,16.25
1302,2122,2122-TX-E03,1,1500.0,1516.0,16.0
23753,2122,2122-TX-E03,1,1500.0,1516.0,16.0
21096,2122,2122-TX-E03,1,1500.0,1484.0,-16.0
15737,2122,2122-TX-E03,1,1500.0,1484.0,-16.0
22399,2122,2122-TX-E03,1,1500.0,1484.0,-16.0
10567,2122,2122-TX-E03,1,1500.0,1484.0,-16.0
10469,2122,2122-TX-E03,1,1500.0,1516.0,16.0
24581,2122,2122-TX-E03,1,1500.0,1516.0,16.0
17939,2122,2122-TX-E03,1,1500.0,1484.4,-15.63
21096,2122,2122-TX-E03,1,1484.0,1468.4,-15.63
3757,2122,2122-TX-E03,1,1500.0,1515.6,15.63
20130,2122,2122-TX-E03,1,1500.0,1515.6,15.63
22399,2122,2122-TX-E03,1,1484.0,1499.6,15.65
10567,2122,2122-TX-E03,1,1484.0,1499.6,15.65
17939,2122,2122-TX-E03,1,1484.4,1468.7,-15.65
21096,2122,2122-TX-E03,1,1468.4,1452.7,-15.65
17586,2122,2122-TX-E03,2,1500.0,1483.7,-16.34
22399,2122,2122-TX-E03,2,1499.6,1483.3,-16.34
24581,2122,2122-TX-E03,2,1516.0,1532.3,16.34
17939,2122,2122-TX-E03,2,1468.7,1485.1,16.34
22399,2122,2122-TX-E03,2,1483.3,1500.8,17.5
10567,2122,2122-TX-E03,2,1499.6,1517.1,17.5
10469,2122,2122-TX-E03,2,1516.0,1498.5,-17.5
24581,2122,2122-TX-E03,2,1532.3,1514.8,-17.5
17939,2122,2122-TX-E03,2,1485.1,1503.2,18.14
21096,2122,2122-TX-E03,2,1452.7,1470.9,18.14
3757,2122,2122-TX-E03,2,1515.6,1497.5,-18.14
20130,2122,2122-TX-E03,2,1515.6,1497.5,-18.14
22399,2122,2122-TX-E03,2,1500.8,1483.8,-17.01
10567,2122,2122-TX-E03,2,1517.1,1500.1,-17.01
17939,2122,2122-TX-E03,2,1503.2,1520.2,17.01
21096,2122,2122-TX-E03,2,1470.9,1487.9,17.01
21096,2122,2122-TX-E03,3,1487.9,1504.5,16.66
10469,2122,2122-TX-E03,3,1498.5,1515.2,16.66
24581,2122,2122-TX-E03,3,1514.8,1498.2,-16.66
1113,2122,2122-TX-E03,3,1500.0,1483.3,-16.66
17586,2122,2122-TX-E03,4,1483.7,1499.7,16.01
23753,2122,2122-TX-E03,4,1516.0,1532.0,16.01
10567,2122,2122-TX-E03,4,1500.1,1484.1,-16.01
6609,2122,2122-TX-E03,4,1500.0,1484.0,-16.01
23753,2122,2122-TX-E03,5,1532.0,1515.2,-16.84
9691,2122,2122-TX-E03,5,1500.0,1483.2,-16.84
20130,2122,2122-TX-E03,5,1497.5,1514.3,16.84
24581,2122,2122-TX-E03,5,1498.2,1515.0,16.84
20130,2122,2122-TX-E03,6,1514.3,1530.0,15.65
22399,2122,2122-TX-E03,6,1483.8,1499.4,15.65
17586,2122,2122-TX-E03,6,1499.7,1484.0,-15.65
9691,2122,2122-TX-E03,6,1483.2,1467.5,-15.65
6609,2122,2122-TX-E03,7,1484.0,1468.6,-15.39
21096,2122,2122-TX-E03,7,1504.5,1489.1,-15.39
24581,2122,2122-TX-E03,7,1515.0,1530.4,15.39
1823,2122,2122-TX-E03,7,1500.0,1515.4,15.39
24581,2122,2122-TX-E03,8,1530.4,1546.8,16.39
15737,2122,2122-TX-E03,8,1484.0,1500.4,16.39
23753,2122,2122-TX-E03,8,1515.2,1498.8,-16.39
1302,2122,2122-TX-E03,8,1516.0,1499.6,-16.39
9691,2122,2122-TX-E03,9,1467.5,1482.9,15.42
24581,2122,2122-TX-E03,9,1546.8,1562.2,15.42
21096,2122,2122-TX-E03,9,1489.1,1473.7,-15.42
24144,2122,2122-TX-E03,9,1500.0,1484.6,-15.42
15737,2122,2122-TX-E03,10,1500.4,1514.6,14.2
24581,2122,2122-TX-E03,10,1562.2,1576.4,14.2
1823,2122,2122-TX-E03,10,1515.4,1501.2,-14.2
6609,2122,2122-TX-E03,10,1468.6,1454.4,-14.2
3757,2122,2122-TX-E03,11,1497.5,1481.9,-15.56
1302,2122,2122-TX-E03,11,1499.6,1484.1,-15.56
10469,2122,2122-TX-E03,11,1515.2,1530.7,15.56
1823,2122,2122-TX-E03,11,1501.2,1516.7,15.56
9691,2122,2122-TX-E03,12,1482.9,1468.5,-14.48
6609,2122,2122-TX-E03,12,1454.4,1439.9,-14.48
21096,2122,2122-TX-E03,12,1473.7,1488.2,14.48
20130,2122,2122-TX-E03,12,1530.0,1544.5,14.48
24581,2122,2122-TX-E03,13,1576.4,1559.1,-17.32
9691,2122,2122-TX-E03,13,1468.5,1451.1,-17.32
22399,2122,2122-TX-E03,13,1499.4,1516.8,17.32
21096,2122,2122-TX-E03,13,1488.2,1505.5,17.32
1302,2122,2122-TX-E03,14,1484.1,1469.4,-14.63
3757,2122,2122-TX-E03,14,1481.9,1467.3,-14.63
21096,2122,2122-TX-E03,14,1505.5,1520.1,14.63
17939,2122,2122-TX-E03,14,1520.2,1534.8,14.63
3789,2122,2122-TX-E03,15,1500.0,1483.6,-16.43
1302,2122,2122-TX-E03,15,1469.4,1453.0,-16.43
3757,2122,2122-TX-E03,15,1467.3,1483.7,16.43
1113,2122,2122-TX-E03,15,1483.3,1499.8,16.43
21096,2122,2122-TX-E03,16,1520.1,1535.7,15.6
23753,2122,2122-TX-E03,16,1498.8,1514.4,15.6
22399,2122,2122-TX-E03,16,1516.8,1501.2,-15.6
24144,2122,2122-TX-E03,16,1484.6,1469.0,-15.6
22399,2122,2122-TX-E03,17,1501.2,1487.7,-13.51
6609,2122,2122-TX-E03,17,1439.9,1426.4,-13.51
21096,2122,2122-TX-E03,17,1535.7,1549.2,13.51
23753,2122,2122-TX-E03,17,1514.4,1527.9,13.51
1113,2122,2122-TX-E03,18,1499.8,1515.8,16.05
3757,2122,2122-TX-E03,18,1483.7,1499.8,16.05
24144,2122,2122-TX-E03,18,1469.0,1452.9,-16.05
1823,2122,2122-TX-E03,18,1516.7,1500.7,-16.05
24144,2122,2122-TX-E03,19,1452.9,1466.1,13.2
21096,2122,2122-TX-E03,19,1549.2,1562.4,13.2
1302,2122,2122-TX-E03,19,1453.0,1439.8,-13.2
6609,2122,2122-TX-E03,19,1426.4,1413.2,-13.2
23753,2122,2122-TX-E03,20,1527.9,1513.0,-14.87
3757,2122,2122-TX-E03,20,1499.8,1484.9,-14.87
15737,2122,2122-TX-E03,20,1514.6,1529.4,14.87
21096,2122,2122-TX-E03,20,1562.4,1577.3,14.87
9691,2122,2122-TX-E03,21,1451.1,1467.4,16.24
23753,2122,2122-TX-E03,21,1513.0,1529.3,16.24
17939,2122,2122-TX-E03,21,1534.8,1518.6,-16.24
1302,2122,2122-TX-E03,21,1439.8,1423.6,-16.24
10469,2122,2122-TX-E03,22,1530.7,1543.0,12.31
23753,2122,2122-TX-E03,22,1529.3,1541.6,12.31
6609,2122,2122-TX-E03,22,1413.2,1400.9,-12.31
3789,2122,2122-TX-E03,22,1483.6,1471.3,-12.31
10697,2122,2122-TX-E04,1,1500.0,1484.0,-16.0
1944,2122,2122-TX-E04,1,1500.0,1484.0,-16.0
10056,2122,2122-TX-E04,1,1500.0,1516.0,16.0
15573,2122,2122-TX-E04,1,1500.0,1516.0,16.0
4073,2122,2122-TX-E04,1,1500.0,1484.0,-16.0
1907,2122,2122-TX-E04,1,1500.0,1484.0,-16.0
6235,2122,2122-TX-E04,1,1500.0,1516.0,16.0
8600,2122,2122-TX-E04,1,1500.0,1516.0,16.0
9099,2122,2122-TX-E04,1,1500.0,1483.3,-16.74
15573,2122,2122-TX-E04,1,1516.0,1499.3,-16.74
24681,2122,2122-TX-E04,1,1500.0,1516.7,16.74
1944,2122,2122-TX-E04,1,1484.0,1500.7,16.74
4073,2122,2122-TX-E04,1,1484.0,1468.3,-15.67
1907,2122,2122-TX-E04,1,1484.0,1468.3,-15.67
9099,2122,2122-TX-E04,1,1483.3,1498.9,15.67
15573,2122,2122-TX-E04,1,1499.3,1514.9,15.67
5931,2122,2122-TX-E04,2,1500.0,1516.4,16.39
9099,2122,2122-TX-E04,2,1498.9,1515.3,16.39
10056,2122,2122-TX-E04,2,1516.0,1499.6,-16.39
21750,2122,2122-TX-E04,2,1500.0,1483.6,-16.39
4073,2122,2122-TX-E04,2,1468.3,1454.5,-13.82
1907,2122,2122-TX-E04,2,1468.3,1454.5,-13.82
6235,2122,2122-TX-E04,2,1516.0,1529.8,13.82
8600,2122,2122-TX-E04,2,1516.0,1529.8,13.82
9099,2122,2122-TX-E04,2,1515.3,1531.0,15.71
15573,2122,2122-TX-E04,2,1514.9,1530.6,15.71
24681,2122,2122-TX-E04,2,1516.7,1501.0,-15.71
1944,2122,2122-TX-E04,2,1500.7,1485.0,-15.71
4073,2122,2122-TX-E04,2,1454.5,1442.0,-12.54
1907,2122,2122-TX-E04,2,1454.5,1442.0,-12.54
9099,2122,2122-TX-E04,2,1531.0,1543.6,12.54
15573,2122,2122-TX-E04,2,1530.6,1543.2,12.54
21590,2122,2122-TX-E04,3,1500.0,1515.0,15.03
10697,2122,2122-TX-E04,3,1484.0,1499.0,15.03
7113,2122,2122-TX-E04,3,1500.0,1485.0,-15.03
1907,2122,2122-TX-E04,3,1442.0,1426.9,-15.03
9099,2122,2122-TX-E04,3,1543.6,1525.3,-18.3
15573,2122,2122-TX-E04,3,1543.2,1524.9,-18.3
24681,2122,2122-TX-E04,3,1501.0,1519.3,18.3
1944,2122,2122-TX-E04,3,1485.0,1503.3,18.3
6235,2122,2122-TX-E04,4,1529.8,1545.8,16.0
8849,2122,2122-TX-E04,4,1500.0,1516.0,16.0
8600,2122,2122-TX-E04,4,1529.8,1513.8,-16.0
8143,2122,2122-TX-E04,4,1500.0,1484.0,-16.0
19455,2122,2122-TX-E04,5,1500.0,1516.4,16.38
4336,2122,2122-TX-E04,5,1500.0,1516.4,16.38
5931,2122,2122-TX-E04,5,1516.4,1500.0,-16.38
9338,2122,2122-TX-E04,5,1500.0,1483.6,-16.38
4073,2122,2122-TX-E04,6,1442.0,1459.5,17.54
15571,2122,2122-TX-E04,6,1500.0,1517.5,17.54
9099,2122,2122-TX-E04,6,1525.3,1507.7,-17.54
21750,2122,2122-TX-E04,6,1483.6,1466.1,-17.54
10697,2122,2122-TX-E04,7,1499.0,1483.5,-15.53
8143,2122,2122-TX-E04,7,1484.0,1468.5,-15.53
5931,2122,2122-TX-E04,7,1500.0,1515.5,15.53
1944,2122,2122-TX-E04,7,1503.3,1518.9,15.53
10056,2122,2122-TX-E04,8,1499.6,1482.2,-17.45
5931,2122,2122-TX-E04,8,1515.5,1498.1,-17.45
1907,2122,2122-TX-E04,8,1426.9,1444.4,17.45
15573,2122,2122-TX-E04,8,1524.9,1542.3,17.45
21337,2122,2122-TX-E04,9,1500.0,1484.2,-15.8
4336,2122,2122-TX-E04,9,1516.4,1500.6,-15.8
9099,2122,2122-TX-E04,9,1507.7,1523.5,15.8
15571,2122,2122-TX-E04,9,1517.5,1533.3,15.8
4073,2122,2122-TX-E04,10,1459.5,1477.3,17.78
10056,2122,2122-TX-E04,10,1482.2,1499.9,17.78
24681,2122,2122-TX-E04,10,1519.3,1501.6,-17.78
8078,2122,2122-TX-E04,10,1500.0,1482.2,-17.78
21590,2122,2122-TX-E04,11,1515.0,1497.9,-17.13
8849,2122,2122-TX-E04,11,1516.0,1498.9,-17.13
5931,2122,2122-TX-E04,11,1498.1,1515.2,17.13
9338,2122,2122-TX-E04,11,1483.6,1500.8,17.13
8849,2122,2122-TX-E04,12,1498.9,1483.5,-15.36
9338,2122,2122-TX-E04,12,1500.8,1485.4,-15.36
7113,2122,2122-TX-E04,12,1485.0,1500.3,15.36
15573,2122,2122-TX-E04,12,1542.3,1557.7,15.36
21750,2122,2122-TX-E04,13,1466.1,1452.4,-13.67
24681,2122,2122-TX-E04,13,1501.6,1487.9,-13.67
9099,2122,2122-TX-E04,13,1523.5,1537.2,13.67
6235,2122,2122-TX-E04,13,1545.8,1559.5,13.67
10056,2122,2122-TX-E04,14,1499.9,1485.4,-14.54
10697,2122,2122-TX-E04,14,1483.5,1469.0,-14.54
8600,2122,2122-TX-E04,14,1513.8,1528.4,14.54
15571,2122,2122-TX-E04,14,1533.3,1547.9,14.54
8849,2122,2122-TX-E04,15,1483.5,1499.2,15.67
5931,2122,2122-TX-E04,15,1515.2,1530.9,15.67
21337,2122,2122-TX-E04,15,1484.2,1468.5,-15.67
7113,2122,2122-TX-E04,15,1500.3,1484.7,-15.67
4336,2122,2122-TX-E04,16,1500.6,1517.9,17.27
4073,2122,2122-TX-E04,16,1477.3,1494.6,17.27
15571,2122,2122-TX-E04,16,1547.9,1530.6,-17.27
9338,2122,2122-TX-E04,16,1485.4,1468.1,-17.27
15573,2122,2122-TX-E04,17,1557.7,1573.1,15.37
8143,2122,2122-TX-E04,17,1468.5,1483.8,15.37
15571,2122,2122-TX-E04,17,1530.6,1515.2,-15.37
9338,2122,2122-TX-E04,17,1468.1,1452.8,-15.37
6235,2122,2122-TX-E04,18,1559.5,1574.1,14.57
9099,2122,2122-TX-E04,18,1537.2,1551.8,14.57
4336,2122,2122-TX-E04,18,1517.9,1503.3,-14.57
19455,2122,2122-TX-E04,18,1516.4,1501.8,-14.57
10056,2122,2122-TX-E04,19,1485.4,1498.4,13.0
15573,2122,2122-TX-E04,19,1573.1,1586.1,13.0
8078,2122,2122-TX-E04,19,1482.2,1469.2,-13.0
1907,2122,2122-TX-E04,19,1444.4,1431.4,-13.0
8143,2122,2122-TX-E04,20,1483.8,1469.2,-14.64
4336,2122,2122-TX-E04,20,1503.3,1488.6,-14.64
15571,2122,2122-TX-E04,20,1515.2,1529.9,14.64
5931,2122,2122-TX-E04,20,1530.9,1545.5,14.64
21590,2122,2122-TX-E04,21,1497.9,1479.6,-18.3
15573,2122,2122-TX-E04,21,1586.1,1567.8,-18.3
4073,2122,2122-TX-E04,21,1494.6,1512.9,18.3
4336,2122,2122-TX-E04,21,1488.6,1506.9,18.3
8849,2122,2122-TX-E04,22,1499.2,1513.9,14.69
21590,2122,2122-TX-E04,22,1479.6,1494.3,14.69
21750,2122,2122-TX-E04,22,1452.4,1437.7,-14.69
8143,2122,2122-TX-E04,22,1469.2,1454.5,-14.69
8849,2122,2122-TX-E04,23,1513.9,1496.6,-17.25
19455,2122,2122-TX-E04,23,1501.8,1484.6,-17.25
15571,2122,2122-TX-E04,23,1529.9,1547.1,17.25
1907,2122,2122-TX-E04,23,1431.4,1448.6,17.25
1944,2122,2122-TX-E04,24,1518.9,1503.2,-15.62
7113,2122,2122-TX-E04,24,1484.7,1469.0,-15.62
4336,2122,2122-TX-E04,24,1506.9,1522.6,15.62
4073,2122,2122-TX-E04,24,1512.9,1528.5,15.62
21750,2122,2122-TX-E04,25,1437.7,1424.5,-13.16
24681,2122,2122-TX-E04,25,1487.9,1474.7,-13.16
9099,2122,2122-TX-E04,25,1551.8,1564.9,13.16
10056,2122,2122-TX-E04,25,1498.4,1511.6,13.16
4073,2122,2122-TX-E04,26,1528.5,1545.4,16.86
8143,2122,2122-TX-E04,26,1454.5,1471.4,16.86
24681,2122,2122-TX-E04,26,1474.7,1457.9,-16.86
5931,2122,2122-TX-E04,26,1545.5,1528.7,-16.86
8143,2122,2122-TX-E04,27,1471.4,1453.6,-17.79
15573,2122,2122-TX-E04,27,1567.8,1550.0,-17.79
24681,2122,2122-TX-E04,27,1457.9,1475.6,17.79
1944,2122,2122-TX-E04,27,1503.2,1521.0,17.79
14579,2223,2223-AU-AUBROS,1,1521.2,1537.0,15.76
11506,2223,2223-AU-AUBROS,1,1489.0,1504.8,15.76
11505,2223,2223-AU-AUBROS,1,1500.0,1484.2,-15.76
19450,2223,2223-AU-AUBROS,1,1500.0,1484.2,-15.76
18294,2223,2223-AU-AUBROS,2,1543.1,1559.2,16.05
18306,2223,2223-AU-AUBROS,2,1438.9,1454.9,16.05
11322,2223,2223-AU-AUBROS,2,1499.9,1483.9,-16.05
11505,2223,2223-AU-AUBROS,2,1484.2,1468.2,-16.05
11322,2223,2223-AU-AUBROS,3,1483.9,1466.7,-17.14
11506,2223,2223-AU-AUBROS,3,1504.8,1487.7,-17.14
18306,2223,2223-AU-AUBROS,3,1454.9,1472.1,17.14
19450,2223,2223-AU-AUBROS,3,1484.2,1501.4,17.14
18294,2223,2223-AU-AUBROS,4,1559.2,1542.0,-17.18
19450,2223,2223-AU-AUBROS,4,1501.4,1484.2,-17.18
18306,2223,2223-AU-AUBROS,4,1472.1,1489.3,17.18
14579,2223,2223-AU-AUBROS,4,1537.0,1554.2,17.18
11322,2223,2223-AU-AUBROS,5,1466.7,1453.2,-13.56
11505,2223,2223-AU-AUBROS,5,1468.2,1454.6,-13.56
14579,2223,2223-AU-AUBROS,5,1554.2,1567.7,13.56
11506,2223,2223-AU-AUBROS,5,1487.7,1501.2,13.56
11505,2223,2223-AU-AUBROS,6,1454.6,1437.3,-17.36
18294,2223,2223-AU-AUBROS,6,1542.0,1524.6,-17.36
19450,2223,2223-AU-AUBROS,6,1484.2,1501.6,17.36
11322,2223,2223-AU-AUBROS,6,1453.2,1470.5,17.36
11506,2223,2223-AU-AUBROS,7,1501.2,1487.5,-13.67
18306,2223,2223-AU-AUBROS,7,1489.3,1475.6,-13.67
18294,2223,2223-AU-AUBROS,7,1524.6,1538.3,13.67
14579,2223,2223-AU-AUBROS,7,1567.7,1581.4,13.67
19450,2223,2223-AU-AUBROS,8,1501.6,1513.7,12.16
14579,2223,2223-AU-AUBROS,8,1581.4,1593.6,12.16
18306,2223,2223-AU-AUBROS,8,1475.6,1463.4,-12.16
11505,2223,2223-AU-AUBROS,8,1437.3,1425.1,-12.16
11506,2223,2223-AU-AUBROS,9,1487.5,1471.7,-15.83
19450,2223,2223-AU-AUBROS,9,1513.7,1497.9,-15.83
18294,2223,2223-AU-AUBROS,9,1538.3,1554.1,15.83
11322,2223,2223-AU-AUBROS,9,1470.5,1486.3,15.83
11322,2223,2223-AU-AUBROS,10,1486.3,1501.1,14.78
18306,2223,2223-AU-AUBROS,10,1463.4,1478.2,14.78
11506,2223,2223-AU-AUBROS,10,1471.7,1456.9,-14.78
11505,2223,2223-AU-AUBROS,10,1425.1,1410.3,-14.78
14579,2223,2223-AU-AUBROS,11,1593.6,1609.7,16.16
11505,2223,2223-AU-AUBROS,11,1410.3,1426.5,16.16
11506,2223,2223-AU-AUBROS,11,1456.9,1440.8,-16.16
18294,2223,2223-AU-AUBROS,11,1554.1,1537.9,-16.16
21532,2223,2223-AU-AUCAQ,1,1500.0,1483.3,-16.71
19637,2223,2223-AU-AUCAQ,1,1500.0,1483.3,-16.71
16337,2223,2223-AU-AUCAQ,1,1469.0,1485.7,16.71
19636,2223,2223-AU-AUCAQ,1,1500.0,1516.7,16.71
14380,2223,2223-AU-AUCAQ,1,1547.1,1560.4,13.24
18228,2223,2223-AU-AUCAQ,1,1544.5,1557.7,13.24
13626,2223,2223-AU-AUCAQ,1,1470.7,1457.5,-13.24
21511,2223,2223-AU-AUCAQ,1,1500.0,1486.8,-13.24
16492,2223,2223-AU-AUCAQ,2,1539.5,1554.6,15.04
20667,2223,2223-AU-AUCAQ,2,1500.0,1515.0,15.04
19450,2223,2223-AU-AUCAQ,2,1497.9,1482.8,-15.04
19451,2223,2223-AU-AUCAQ,2,1500.0,1485.0,-15.04
18228,2223,2223-AU-AUCAQ,2,1557.7,1538.1,-19.64
14380,2223,2223-AU-AUCAQ,2,1560.4,1540.7,-19.64
14466,2223,2223-AU-AUCAQ,2,1470.4,1490.1,19.64
21511,2223,2223-AU-AUCAQ,2,1486.8,1506.4,19.64
19480,2223,2223-AU-AUCAQ,3,1500.0,1486.3,-13.69
12576,2223,2223-AU-AUCAQ,3,1480.8,1467.1,-13.69
11322,2223,2223-AU-AUCAQ,3,1501.1,1514.8,13.69
12993,2223,2223-AU-AUCAQ,3,1580.6,1594.3,13.69
14380,2223,2223-AU-AUCAQ,3,1540.7,1555.4,14.64
20667,2223,2223-AU-AUCAQ,3,1515.0,1529.7,14.64
14466,2223,2223-AU-AUCAQ,3,1490.1,1475.4,-14.64
21511,2223,2223-AU-AUCAQ,3,1506.4,1491.8,-14.64
13710,2223,2223-AU-AUCAQ,4,1485.4,1499.5,14.1
18228,2223,2223-AU-AUCAQ,4,1538.1,1552.2,14.1
11506,2223,2223-AU-AUCAQ,4,1440.8,1426.7,-14.1
19050,2223,2223-AU-AUCAQ,4,1500.0,1485.9,-14.1
14579,2223,2223-AU-AUCAQ,5,1609.7,1622.1,12.37
17101,2223,2223-AU-AUCAQ,5,1503.9,1516.3,12.37
18187,2223,2223-AU-AUCAQ,5,1500.0,1487.6,-12.37
18500,2223,2223-AU-AUCAQ,5,1453.2,1440.9,-12.37
11323,2223,2223-AU-AUCAQ,6,1470.6,1485.4,14.78
21511,2223,2223-AU-AUCAQ,6,1491.8,1506.5,14.78
19560,2223,2223-AU-AUCAQ,6,1457.1,1442.3,-14.78
18248,2223,2223-AU-AUCAQ,6,1452.1,1437.3,-14.78
15145,2223,2223-AU-AUCAQ,7,1542.1,1553.8,11.61
14380,2223,2223-AU-AUCAQ,7,1555.4,1567.0,11.61
11505,2223,2223-AU-AUCAQ,7,1426.5,1414.9,-11.61
14466,2223,2223-AU-AUCAQ,7,1475.4,1463.8,-11.61
17556,2223,2223-AU-AUCAQ,8,1545.9,1528.6,-17.29
16637,2223,2223-AU-AUCAQ,8,1467.8,1450.5,-17.29
13626,2223,2223-AU-AUCAQ,8,1457.5,1474.8,17.29
19221,2223,2223-AU-AUCAQ,8,1500.0,1517.3,17.29
16337,2223,2223-AU-AUCAQ,9,1485.7,1473.4,-12.23
11506,2223,2223-AU-AUCAQ,9,1426.7,1414.4,-12.23
19451,2223,2223-AU-AUCAQ,9,1485.0,1497.2,12.23
12993,2223,2223-AU-AUCAQ,9,1594.3,1606.5,12.23
19637,2223,2223-AU-AUCAQ,10,1483.3,1497.5,14.25
14579,2223,2223-AU-AUCAQ,10,1622.1,1636.4,14.25
20667,2223,2223-AU-AUCAQ,10,1529.7,1515.4,-14.25
13710,2223,2223-AU-AUCAQ,10,1499.5,1485.3,-14.25
19560,2223,2223-AU-AUCAQ,11,1442.3,1427.4,-14.89
12576,2223,2223-AU-AUCAQ,11,1467.1,1452.3,-14.89
18500,2223,2223-AU-AUCAQ,11,1440.9,1455.8,14.89
19636,2223,2223-AU-AUCAQ,11,1516.7,1531.6,14.89
11505,2223,2223-AU-AUCAQ,12,1414.9,1400.5,-14.38
21532,2223,2223-AU-AUCAQ,12,1483.3,1468.9,-14.38
19450,2223,2223-AU-AUCAQ,12,1482.8,1497.2,14.38
19050,2223,2223-AU-AUCAQ,12,1485.9,1500.3,14.38
14466,2223,2223-AU-AUCAQ,13,1463.8,1482.0,18.16
11323,2223,2223-AU-AUCAQ,13,1485.4,1503.5,18.16
17556,2223,2223-AU-AUCAQ,13,1528.6,1510.4,-18.16
11322,2223,2223-AU-AUCAQ,13,1514.8,1496.7,-18.16
19480,2223,2223-AU-AUCAQ,14,1486.3,1503.6,17.27
19221,2223,2223-AU-AUCAQ,14,1517.3,1534.6,17.27
21511,2223,2223-AU-AUCAQ,14,1506.5,1489.3,-17.27
18228,2223,2223-AU-AUCAQ,14,1552.2,1534.9,-17.27
18248,2223,2223-AU-AUCAQ,15,1437.3,1424.0,-13.34
18187,2223,2223-AU-AUCAQ,15,1487.6,1474.3,-13.34
13626,2223,2223-AU-AUCAQ,15,1474.8,1488.1,13.34
14380,2223,2223-AU-AUCAQ,15,1567.0,1580.3,13.34
17101,2223,2223-AU-AUCAQ,16,1516.3,1530.8,14.47
16492,2223,2223-AU-AUCAQ,16,1554.6,1569.0,14.47
15145,2223,2223-AU-AUCAQ,16,1553.8,1539.3,-14.47
16637,2223,2223-AU-AUCAQ,16,1450.5,1436.1,-14.47
19450,2223,2223-AU-AUCAQ,17,1497.2,1509.8,12.59
12993,2223,2223-AU-AUCAQ,17,1606.5,1619.1,12.59
18500,2223,2223-AU-AUCAQ,17,1455.8,1443.2,-12.59
19637,2223,2223-AU-AUCAQ,17,1497.5,1484.9,-12.59
11323,2223,2223-AU-AUCAQ,18,1503.5,1484.8,-18.72
19636,2223,2223-AU-AUCAQ,18,1531.6,1512.9,-18.72
20667,2223,2223-AU-AUCAQ,18,1515.4,1534.1,18.72
11505,2223,2223-AU-AUCAQ,18,1400.5,1419.2,18.72
19451,2223,2223-AU-AUCAQ,19,1497.2,1477.9,-19.27
14579,2223,2223-AU-AUCAQ,19,1636.4,1617.1,-19.27
21511,2223,2223-AU-AUCAQ,19,1489.3,1508.5,19.27
19050,2223,2223-AU-AUCAQ,19,1500.3,1519.5,19.27
19221,2223,2223-AU-AUCAQ,20,1534.6,1517.4,-17.19
16337,2223,2223-AU-AUCAQ,20,1473.4,1456.2,-17.19
18187,2223,2223-AU-AUCAQ,20,1474.3,1491.5,17.19
14466,2223,2223-AU-AUCAQ,20,1482.0,1499.2,17.19
18248,2223,2223-AU-AUCAQ,21,1424.0,1409.8,-14.22
16637,2223,2223-AU-AUCAQ,21,1436.1,1421.8,-14.22
13710,2223,2223-AU-AUCAQ,21,1485.3,1499.5,14.22
12576,2223,2223-AU-AUCAQ,21,1452.3,1466.5,14.22
19480,2223,2223-AU-AUCAQ,22,1503.6,1486.2,-17.38
17556,2223,2223-AU-AUCAQ,22,1510.4,1493.0,-17.38
11506,2223,2223-AU-AUCAQ,22,1414.4,1431.8,17.38
15145,2223,2223-AU-AUCAQ,22,1539.3,1556.7,17.38
11322,2223,2223-AU-AUCAQ,23,1496.7,1513.0,16.34
13626,2223,2223-AU-AUCAQ,23,1488.1,1504.5,16.34
17101,2223,2223-AU-AUCAQ,23,1530.8,1514.4,-16.34
21532,2223,2223-AU-AUCAQ,23,1468.9,1452.6,-16.34
18228,2223,2223-AU-AUCAQ,24,1534.9,1516.7,-18.2
16492,2223,2223-AU-AUCAQ,24,1569.0,1550.8,-18.2
14380,2223,2223-AU-AUCAQ,24,1580.3,1598.5,18.2
19560,2223,2223-AU-AUCAQ,24,1427.4,1445.6,18.2
19050,2223,2223-AU-AUCAQ,25,1519.5,1536.2,16.64
18500,2223,2223-AU-AUCAQ,25,1443.2,1459.8,16.64
16337,2223,2223-AU-AUCAQ,25,1456.2,1439.6,-16.64
20667,2223,2223-AU-AUCAQ,25,1534.1,1517.5,-16.64
19637,2223,2223-AU-AUCAQ,26,1484.9,1467.8,-17.14
19451,2223,2223-AU-AUCAQ,26,1477.9,1460.8,-17.14
16637,2223,2223-AU-AUCAQ,26,1421.8,1439.0,17.14
18187,2223,2223-AU-AUCAQ,26,1491.5,1508.6,17.14
19450,2223,2223-AU-AUCAQ,27,1509.8,1522.6,12.83
15145,2223,2223-AU-AUCAQ,27,1556.7,1569.5,12.83
18248,2223,2223-AU-AUCAQ,27,1409.8,1396.9,-12.83
19221,2223,2223-AU-AUCAQ,27,1517.4,1504.5,-12.83
21511,2223,2223-AU-AUCAQ,28,1508.5,1526.6,18.04
17101,2223,2223-AU-AUCAQ,28,1514.4,1532.5,18.04
17556,2223,2223-AU-AUCAQ,28,1493.0,1475.0,-18.04
12993,2223,2223-AU-AUCAQ,28,1619.1,1601.1,-18.04
14466,2223,2223-AU-AUCAQ,29,1499.2,1516.4,17.28
12576,2223,2223-AU-AUCAQ,29,1466.5,1483.8,17.28
18228,2223,2223-AU-AUCAQ,29,1516.7,1499.5,-17.28
13626,2223,2223-AU-AUCAQ,29,1504.5,1487.2,-17.28
14380,2223,2223-AU-AUCAQ,30,1598.5,1610.9,12.36
13710,2223,2223-AU-AUCAQ,30,1499.5,1511.9,12.36
11323,2223,2223-AU-AUCAQ,30,1484.8,1472.4,-12.36
21532,2223,2223-AU-AUCAQ,30,1452.6,1440.2,-12.36
11506,2223,2223-AU-AUCAQ,31,1431.8,1418.5,-13.28
19636,2223,2223-AU-AUCAQ,31,1512.9,1499.6,-13.28
11322,2223,2223-AU-AUCAQ,31,1513.0,1526.3,13.28
16492,2223,2223-AU-AUCAQ,31,1550.8,1564.1,13.28
11505,2223,2223-AU-AUCAQ,32,1419.2,1408.5,-10.72
19560,2223,2223-AU-AUCAQ,32,1445.6,1434.9,-10.72
14579,2223,2223-AU-AUCAQ,32,1617.1,1627.8,10.72
19480,2223,2223-AU-AUCAQ,32,1486.2,1496.9,10.72
18248,2223,2223-AU-AUCAQ,33,1396.9,1382.5,-14.46
19050,2223,2223-AU-AUCAQ,33,1536.2,1521.7,-14.46
19637,2223,2223-AU-AUCAQ,33,1467.8,1482.3,14.46
17101,2223,2223-AU-AUCAQ,33,1532.5,1546.9,14.46
16637,2223,2223-AU-AUCAQ,34,1439.0,1422.5,-16.52
19450,2223,2223-AU-AUCAQ,34,1522.6,1506.1,-16.52
18228,2223,2223-AU-AUCAQ,34,1499.5,1516.0,16.52
16337,2223,2223-AU-AUCAQ,34,1439.6,1456.1,16.52
20667,2223,2223-AU-AUCAQ,35,1517.5,1529.7,12.17
14380,2223,2223-AU-AUCAQ,35,1610.9,1623.1,12.17
12576,2223,2223-AU-AUCAQ,35,1483.8,1471.6,-12.17
17556,2223,2223-AU-AUCAQ,35,1475.0,1462.8,-12.17
18500,2223,2223-AU-AUCAQ,36,1459.8,1445.3,-14.48
11506,2223,2223-AU-AUCAQ,36,1418.5,1404.1,-14.48
21532,2223,2223-AU-AUCAQ,36,1440.2,1454.7,14.48
19221,2223,2223-AU-AUCAQ,36,1504.5,1519.0,14.48
19636,2223,2223-AU-AUCAQ,37,1499.6,1484.8,-14.78
19451,2223,2223-AU-AUCAQ,37,1460.8,1446.0,-14.78
14466,2223,2223-AU-AUCAQ,37,1516.4,1531.2,14.78
19480,2223,2223-AU-AUCAQ,37,1496.9,1511.7,14.78
12993,2223,2223-AU-AUCAQ,38,1601.1,1614.6,13.52
13710,2223,2223-AU-AUCAQ,38,1511.9,1525.4,13.52
19560,2223,2223-AU-AUCAQ,38,1434.9,1421.4,-13.52
15145,2223,2223-AU-AUCAQ,38,1569.5,1556.0,-13.52
18187,2223,2223-AU-AUCAQ,39,1508.6,1522.3,13.72
11322,2223,2223-AU-AUCAQ,39,1526.3,1540.0,13.72
11505,2223,2223-AU-AUCAQ,39,1408.5,1394.8,-13.72
21511,2223,2223-AU-AUCAQ,39,1526.6,1512.9,-13.72
16492,2223,2223-AU-AUCAQ,40,1564.1,1581.2,17.13
13626,2223,2223-AU-AUCAQ,40,1487.2,1504.3,17.13
14579,2223,2223-AU-AUCAQ,40,1627.8,1610.7,-17.13
11323,2223,2223-AU-AUCAQ,40,1472.4,1455.3,-17.13
21035,2223,2223-AU-AUCMP,1,1500.0,1514.2,14.22
14380,2223,2223-AU-AUCMP,1,1623.1,1637.3,14.22
20667,2223,2223-AU-AUCMP,1,1529.7,1515.5,-14.22
18228,2223,2223-AU-AUCMP,1,1516.0,1501.7,-14.22
12993,2223,2223-AU-AUCMP,1,1614.6,1627.6,13.02
14349,2223,2223-AU-AUCMP,1,1516.5,1529.5,13.02
18003,2223,2223-AU-AUCMP,1,1500.0,1487.0,-13.02
22116,2223,2223-AU-AUCMP,1,1500.0,1487.0,-13.02
11145,2223,2223-AU-AUCMP,2,1456.1,1440.3,-15.79
15210,2223,2223-AU-AUCMP,2,1512.8,1497.0,-15.79
18362,2223,2223-AU-AUCMP,2,1438.0,1453.8,15.79
11322,2223,2223-AU-AUCMP,2,1540.0,1555.8,15.79
12993,2223,2223-AU-AUCMP,2,1627.6,1639.5,11.88
14349,2223,2223-AU-AUCMP,2,1529.5,1541.4,11.88
18003,2223,2223-AU-AUCMP,2,1487.0,1475.1,-11.88
22116,2223,2223-AU-AUCMP,2,1487.0,1475.1,-11.88
11258,2223,2223-AU-AUCMP,3,1488.9,1470.3,-18.63
16492,2223,2223-AU-AUCMP,3,1581.2,1562.6,-18.63
12554,2223,2223-AU-AUCMP,3,1500.5,1519.1,18.63
18359,2223,2223-AU-AUCMP,3,1454.6,1473.2,18.63
11146,2223,2223-AU-AUCMP,3,1480.8,1469.5,-11.33
12554,2223,2223-AU-AUCMP,3,1519.1,1507.8,-11.33
11147,2223,2223-AU-AUCMP,3,1571.7,1583.0,11.33
14380,2223,2223-AU-AUCMP,3,1637.3,1648.6,11.33
14339,2223,2223-AU-AUCMP,4,1500.0,1482.7,-17.28
16526,2223,2223-AU-AUCMP,4,1500.0,1482.7,-17.28
18363,2223,2223-AU-AUCMP,4,1498.4,1515.7,17.28
19451,2223,2223-AU-AUCMP,4,1446.0,1463.3,17.28
18003,2223,2223-AU-AUCMP,5,1475.1,1491.4,16.32
18306,2223,2223-AU-AUCMP,5,1478.2,1494.5,16.32
11323,2223,2223-AU-AUCMP,5,1455.3,1439.0,-16.32
19480,2223,2223-AU-AUCMP,5,1511.7,1495.4,-16.32
21511,2223,2223-AU-AUCMP,6,1512.9,1495.1,-17.78
14579,2223,2223-AU-AUCMP,6,1610.7,1592.9,-17.78
14349,2223,2223-AU-AUCMP,6,1541.4,1559.2,17.78
13626,2223,2223-AU-AUCMP,6,1504.3,1522.1,17.78
19457,2223,2223-AU-AUCMP,7,1500.0,1484.6,-15.41
15145,2223,2223-AU-AUCMP,7,1556.0,1540.6,-15.41
22116,2223,2223-AU-AUCMP,7,1475.1,1490.5,15.41
11148,2223,2223-AU-AUCMP,7,1606.5,1621.9,15.41
16337,2223,2223-AU-AUCMP,8,1456.1,1473.0,16.89
15216,2223,2223-AU-AUCMP,8,1500.0,1516.9,16.89
11146,2223,2223-AU-AUCMP,8,1469.5,1452.6,-16.89
13710,2223,2223-AU-AUCMP,8,1525.4,1508.5,-16.89
11147,2223,2223-AU-AUCMP,9,1583.0,1595.2,12.17
12993,2223,2223-AU-AUCMP,9,1639.5,1651.7,12.17
17101,2223,2223-AU-AUCMP,9,1546.9,1534.8,-12.17
19450,2223,2223-AU-AUCMP,9,1506.1,1494.0,-12.17
11322,2223,2223-AU-AUCMP,10,1555.8,1539.5,-16.28
18228,2223,2223-AU-AUCMP,10,1501.7,1485.5,-16.28
16492,2223,2223-AU-AUCMP,10,1562.6,1578.9,16.28
16526,2223,2223-AU-AUCMP,10,1482.7,1499.0,16.28
19451,2223,2223-AU-AUCMP,11,1463.3,1447.3,-15.93
19480,2223,2223-AU-AUCMP,11,1495.4,1479.4,-15.93
18362,2223,2223-AU-AUCMP,11,1453.8,1469.7,15.93
12554,2223,2223-AU-AUCMP,11,1507.8,1523.7,15.93
11323,2223,2223-AU-AUCMP,12,1439.0,1453.1,14.06
14349,2223,2223-AU-AUCMP,12,1559.2,1573.2,14.06
18359,2223,2223-AU-AUCMP,12,1473.2,1459.1,-14.06
11145,2223,2223-AU-AUCMP,12,1440.3,1426.3,-14.06
13626,2223,2223-AU-AUCMP,13,1522.1,1504.9,-17.21
18363,2223,2223-AU-AUCMP,13,1515.7,1498.4,-17.21
18306,2223,2223-AU-AUCMP,13,1494.5,1511.7,17.21
22116,2223,2223-AU-AUCMP,13,1490.5,1507.7,17.21
11148,2223,2223-AU-AUCMP,14,1621.9,1635.8,13.93
18003,2223,2223-AU-AUCMP,14,1491.4,1505.3,13.93
21035,2223,2223-AU-AUCMP,14,1514.2,1500.3,-13.93
13710,2223,2223-AU-AUCMP,14,1508.5,1494.6,-13.93
20667,2223,2223-AU-AUCMP,15,1515.5,1502.6,-12.84
11258,2223,2223-AU-AUCMP,15,1470.3,1457.4,-12.84
12993,2223,2223-AU-AUCMP,15,1651.7,1664.5,12.84
16337,2223,2223-AU-AUCMP,15,1473.0,1485.9,12.84
17101,2223,2223-AU-AUCMP,16,1534.8,1522.6,-12.12
14339,2223,2223-AU-AUCMP,16,1482.7,1470.6,-12.12
14380,2223,2223-AU-AUCMP,16,1648.6,1660.7,12.12
15145,2223,2223-AU-AUCMP,16,1540.6,1552.7,12.12
15216,2223,2223-AU-AUCMP,17,1516.9,1497.9,-18.99
14579,2223,2223-AU-AUCMP,17,1592.9,1573.9,-18.99
19457,2223,2223-AU-AUCMP,17,1484.6,1503.6,18.99
19450,2223,2223-AU-AUCMP,17,1494.0,1512.9,18.99
15210,2223,2223-AU-AUCMP,18,1497.0,1516.2,19.19
11146,2223,2223-AU-AUCMP,18,1452.6,1471.8,19.19
21511,2223,2223-AU-AUCMP,18,1495.1,1475.9,-19.19
11147,2223,2223-AU-AUCMP,18,1595.2,1576.0,-19.19
11323,2223,2223-AU-AUCMP,19,1453.1,1437.7,-15.33
13626,2223,2223-AU-AUCMP,19,1504.9,1489.5,-15.33
19451,2223,2223-AU-AUCMP,19,1447.3,1462.7,15.33
11322,2223,2223-AU-AUCMP,19,1539.5,1554.9,15.33
22116,2223,2223-AU-AUCMP,20,1507.7,1493.7,-14.04
18228,2223,2223-AU-AUCMP,20,1485.5,1471.4,-14.04
14349,2223,2223-AU-AUCMP,20,1573.2,1587.3,14.04
18003,2223,2223-AU-AUCMP,20,1505.3,1519.4,14.04
12554,2223,2223-AU-AUCMP,21,1523.7,1537.2,13.45
21035,2223,2223-AU-AUCMP,21,1500.3,1513.7,13.45
11145,2223,2223-AU-AUCMP,21,1426.3,1412.8,-13.45
16337,2223,2223-AU-AUCMP,21,1485.9,1472.4,-13.45
16492,2223,2223-AU-AUCMP,22,1578.9,1566.5,-12.4
19480,2223,2223-AU-AUCMP,22,1479.4,1467.0,-12.4
12993,2223,2223-AU-AUCMP,22,1664.5,1676.9,12.4
15145,2223,2223-AU-AUCMP,22,1552.7,1565.1,12.4
11148,2223,2223-AU-AUCMP,23,1635.8,1648.1,12.23
18363,2223,2223-AU-AUCMP,23,1498.4,1510.7,12.23
15216,2223,2223-AU-AUCMP,23,1497.9,1485.7,-12.23
18362,2223,2223-AU-AUCMP,23,1469.7,1457.5,-12.23
13710,2223,2223-AU-AUCMP,24,1494.6,1507.4,12.8
11147,2223,2223-AU-AUCMP,24,1576.0,1588.8,12.8
18359,2223,2223-AU-AUCMP,24,1459.1,1446.3,-12.8
14339,2223,2223-AU-AUCMP,24,1470.6,1457.8,-12.8
17101,2223,2223-AU-AUCMP,25,1522.6,1505.4,-17.21
19457,2223,2223-AU-AUCMP,25,1503.6,1486.4,-17.21
11258,2223,2223-AU-AUCMP,25,1457.4,1474.7,17.21
15210,2223,2223-AU-AUCMP,25,1516.2,1533.4,17.21
18306,2223,2223-AU-AUCMP,26,1511.7,1529.9,18.13
11146,2223,2223-AU-AUCMP,26,1471.8,1490.0,18.13
14579,2223,2223-AU-AUCMP,26,1573.9,1555.8,-18.13
20667,2223,2223-AU-AUCMP,26,1502.6,1484.5,-18.13
21511,2223,2223-AU-AUCMP,27,1475.9,1495.7,19.86
19450,2223,2223-AU-AUCMP,27,1512.9,1532.8,19.86
14380,2223,2223-AU-AUCMP,27,1660.7,1640.9,-19.86
16526,2223,2223-AU-AUCMP,27,1499.0,1479.1,-19.86
12993,2223,2223-AU-AUCMP,28,1676.9,1688.6,11.64
22116,2223,2223-AU-AUCMP,28,1493.7,1505.3,11.64
19451,2223,2223-AU-AUCMP,28,1462.7,1451.0,-11.64
21035,2223,2223-AU-AUCMP,28,1513.7,1502.1,-11.64
12554,2223,2223-AU-AUCMP,29,1537.2,1555.4,18.22
15216,2223,2223-AU-AUCMP,29,1485.7,1503.9,18.22
15145,2223,2223-AU-AUCMP,29,1565.1,1546.9,-18.22
11322,2223,2223-AU-AUCMP,29,1554.9,1536.6,-18.22
13710,2223,2223-AU-AUCMP,30,1507.4,1521.6,14.25
18228,2223,2223-AU-AUCMP,30,1471.4,1485.7,14.25
11145,2223,2223-AU-AUCMP,30,1412.8,1398.6,-14.25
13626,2223,2223-AU-AUCMP,30,1489.5,1475.3,-14.25
18362,2223,2223-AU-AUCMP,31,1457.5,1471.2,13.72
16492,2223,2223-AU-AUCMP,31,1566.5,1580.2,13.72
19457,2223,2223-AU-AUCMP,31,1486.4,1472.7,-13.72
11323,2223,2223-AU-AUCMP,31,1437.7,1424.0,-13.72
18003,2223,2223-AU-AUCMP,32,1519.4,1538.8,19.41
11258,2223,2223-AU-AUCMP,32,1474.7,1494.1,19.41
14579,2223,2223-AU-AUCMP,32,1555.8,1536.4,-19.41
11147,2223,2223-AU-AUCMP,32,1588.8,1569.4,-19.41
14349,2223,2223-AU-AUCMP,33,1587.3,1597.3,10.05
14380,2223,2223-AU-AUCMP,33,1640.9,1650.9,10.05
19480,2223,2223-AU-AUCMP,33,1467.0,1457.0,-10.05
11146,2223,2223-AU-AUCMP,33,1490.0,1479.9,-10.05
16526,2223,2223-AU-AUCMP,34,1479.1,1493.0,13.9
11148,2223,2223-AU-AUCMP,34,1648.1,1662.0,13.9
17101,2223,2223-AU-AUCMP,34,1505.4,1491.5,-13.9
18306,2223,2223-AU-AUCMP,34,1529.9,1516.0,-13.9
16337,2223,2223-AU-AUCMP,35,1472.4,1456.1,-16.32
19450,2223,2223-AU-AUCMP,35,1532.8,1516.5,-16.32
15210,2223,2223-AU-AUCMP,35,1533.4,1549.7,16.32
14339,2223,2223-AU-AUCMP,35,1457.8,1474.1,16.32
18359,2223,2223-AU-AUCMP,36,1446.3,1432.1,-14.27
20667,2223,2223-AU-AUCMP,36,1484.5,1470.2,-14.27
18363,2223,2223-AU-AUCMP,36,1510.7,1524.9,14.27
21511,2223,2223-AU-AUCMP,36,1495.7,1510.0,14.27
11322,2223,2223-AU-AUCMP,37,1536.6,1547.5,10.87
12993,2223,2223-AU-AUCMP,37,1688.6,1699.4,10.87
19457,2223,2223-AU-AUCMP,37,1472.7,1461.8,-10.87
13710,2223,2223-AU-AUCMP,37,1521.6,1510.8,-10.87
18362,2223,2223-AU-AUCMP,38,1471.2,1486.2,15.07
15145,2223,2223-AU-AUCMP,38,1546.9,1561.9,15.07
13626,2223,2223-AU-AUCMP,38,1475.3,1460.2,-15.07
21035,2223,2223-AU-AUCMP,38,1502.1,1487.0,-15.07
11147,2223,2223-AU-AUCMP,39,1569.4,1555.7,-13.62
15216,2223,2223-AU-AUCMP,39,1503.9,1490.3,-13.62
16492,2223,2223-AU-AUCMP,39,1580.2,1593.8,13.62
14349,2223,2223-AU-AUCMP,39,1597.3,1611.0,13.62
16526,2223,2223-AU-AUCMP,40,1493.0,1479.7,-13.3
11323,2223,2223-AU-AUCMP,40,1424.0,1410.7,-13.3
11146,2223,2223-AU-AUCMP,40,1479.9,1493.2,13.3
12554,2223,2223-AU-AUCMP,40,1555.4,1568.7,13.3
19451,2223,2223-AU-AUCMP,41,1451.0,1440.8,-10.25
18228,2223,2223-AU-AUCMP,41,1485.7,1475.4,-10.25
14579,2223,2223-AU-AUCMP,41,1536.4,1546.6,10.25
11148,2223,2223-AU-AUCMP,41,1662.0,1672.2,10.25
18306,2223,2223-AU-AUCMP,42,1516.0,1505.5,-10.43
18359,2223,2223-AU-AUCMP,42,1432.1,1421.6,-10.43
14380,2223,2223-AU-AUCMP,42,1650.9,1661.4,10.43
15210,2223,2223-AU-AUCMP,42,1549.7,1560.2,10.43
19450,2223,2223-AU-AUCMP,43,1516.5,1531.3,14.87
20667,2223,2223-AU-AUCMP,43,1470.2,1485.1,14.87
11145,2223,2223-AU-AUCMP,43,1398.6,1383.7,-14.87
18003,2223,2223-AU-AUCMP,43,1538.8,1523.9,-14.87
21511,2223,2223-AU-AUCMP,44,1510.0,1494.4,-15.65
14339,2223,2223-AU-AUCMP,44,1474.1,1458.5,-15.65
22116,2223,2223-AU-AUCMP,44,1505.3,1521.0,15.65
11258,2223,2223-AU-AUCMP,44,1494.1,1509.7,15.65
17101,2223,2223-AU-AUCMP,45,1491.5,1505.2,13.64
18363,2223,2223-AU-AUCMP,45,1524.9,1538.6,13.64
19480,2223,2223-AU-AUCMP,45,1457.0,1443.3,-13.64
16337,2223,2223-AU-AUCMP,45,1456.1,1442.5,-13.64
15145,2223,2223-AU-AUCMP,46,1561.9,1546.4,-15.59
13710,2223,2223-AU-AUCMP,46,1510.8,1495.2,-15.59
14349,2223,2223-AU-AUCMP,46,1611.0,1626.5,15.59
16526,2223,2223-AU-AUCMP,46,1479.7,1495.3,15.59
13626,2223,2223-AU-AUCMP,47,1460.2,1448.7,-11.54
12554,2223,2223-AU-AUCMP,47,1568.7,1557.2,-11.54
11147,2223,2223-AU-AUCMP,47,1555.7,1567.3,11.54
11148,2223,2223-AU-AUCMP,47,1672.2,1683.7,11.54
14579,2223,2223-AU-AUCMP,48,1546.6,1530.1,-16.51
14380,2223,2223-AU-AUCMP,48,1661.4,1644.8,-16.51
18362,2223,2223-AU-AUCMP,48,1486.2,1502.7,16.51
12993,2223,2223-AU-AUCMP,48,1699.4,1715.9,16.51
16492,2223,2223-AU-AUCMP,49,1593.8,1577.9,-15.95
19451,2223,2223-AU-AUCMP,49,1440.8,1424.8,-15.95
18306,2223,2223-AU-AUCMP,49,1505.5,1521.5,15.95
19450,2223,2223-AU-AUCMP,49,1531.3,1547.3,15.95
15210,2223,2223-AU-AUCMP,50,1560.2,1572.0,11.83
22116,2223,2223-AU-AUCMP,50,1521.0,1532.8,11.83
20667,2223,2223-AU-AUCMP,50,1485.1,1473.3,-11.83
11323,2223,2223-AU-AUCMP,50,1410.7,1398.9,-11.83
11322,2223,2223-AU-AUCMP,51,1547.5,1532.2,-15.35
16337,2223,2223-AU-AUCMP,51,1442.5,1427.1,-15.35
18003,2223,2223-AU-AUCMP,51,1523.9,1539.3,15.35
21511,2223,2223-AU-AUCMP,51,1494.4,1509.7,15.35
21035,2223,2223-AU-AUCMP,52,1487.0,1473.0,-14.01
18359,2223,2223-AU-AUCMP,52,1421.6,1407.6,-14.01
17101,2223,2223-AU-AUCMP,52,1505.2,1519.2,14.01
15216,2223,2223-AU-AUCMP,52,1490.3,1504.3,14.01
19457,2223,2223-AU-AUCMP,53,1461.8,1479.1,17.29
11145,2223,2223-AU-AUCMP,53,1383.7,1401.0,17.29
19480,2223,2223-AU-AUCMP,53,1443.3,1426.1,-17.29
14339,2223,2223-AU-AUCMP,53,1458.5,1441.2,-17.29
11146,2223,2223-AU-AUCMP,54,1493.2,1508.1,14.93
18363,2223,2223-AU-AUCMP,54,1538.6,1553.5,14.93
11258,2223,2223-AU-AUCMP,54,1509.7,1494.8,-14.93
18228,2223,2223-AU-AUCMP,54,1475.4,1460.5,-14.93
22801,2223,2223-AU-AUMPOS1,1,1500.0,1516.0,16.0
8644,2223,2223-AU-AUMPOS1,1,1500.0,1516.0,16.0
18614,2223,2223-AU-AUMPOS1,1,1500.0,1484.0,-16.0
19013,2223,2223-AU-AUMPOS1,1,1500.0,1484.0,-16.0
12993,2223,2223-AU-AUMPOS1,1,1715.9,1726.8,10.85
8644,2223,2223-AU-AUMPOS1,1,1516.0,1526.8,10.85
11022,2223,2223-AU-AUMPOS1,1,1500.0,1489.2,-10.85
3491,2223,2223-AU-AUMPOS1,1,1500.0,1489.2,-10.85
22975,2223,2223-AU-AUMPOS1,2,1500.0,1484.1,-15.89
13710,2223,2223-AU-AUMPOS1,2,1495.2,1479.3,-15.89
19030,2223,2223-AU-AUMPOS1,2,1500.0,1515.9,15.89
5843,2223,2223-AU-AUMPOS1,2,1500.0,1515.9,15.89
8644,2223,2223-AU-AUMPOS1,2,1526.8,1537.0,10.19
12993,2223,2223-AU-AUMPOS1,2,1726.8,1737.0,10.19
22846,2223,2223-AU-AUMPOS1,2,1500.0,1489.8,-10.19
3491,2223,2223-AU-AUMPOS1,2,1489.2,1479.0,-10.19
14349,2223,2223-AU-AUMPOS1,3,1626.5,1639.7,13.12
22985,2223,2223-AU-AUMPOS1,3,1500.0,1513.1,13.12
22927,2223,2223-AU-AUMPOS1,3,1500.0,1486.9,-13.12
99999,2223,2223-AU-AUMPOS1,3,1500.0,1486.9,-13.12
20870,2223,2223-AU-AUMPOS1,3,1500.0,1518.9,18.88
99990,2223,2223-AU-AUMPOS1,3,1500.0,1518.9,18.88
99999,2223,2223-AU-AUMPOS1,3,1486.9,1468.0,-18.88
14349,2223,2223-AU-AUMPOS1,3,1639.7,1620.8,-18.88
11022,2223,2223-AU-AUMPOS1,4,1489.2,1505.6,16.48
22846,2223,2223-AU-AUMPOS1,4,1489.8,1506.3,16.48
22920,2223,2223-AU-AUMPOS1,4,1500.0,1483.5,-16.48
23138,2223,2223-AU-AUMPOS1,4,1500.0,1483.5,-16.48
3491,2223,2223-AU-AUMPOS1,5,1479.0,1495.0,16.05
20870,2223,2223-AU-AUMPOS1,5,1518.9,1534.9,16.05
99998,2223,2223-AU-AUMPOS1,5,1500.0,1484.0,-16.05
20871,2223,2223-AU-AUMPOS1,5,1500.0,1484.0,-16.05
17624,2223,2223-AU-AUMPOS1,6,1500.0,1484.5,-15.51
18024,2223,2223-AU-AUMPOS1,6,1500.0,1484.5,-15.51
14277,2223,2223-AU-AUMPOS1,6,1500.0,1515.5,15.51
18306,2223,2223-AU-AUMPOS1,6,1521.5,1537.0,15.51
17556,2223,2223-AU-AUMPOS1,7,1462.8,1453.0,-9.8
19093,2223,2223-AU-AUMPOS1,7,1500.0,1490.2,-9.8
12993,2223,2223-AU-AUMPOS1,7,1737.0,1746.8,9.8
21511,2223,2223-AU-AUMPOS1,7,1509.7,1519.5,9.8
22922,2223,2223-AU-AUMPOS1,8,1500.0,1483.6,-16.37
19512,2223,2223-AU-AUMPOS1,8,1500.0,1483.6,-16.37
20890,2223,2223-AU-AUMPOS1,8,1500.0,1516.4,16.37
22975,2223,2223-AU-AUMPOS1,8,1484.1,1500.5,16.37
13710,2223,2223-AU-AUMPOS1,9,1479.3,1464.5,-14.8
99999,2223,2223-AU-AUMPOS1,9,1468.0,1453.2,-14.8
23138,2223,2223-AU-AUMPOS1,9,1483.5,1498.3,14.8
22801,2223,2223-AU-AUMPOS1,9,1516.0,1530.8,14.8
20871,2223,2223-AU-AUMPOS1,10,1484.0,1498.8,14.84
8644,2223,2223-AU-AUMPOS1,10,1537.0,1551.9,14.84
22920,2223,2223-AU-AUMPOS1,10,1483.5,1468.7,-14.84
22927,2223,2223-AU-AUMPOS1,10,1486.9,1472.0,-14.84
11022,2223,2223-AU-AUMPOS1,11,1505.6,1518.1,12.43
14349,2223,2223-AU-AUMPOS1,11,1620.8,1633.2,12.43
17624,2223,2223-AU-AUMPOS1,11,1484.5,1472.1,-12.43
18614,2223,2223-AU-AUMPOS1,11,1484.0,1471.6,-12.43
3491,2223,2223-AU-AUMPOS1,12,1495.0,1484.6,-10.45
18024,2223,2223-AU-AUMPOS1,12,1484.5,1474.0,-10.45
12993,2223,2223-AU-AUMPOS1,12,1746.8,1757.2,10.45
19013,2223,2223-AU-AUMPOS1,12,1484.0,1494.5,10.45
19512,2223,2223-AU-AUMPOS1,13,1483.6,1466.9,-16.77
19030,2223,2223-AU-AUMPOS1,13,1515.9,1499.1,-16.77
17556,2223,2223-AU-AUMPOS1,13,1453.0,1469.8,16.77
22985,2223,2223-AU-AUMPOS1,13,1513.1,1529.9,16.77
22846,2223,2223-AU-AUMPOS1,14,1506.3,1523.4,17.14
5843,2223,2223-AU-AUMPOS1,14,1515.9,1533.0,17.14
20870,2223,2223-AU-AUMPOS1,14,1534.9,1517.8,-17.14
18306,2223,2223-AU-AUMPOS1,14,1537.0,1519.8,-17.14
99998,2223,2223-AU-AUMPOS1,15,1484.0,1500.7,16.8
20890,2223,2223-AU-AUMPOS1,15,1516.4,1533.2,16.8
14277,2223,2223-AU-AUMPOS1,15,1515.5,1498.7,-16.8
21511,2223,2223-AU-AUMPOS1,15,1519.5,1502.7,-16.8
22922,2223,2223-AU-AUMPOS1,16,1483.6,1468.0,-15.67
13710,2223,2223-AU-AUMPOS1,16,1464.5,1448.8,-15.67
19093,2223,2223-AU-AUMPOS1,16,1490.2,1505.9,15.67
17624,2223,2223-AU-AUMPOS1,16,1472.1,1487.7,15.67
22975,2223,2223-AU-AUMPOS1,17,1500.5,1483.3,-17.14
8644,2223,2223-AU-AUMPOS1,17,1551.9,1534.7,-17.14
3491,2223,2223-AU-AUMPOS1,17,1484.6,1501.7,17.14
11022,2223,2223-AU-AUMPOS1,17,1518.1,1535.2,17.14
18024,2223,2223-AU-AUMPOS1,18,1474.0,1459.3,-14.73
20871,2223,2223-AU-AUMPOS1,18,1498.8,1484.1,-14.73
22985,2223,2223-AU-AUMPOS1,18,1529.9,1544.6,14.73
23138,2223,2223-AU-AUMPOS1,18,1498.3,1513.0,14.73
99999,2223,2223-AU-AUMPOS1,19,1453.2,1470.6,17.38
18614,2223,2223-AU-AUMPOS1,19,1471.6,1489.0,17.38
20870,2223,2223-AU-AUMPOS1,19,1517.8,1500.4,-17.38
19512,2223,2223-AU-AUMPOS1,19,1466.9,1449.5,-17.38
18306,2223,2223-AU-AUMPOS1,20,1519.8,1509.7,-10.12
22920,2223,2223-AU-AUMPOS1,20,1468.7,1458.6,-10.12
12993,2223,2223-AU-AUMPOS1,20,1757.2,1767.4,10.12
19030,2223,2223-AU-AUMPOS1,20,1499.1,1509.2,10.12
21511,2223,2223-AU-AUMPOS1,21,1502.7,1490.9,-11.82
22922,2223,2223-AU-AUMPOS1,21,1468.0,1456.1,-11.82
22846,2223,2223-AU-AUMPOS1,21,1523.4,1535.3,11.82
14349,2223,2223-AU-AUMPOS1,21,1633.2,1645.0,11.82
14277,2223,2223-AU-AUMPOS1,22,1498.7,1482.9,-15.78
19013,2223,2223-AU-AUMPOS1,22,1494.5,1478.7,-15.78
5843,2223,2223-AU-AUMPOS1,22,1533.0,1548.8,15.78
17556,2223,2223-AU-AUMPOS1,22,1469.8,1485.6,15.78
20890,2223,2223-AU-AUMPOS1,23,1533.2,1517.9,-15.28
22927,2223,2223-AU-AUMPOS1,23,1472.0,1456.8,-15.28
19093,2223,2223-AU-AUMPOS1,23,1505.9,1521.1,15.28
22801,2223,2223-AU-AUMPOS1,23,1530.8,1546.1,15.28
22975,2223,2223-AU-AUMPOS1,24,1483.3,1466.1,-17.25
99998,2223,2223-AU-AUMPOS1,24,1500.7,1483.5,-17.25
18024,2223,2223-AU-AUMPOS1,24,1459.3,1476.6,17.25
99999,2223,2223-AU-AUMPOS1,24,1470.6,1487.8,17.25
23138,2223,2223-AU-AUMPOS1,25,1513.0,1497.7,-15.38
19512,2223,2223-AU-AUMPOS1,25,1449.5,1434.1,-15.38
17624,2223,2223-AU-AUMPOS1,25,1487.7,1503.1,15.38
3491,2223,2223-AU-AUMPOS1,25,1501.7,1517.1,15.38
12993,2223,2223-AU-AUMPOS1,26,1767.4,1779.0,11.69
13710,2223,2223-AU-AUMPOS1,26,1448.8,1460.5,11.69
18614,2223,2223-AU-AUMPOS1,26,1489.0,1477.3,-11.69
22846,2223,2223-AU-AUMPOS1,26,1535.3,1523.6,-11.69
14277,2223,2223-AU-AUMPOS1,27,1482.9,1471.1,-11.79
20871,2223,2223-AU-AUMPOS1,27,1484.1,1472.3,-11.79
19030,2223,2223-AU-AUMPOS1,27,1509.2,1521.0,11.79
14349,2223,2223-AU-AUMPOS1,27,1645.0,1656.8,11.79
8644,2223,2223-AU-AUMPOS1,28,1534.7,1550.0,15.27
20870,2223,2223-AU-AUMPOS1,28,1500.4,1515.7,15.27
17556,2223,2223-AU-AUMPOS1,28,1485.6,1470.3,-15.27
20890,2223,2223-AU-AUMPOS1,28,1517.9,1502.6,-15.27
5843,2223,2223-AU-AUMPOS1,29,1548.8,1531.6,-17.21
99998,2223,2223-AU-AUMPOS1,29,1483.5,1466.3,-17.21
19093,2223,2223-AU-AUMPOS1,29,1521.1,1538.4,17.21
22920,2223,2223-AU-AUMPOS1,29,1458.6,1475.8,17.21
22927,2223,2223-AU-AUMPOS1,30,1456.8,1442.1,-14.72
19013,2223,2223-AU-AUMPOS1,30,1478.7,1464.0,-14.72
22922,2223,2223-AU-AUMPOS1,30,1456.1,1470.9,14.72
11022,2223,2223-AU-AUMPOS1,30,1535.2,1549.9,14.72
18306,2223,2223-AU-AUMPOS1,31,1509.7,1525.3,15.6
22985,2223,2223-AU-AUMPOS1,31,1544.6,1560.2,15.6
22801,2223,2223-AU-AUMPOS1,31,1546.1,1530.5,-15.6
21511,2223,2223-AU-AUMPOS1,31,1490.9,1475.3,-15.6
22846,2223,2223-AU-AUMPOS1,32,1523.6,1505.5,-18.02
17624,2223,2223-AU-AUMPOS1,32,1503.1,1485.1,-18.02
20871,2223,2223-AU-AUMPOS1,32,1472.3,1490.3,18.02
22975,2223,2223-AU-AUMPOS1,32,1466.1,1484.1,18.02
18024,2223,2223-AU-AUMPOS1,33,1476.6,1488.7,12.16
14349,2223,2223-AU-AUMPOS1,33,1656.8,1669.0,12.16
13710,2223,2223-AU-AUMPOS1,33,1460.5,1448.3,-12.16
20890,2223,2223-AU-AUMPOS1,33,1502.6,1490.5,-12.16
12993,2223,2223-AU-AUMPOS1,34,1779.0,1789.3,10.27
23138,2223,2223-AU-AUMPOS1,34,1497.7,1507.9,10.27
8644,2223,2223-AU-AUMPOS1,34,1550.0,1539.7,-10.27
99998,2223,2223-AU-AUMPOS1,34,1466.3,1456.0,-10.27
99999,2223,2223-AU-AUMPOS1,35,1487.8,1503.7,15.88
19093,2223,2223-AU-AUMPOS1,35,1538.4,1554.2,15.88
14277,2223,2223-AU-AUMPOS1,35,1471.1,1455.3,-15.88
11022,2223,2223-AU-AUMPOS1,35,1549.9,1534.0,-15.88
22927,2223,2223-AU-AUMPOS1,36,1442.1,1428.1,-13.93
17556,2223,2223-AU-AUMPOS1,36,1470.3,1456.3,-13.93
18306,2223,2223-AU-AUMPOS1,36,1525.3,1539.3,13.93
18614,2223,2223-AU-AUMPOS1,36,1477.3,1491.2,13.93
21511,2223,2223-AU-AUMPOS1,37,1475.3,1490.1,14.78
22920,2223,2223-AU-AUMPOS1,37,1475.8,1490.5,14.78
19013,2223,2223-AU-AUMPOS1,37,1464.0,1449.2,-14.78
19512,2223,2223-AU-AUMPOS1,37,1434.1,1419.3,-14.78
22985,2223,2223-AU-AUMPOS1,38,1560.2,1574.5,14.28
3491,2223,2223-AU-AUMPOS1,38,1517.1,1531.4,14.28
5843,2223,2223-AU-AUMPOS1,38,1531.6,1517.3,-14.28
22922,2223,2223-AU-AUMPOS1,38,1470.9,1456.6,-14.28
19030,2223,2223-AU-AUMPOS1,39,1521.0,1536.6,15.6
20870,2223,2223-AU-AUMPOS1,39,1515.7,1531.3,15.6
22801,2223,2223-AU-AUMPOS1,39,1530.5,1514.9,-15.6
18024,2223,2223-AU-AUMPOS1,39,1488.7,1473.1,-15.6
19093,2223,2223-AU-AUMPOS1,40,1554.2,1572.3,18.08
23138,2223,2223-AU-AUMPOS1,40,1507.9,1526.0,18.08
22975,2223,2223-AU-AUMPOS1,40,1484.1,1466.0,-18.08
14349,2223,2223-AU-AUMPOS1,40,1669.0,1650.9,-18.08
11022,2223,2223-AU-AUMPOS1,41,1534.0,1547.0,12.94
18306,2223,2223-AU-AUMPOS1,41,1539.3,1552.2,12.94
13710,2223,2223-AU-AUMPOS1,41,1448.3,1435.4,-12.94
20871,2223,2223-AU-AUMPOS1,41,1490.3,1477.4,-12.94
19013,2223,2223-AU-AUMPOS1,42,1449.2,1434.8,-14.4
20890,2223,2223-AU-AUMPOS1,42,1490.5,1476.1,-14.4
22846,2223,2223-AU-AUMPOS1,42,1505.5,1519.9,14.4
99999,2223,2223-AU-AUMPOS1,42,1503.7,1518.1,14.4
22920,2223,2223-AU-AUMPOS1,43,1490.5,1474.7,-15.89
18614,2223,2223-AU-AUMPOS1,43,1491.2,1475.3,-15.89
14277,2223,2223-AU-AUMPOS1,43,1455.3,1471.1,15.89
3491,2223,2223-AU-AUMPOS1,43,1531.4,1547.3,15.89
19030,2223,2223-AU-AUMPOS1,44,1536.6,1520.8,-15.81
17624,2223,2223-AU-AUMPOS1,44,1485.1,1469.3,-15.81
8644,2223,2223-AU-AUMPOS1,44,1539.7,1555.5,15.81
21511,2223,2223-AU-AUMPOS1,44,1490.1,1505.9,15.81
5843,2223,2223-AU-AUMPOS1,45,1517.3,1524.1,6.74
12993,2223,2223-AU-AUMPOS1,45,1789.3,1796.1,6.74
22927,2223,2223-AU-AUMPOS1,45,1428.1,1421.4,-6.74
19512,2223,2223-AU-AUMPOS1,45,1419.3,1412.6,-6.74
22801,2223,2223-AU-AUMPOS1,46,1514.9,1529.5,14.65
17556,2223,2223-AU-AUMPOS1,46,1456.3,1471.0,14.65
99998,2223,2223-AU-AUMPOS1,46,1456.0,1441.4,-14.65
22922,2223,2223-AU-AUMPOS1,46,1456.6,1441.9,-14.65
22975,2223,2223-AU-AUMPOS1,47,1466.0,1452.9,-13.17
20870,2223,2223-AU-AUMPOS1,47,1531.3,1518.1,-13.17
22985,2223,2223-AU-AUMPOS1,47,1574.5,1587.7,13.17
11022,2223,2223-AU-AUMPOS1,47,1547.0,1560.1,13.17
21657,2223,2223-AU-AUPYQ,1,1500.0,1485.6,-14.39
5784,2223,2223-AU-AUPYQ,1,1500.0,1485.6,-14.39
18362,2223,2223-AU-AUPYQ,1,1502.7,1517.1,14.39
11147,2223,2223-AU-AUPYQ,1,1567.3,1581.7,14.39
14349,2223,2223-AU-AUPYQ,1,1650.9,1663.2,12.29
11146,2223,2223-AU-AUPYQ,1,1508.1,1520.4,12.29
14339,2223,2223-AU-AUPYQ,1,1441.2,1428.9,-12.29
18363,2223,2223-AU-AUPYQ,1,1553.5,1541.2,-12.29
11145,2223,2223-AU-AUPYQ,2,1401.0,1416.7,15.72
14349,2223,2223-AU-AUPYQ,2,1663.2,1678.9,15.72
19218,2223,2223-AU-AUPYQ,2,1500.0,1484.3,-15.72
18306,2223,2223-AU-AUPYQ,2,1552.2,1536.5,-15.72
14349,2223,2223-AU-AUPYQ,2,1678.9,1689.8,10.91
11146,2223,2223-AU-AUPYQ,2,1520.4,1531.3,10.91
14339,2223,2223-AU-AUPYQ,2,1428.9,1418.0,-10.91
18363,2223,2223-AU-AUPYQ,2,1541.2,1530.3,-10.91
18359,2223,2223-AU-AUPYQ,3,1407.6,1426.3,18.7
11146,2223,2223-AU-AUPYQ,3,1531.3,1550.0,18.7
21472,2223,2223-AU-AUPYQ,3,1500.0,1481.3,-18.7
12554,2223,2223-AU-AUPYQ,3,1557.2,1538.5,-18.7
11144,2223,2223-AU-AUPYQ,4,1544.1,1559.4,15.35
19457,2223,2223-AU-AUPYQ,4,1479.1,1494.4,15.35
11258,2223,2223-AU-AUPYQ,4,1494.8,1479.4,-15.35
19341,2223,2223-AU-AUPYQ,4,1500.0,1484.7,-15.35
21520,2223,2223-AU-AUPYQ,5,1500.0,1482.0,-17.99
15144,2223,2223-AU-AUPYQ,5,1500.0,1482.0,-17.99
14339,2223,2223-AU-AUPYQ,5,1418.0,1436.0,17.99
18360,2223,2223-AU-AUPYQ,5,1495.2,1513.2,17.99
19296,2223,2223-AU-AUPYQ,6,1500.0,1480.5,-19.48
11148,2223,2223-AU-AUPYQ,6,1683.7,1664.3,-19.48
19584,2223,2223-AU-AUPYQ,6,1500.0,1519.5,19.48
18363,2223,2223-AU-AUPYQ,6,1530.3,1549.8,19.48
16188,2223,2223-AU-AUPYQ,7,1500.0,1487.5,-12.51
18362,2223,2223-AU-AUPYQ,7,1517.1,1504.6,-12.51
21472,2223,2223-AU-AUPYQ,7,1481.3,1493.8,12.51
14349,2223,2223-AU-AUPYQ,7,1689.8,1702.3,12.51
12554,2223,2223-AU-AUPYQ,8,1538.5,1554.0,15.55
11258,2223,2223-AU-AUPYQ,8,1479.4,1495.0,15.55
11147,2223,2223-AU-AUPYQ,8,1581.7,1566.1,-15.55
11145,2223,2223-AU-AUPYQ,8,1416.7,1401.2,-15.55
18360,2223,2223-AU-AUPYQ,9,1513.2,1527.1,13.87
11146,2223,2223-AU-AUPYQ,9,1550.0,1563.9,13.87
5784,2223,2223-AU-AUPYQ,9,1485.6,1471.7,-13.87
19341,2223,2223-AU-AUPYQ,9,1484.7,1470.8,-13.87
21520,2223,2223-AU-AUPYQ,10,1482.0,1463.5,-18.55
18306,2223,2223-AU-AUPYQ,10,1536.5,1517.9,-18.55
19296,2223,2223-AU-AUPYQ,10,1480.5,1499.1,18.55
18359,2223,2223-AU-AUPYQ,10,1426.3,1444.9,18.55
19218,2223,2223-AU-AUPYQ,11,1484.3,1471.0,-13.23
19457,2223,2223-AU-AUPYQ,11,1494.4,1481.2,-13.23
11148,2223,2223-AU-AUPYQ,11,1664.3,1677.5,13.23
14339,2223,2223-AU-AUPYQ,11,1436.0,1449.2,13.23
11144,2223,2223-AU-AUPYQ,12,1559.4,1543.1,-16.35
16188,2223,2223-AU-AUPYQ,12,1487.5,1471.1,-16.35
18363,2223,2223-AU-AUPYQ,12,1549.8,1566.1,16.35
15144,2223,2223-AU-AUPYQ,12,1482.0,1498.4,16.35
19584,2223,2223-AU-AUPYQ,13,1519.5,1533.1,13.65
11146,2223,2223-AU-AUPYQ,13,1563.9,1577.5,13.65
11258,2223,2223-AU-AUPYQ,13,1495.0,1481.3,-13.65
21657,2223,2223-AU-AUPYQ,13,1485.6,1472.0,-13.65
18359,2223,2223-AU-AUPYQ,14,1444.9,1435.3,-9.56
18360,2223,2223-AU-AUPYQ,14,1527.1,1517.5,-9.56
14349,2223,2223-AU-AUPYQ,14,1702.3,1711.9,9.56
11147,2223,2223-AU-AUPYQ,14,1566.1,1575.7,9.56
14339,2223,2223-AU-AUPYQ,15,1449.2,1465.6,16.4
19296,2223,2223-AU-AUPYQ,15,1499.1,1515.5,16.4
21472,2223,2223-AU-AUPYQ,15,1493.8,1477.4,-16.4
5784,2223,2223-AU-AUPYQ,15,1471.7,1455.3,-16.4
19218,2223,2223-AU-AUPYQ,16,1471.0,1486.6,15.57
12554,2223,2223-AU-AUPYQ,16,1554.0,1569.6,15.57
21520,2223,2223-AU-AUPYQ,16,1463.5,1447.9,-15.57
11144,2223,2223-AU-AUPYQ,16,1543.1,1527.5,-15.57
19341,2223,2223-AU-AUPYQ,17,1470.8,1486.6,15.81
18362,2223,2223-AU-AUPYQ,17,1504.6,1520.4,15.81
11145,2223,2223-AU-AUPYQ,17,1401.2,1385.4,-15.81
18363,2223,2223-AU-AUPYQ,17,1566.1,1550.3,-15.81
11148,2223,2223-AU-AUPYQ,18,1677.5,1658.5,-19.03
21657,2223,2223-AU-AUPYQ,18,1472.0,1452.9,-19.03
18306,2223,2223-AU-AUPYQ,18,1517.9,1537.0,19.03
15144,2223,2223-AU-AUPYQ,18,1498.4,1517.4,19.03
19457,2223,2223-AU-AUPYQ,19,1481.2,1499.2,18.01
18359,2223,2223-AU-AUPYQ,19,1435.3,1453.3,18.01
16188,2223,2223-AU-AUPYQ,19,1471.1,1453.1,-18.01
19584,2223,2223-AU-AUPYQ,19,1533.1,1515.1,-18.01
11258,2223,2223-AU-AUPYQ,20,1481.3,1470.3,-11.03
5784,2223,2223-AU-AUPYQ,20,1455.3,1444.3,-11.03
21520,2223,2223-AU-AUPYQ,20,1447.9,1458.9,11.03
14349,2223,2223-AU-AUPYQ,20,1711.9,1722.9,11.03
19296,2223,2223-AU-AUPYQ,21,1515.5,1501.7,-13.81
19218,2223,2223-AU-AUPYQ,21,1486.6,1472.8,-13.81
11146,2223,2223-AU-AUPYQ,21,1577.5,1591.3,13.81
18362,2223,2223-AU-AUPYQ,21,1520.4,1534.2,13.81
18363,2223,2223-AU-AUPYQ,22,1550.3,1566.5,16.15
14339,2223,2223-AU-AUPYQ,22,1465.6,1481.8,16.15
21657,2223,2223-AU-AUPYQ,22,1452.9,1436.8,-16.15
12554,2223,2223-AU-AUPYQ,22,1569.6,1553.4,-16.15
11147,2223,2223-AU-AUPYQ,23,1575.7,1553.3,-22.4
11148,2223,2223-AU-AUPYQ,23,1658.5,1636.1,-22.4
19341,2223,2223-AU-AUPYQ,23,1486.6,1509.0,22.4
16188,2223,2223-AU-AUPYQ,23,1453.1,1475.5,22.4
18306,2223,2223-AU-AUPYQ,24,1537.0,1552.8,15.84
19584,2223,2223-AU-AUPYQ,24,1515.1,1531.0,15.84
18360,2223,2223-AU-AUPYQ,24,1517.5,1501.7,-15.84
11144,2223,2223-AU-AUPYQ,24,1527.5,1511.6,-15.84
15144,2223,2223-AU-AUPYQ,25,1517.4,1498.9,-18.52
21472,2223,2223-AU-AUPYQ,25,1477.4,1458.9,-18.52
11145,2223,2223-AU-AUPYQ,25,1385.4,1403.9,18.52
19457,2223,2223-AU-AUPYQ,25,1499.2,1517.7,18.52
18363,2223,2223-AU-AUPYQ,26,1566.5,1548.5,-17.94
5784,2223,2223-AU-AUPYQ,26,1444.3,1426.4,-17.94
18359,2223,2223-AU-AUPYQ,26,1453.3,1471.3,17.94
19218,2223,2223-AU-AUPYQ,26,1472.8,1490.8,17.94
21657,2223,2223-AU-AUPYQ,27,1436.8,1426.9,-9.9
19341,2223,2223-AU-AUPYQ,27,1509.0,1499.1,-9.9
14349,2223,2223-AU-AUPYQ,27,1722.9,1732.8,9.9
19296,2223,2223-AU-AUPYQ,27,1501.7,1511.6,9.9
14339,2223,2223-AU-AUPYQ,28,1481.8,1499.5,17.75
11258,2223,2223-AU-AUPYQ,28,1470.3,1488.1,17.75
18306,2223,2223-AU-AUPYQ,28,1552.8,1535.0,-17.75
16188,2223,2223-AU-AUPYQ,28,1475.5,1457.8,-17.75
21472,2223,2223-AU-AUPYQ,29,1458.9,1480.9,22.02
11145,2223,2223-AU-AUPYQ,29,1403.9,1425.9,22.02
18360,2223,2223-AU-AUPYQ,29,1501.7,1479.7,-22.02
11148,2223,2223-AU-AUPYQ,29,1636.1,1614.0,-22.02
19584,2223,2223-AU-AUPYQ,30,1531.0,1516.3,-14.67
15144,2223,2223-AU-AUPYQ,30,1498.9,1484.2,-14.67
18362,2223,2223-AU-AUPYQ,30,1534.2,1548.9,14.67
12554,2223,2223-AU-AUPYQ,30,1553.4,1568.1,14.67
11147,2223,2223-AU-AUPYQ,31,1553.3,1539.5,-13.78
21520,2223,2223-AU-AUPYQ,31,1458.9,1445.1,-13.78
11146,2223,2223-AU-AUPYQ,31,1591.3,1605.1,13.78
19457,2223,2223-AU-AUPYQ,31,1517.7,1531.5,13.78
11144,2223,2223-AU-AUPYQ,32,1511.6,1521.7,10.0
14349,2223,2223-AU-AUPYQ,32,1732.8,1742.8,10.0
18359,2223,2223-AU-AUPYQ,32,1471.3,1461.3,-10.0
14339,2223,2223-AU-AUPYQ,32,1499.5,1489.5,-10.0
19892,2223,2223-MN-MFVLM,1,1500.0,1516.1,16.13
12045,2223,2223-MN-MFVLM,1,1494.5,1510.7,16.13
11586,2223,2223-MN-MFVLM,1,1500.0,1483.9,-16.13
22110,2223,2223-MN-MFVLM,1,1500.0,1483.9,-16.13
10466,2223,2223-MN-MFVLM,1,1500.0,1500.0,0.0
9536,2223,2223-MN-MFVLM,1,1500.0,1500.0,0.0
10468,2223,2223-MN-MFVLM,1,1500.0,1500.0,0.0
15183,2223,2223-MN-MFVLM,1,1500.0,1500.0,0.0
22110,2223,2223-MN-MFVLM,1,1483.9,1468.2,-15.63
16917,2223,2223-MN-MFVLM,1,1500.0,1484.4,-15.63
10466,2223,2223-MN-MFVLM,1,1500.0,1515.6,15.63
16981,2223,2223-MN-MFVLM,1,1500.0,1515.6,15.63
11586,2223,2223-MN-MFVLM,1,1483.9,1468.8,-15.02
15183,2223,2223-MN-MFVLM,1,1500.0,1485.0,-15.02
12045,2223,2223-MN-MFVLM,1,1510.7,1525.7,15.02
16981,2223,2223-MN-MFVLM,1,1515.6,1530.7,15.02
9536,2223,2223-MN-MFVLM,1,1500.0,1516.0,16.01
10468,2223,2223-MN-MFVLM,1,1500.0,1516.0,16.01
19892,2223,2223-MN-MFVLM,1,1516.1,1500.1,-16.01
16917,2223,2223-MN-MFVLM,1,1484.4,1468.4,-16.01
10466,2223,2223-MN-MFVLM,1,1515.6,1500.9,-14.69
11586,2223,2223-MN-MFVLM,1,1468.8,1454.2,-14.69
9536,2223,2223-MN-MFVLM,1,1516.0,1530.7,14.69
12045,2223,2223-MN-MFVLM,1,1525.7,1540.4,14.69
15183,2223,2223-MN-MFVLM,1,1485.0,1501.0,16.01
16981,2223,2223-MN-MFVLM,1,1530.7,1546.7,16.01
19892,2223,2223-MN-MFVLM,1,1500.1,1484.1,-16.01
10468,2223,2223-MN-MFVLM,1,1516.0,1500.0,-16.01
10468,2223,2223-MN-MFVLM,1,1500.0,1484.9,-15.07
16917,2223,2223-MN-MFVLM,1,1468.4,1453.3,-15.07
22110,2223,2223-MN-MFVLM,1,1468.2,1483.3,15.07
12045,2223,2223-MN-MFVLM,1,1540.4,1555.4,15.07
22110,2223,2223-MN-MFVLM,1,1483.3,1467.4,-15.96
16981,2223,2223-MN-MFVLM,1,1546.7,1530.7,-15.96
15183,2223,2223-MN-MFVLM,1,1501.0,1516.9,15.96
9536,2223,2223-MN-MFVLM,1,1530.7,1546.7,15.96
10466,2223,2223-MN-MFVLM,1,1500.9,1516.6,15.63
16917,2223,2223-MN-MFVLM,1,1453.3,1468.9,15.63
11586,2223,2223-MN-MFVLM,1,1454.2,1438.5,-15.63
19892,2223,2223-MN-MFVLM,1,1484.1,1468.5,-15.63
22110,2223,2223-MN-MFVLM,1,1467.4,1481.6,14.24
15183,2223,2223-MN-MFVLM,1,1516.9,1531.2,14.24
16917,2223,2223-MN-MFVLM,1,1468.9,1454.7,-14.24
11586,2223,2223-MN-MFVLM,1,1438.5,1424.3,-14.24
19892,2223,2223-MN-MFVLM,1,1468.5,1454.1,-14.33
16981,2223,2223-MN-MFVLM,1,1530.7,1516.4,-14.33
10466,2223,2223-MN-MFVLM,1,1516.6,1530.9,14.33
12045,2223,2223-MN-MFVLM,1,1555.4,1569.8,14.33
9536,2223,2223-MN-MFVLM,1,1546.7,1564.6,17.92
11586,2223,2223-MN-MFVLM,1,1424.3,1442.2,17.92
10468,2223,2223-MN-MFVLM,1,1484.9,1467.0,-17.92
12045,2223,2223-MN-MFVLM,1,1569.8,1551.9,-17.92
11572,2223,2223-OK-OT,1,1500.0,1516.0,16.0
5141,2223,2223-OK-OT,1,1500.0,1516.0,16.0
4155,2223,2223-OK-OT,1,1500.0,1484.0,-16.0
7242,2223,2223-OK-OT,1,1500.0,1484.0,-16.0
7242,2223,2223-OK-OT,1,1484.0,1468.0,-16.0
11572,2223,2223-OK-OT,1,1516.0,1500.0,-16.0
4155,2223,2223-OK-OT,1,1484.0,1500.0,16.0
5141,2223,2223-OK-OT,1,1516.0,1532.0,16.0
9249,2223,2223-TX-E01,1,1500.0,1484.0,-16.0
11264,2223,2223-TX-E01,1,1500.0,1484.0,-16.0
10264,2223,2223-TX-E01,1,1500.0,1516.0,16.0
17424,2223,2223-TX-E01,1,1500.0,1516.0,16.0
11311,2223,2223-TX-E01,1,1500.0,1516.0,16.0
19899,2223,2223-TX-E01,1,1500.0,1516.0,16.0
21153,2223,2223-TX-E01,1,1500.0,1484.0,-16.0
14186,2223,2223-TX-E01,1,1500.0,1484.0,-16.0
8762,2223,2223-TX-E01,1,1500.0,1484.0,-16.0
8055,2223,2223-TX-E01,1,1500.0,1484.0,-16.0
19956,2223,2223-TX-E01,1,1500.0,1516.0,16.0
23195,2223,2223-TX-E01,1,1500.0,1516.0,16.0
11311,2223,2223-TX-E01,1,1516.0,1530.5,14.53
19899,2223,2223-TX-E01,1,1516.0,1530.5,14.53
8762,2223,2223-TX-E01,1,1484.0,1469.5,-14.53
8055,2223,2223-TX-E01,1,1484.0,1469.5,-14.53
10264,2223,2223-TX-E01,2,1516.0,1500.7,-15.3
21153,2223,2223-TX-E01,2,1484.0,1468.7,-15.3
11311,2223,2223-TX-E01,2,1530.5,1545.8,15.3
1320,2223,2223-TX-E01,2,1500.0,1515.3,15.3
11311,2223,2223-TX-E01,2,1545.8,1527.0,-18.82
19899,2223,2223-TX-E01,2,1530.5,1511.7,-18.82
21153,2223,2223-TX-E01,2,1468.7,1487.5,18.82
14186,2223,2223-TX-E01,2,1484.0,1502.8,18.82
8762,2223,2223-TX-E01,2,1469.5,1487.6,18.13
8055,2223,2223-TX-E01,2,1469.5,1487.6,18.13
19956,2223,2223-TX-E01,2,1516.0,1497.9,-18.13
23195,2223,2223-TX-E01,2,1516.0,1497.9,-18.13
11311,2223,2223-TX-E01,2,1527.0,1541.6,14.54
19899,2223,2223-TX-E01,2,1511.7,1526.3,14.54
8762,2223,2223-TX-E01,2,1487.6,1473.1,-14.54
8055,2223,2223-TX-E01,2,1487.6,1473.1,-14.54
10264,2223,2223-TX-E01,3,1500.7,1484.6,-16.07
12099,2223,2223-TX-E01,3,1500.0,1483.9,-16.07
19956,2223,2223-TX-E01,3,1497.9,1513.9,16.07
3076,2223,2223-TX-E01,3,1500.0,1516.1,16.07
11311,2223,2223-TX-E01,3,1541.6,1554.8,13.23
19899,2223,2223-TX-E01,3,1526.3,1539.5,13.23
8762,2223,2223-TX-E01,3,1473.1,1459.8,-13.23
8055,2223,2223-TX-E01,3,1473.1,1459.8,-13.23
17424,2223,2223-TX-E01,4,1516.0,1500.3,-15.7
5170,2223,2223-TX-E01,4,1500.0,1484.3,-15.7
1320,2223,2223-TX-E01,4,1515.3,1531.0,15.7
19956,2223,2223-TX-E01,4,1513.9,1529.6,15.7
4727,2223,2223-TX-E01,5,1500.0,1514.7,14.75
11311,2223,2223-TX-E01,5,1554.8,1569.5,14.75
17424,2223,2223-TX-E01,5,1500.3,1485.6,-14.75
13625,2223,2223-TX-E01,5,1500.0,1485.3,-14.75
7312,2223,2223-TX-E01,6,1500.0,1516.0,16.0
5541,2223,2223-TX-E01,6,1500.0,1516.0,16.0
18593,2223,2223-TX-E01,6,1500.0,1484.0,-16.0
1220,2223,2223-TX-E01,6,1500.0,1484.0,-16.0
18593,2223,2223-TX-E01,7,1484.0,1467.4,-16.56
5170,2223,2223-TX-E01,7,1484.3,1467.7,-16.56
1220,2223,2223-TX-E01,7,1484.0,1500.6,16.56
8055,2223,2223-TX-E01,7,1459.8,1476.4,16.56
3076,2223,2223-TX-E01,8,1516.1,1532.7,16.68
11264,2223,2223-TX-E01,8,1484.0,1500.7,16.68
18831,2223,2223-TX-E01,8,1500.0,1483.3,-16.68
19956,2223,2223-TX-E01,8,1529.6,1513.0,-16.68
11264,2223,2223-TX-E01,9,1500.7,1515.6,14.89
3200,2223,2223-TX-E01,9,1500.0,1514.9,14.89
5170,2223,2223-TX-E01,9,1467.7,1452.9,-14.89
10264,2223,2223-TX-E01,9,1484.6,1469.7,-14.89
11264,2223,2223-TX-E01,10,1515.6,1498.6,-17.01
5541,2223,2223-TX-E01,10,1516.0,1499.0,-17.01
18637,2223,2223-TX-E01,10,1500.0,1517.0,17.01
21153,2223,2223-TX-E01,10,1487.5,1504.5,17.01
15305,2223,2223-TX-E01,11,1500.0,1515.4,15.35
5541,2223,2223-TX-E01,11,1499.0,1514.3,15.35
13625,2223,2223-TX-E01,11,1485.3,1469.9,-15.35
17424,2223,2223-TX-E01,11,1485.6,1470.2,-15.35
5541,2223,2223-TX-E01,12,1514.3,1498.3,-16.08
18637,2223,2223-TX-E01,12,1517.0,1500.9,-16.08
19956,2223,2223-TX-E01,12,1513.0,1529.0,16.08
4727,2223,2223-TX-E01,12,1514.7,1530.8,16.08
19899,2223,2223-TX-E01,13,1539.5,1553.0,13.52
11311,2223,2223-TX-E01,13,1569.5,1583.0,13.52
21891,2223,2223-TX-E01,13,1500.0,1486.5,-13.52
1220,2223,2223-TX-E01,13,1500.6,1487.0,-13.52
16684,2223,2223-TX-E01,14,1500.0,1516.9,16.89
8762,2223,2223-TX-E01,14,1459.8,1476.7,16.89
11264,2223,2223-TX-E01,14,1498.6,1481.7,-16.89
10311,2223,2223-TX-E01,14,1500.0,1483.1,-16.89
11264,2223,2223-TX-E01,15,1481.7,1465.1,-16.6
9249,2223,2223-TX-E01,15,1484.0,1467.4,-16.6
10264,2223,2223-TX-E01,15,1469.7,1486.3,16.6
13625,2223,2223-TX-E01,15,1469.9,1486.5,16.6
18637,2223,2223-TX-E01,16,1500.9,1486.3,-14.63
17424,2223,2223-TX-E01,16,1470.2,1455.6,-14.63
21926,2223,2223-TX-E01,16,1500.0,1514.6,14.63
1320,2223,2223-TX-E01,16,1531.0,1545.6,14.63
12177,2223,2223-TX-E01,17,1500.0,1516.8,16.8
5170,2223,2223-TX-E01,17,1452.9,1469.7,16.8
10311,2223,2223-TX-E01,17,1483.1,1466.3,-16.8
21153,2223,2223-TX-E01,17,1504.5,1487.7,-16.8
10264,2223,2223-TX-E01,18,1486.3,1470.6,-15.74
3200,2223,2223-TX-E01,18,1514.9,1499.1,-15.74
19956,2223,2223-TX-E01,18,1529.0,1544.8,15.74
18831,2223,2223-TX-E01,18,1483.3,1499.1,15.74
11264,2223,2223-TX-E01,19,1465.1,1451.5,-13.58
5170,2223,2223-TX-E01,19,1469.7,1456.1,-13.58
19899,2223,2223-TX-E01,19,1553.0,1566.6,13.58
21153,2223,2223-TX-E01,19,1487.7,1501.3,13.58
15305,2223,2223-TX-E01,20,1515.4,1497.6,-17.71
3076,2223,2223-TX-E01,20,1532.7,1515.0,-17.71
14186,2223,2223-TX-E01,20,1502.8,1520.5,17.71
10264,2223,2223-TX-E01,20,1470.6,1488.3,17.71
17424,2223,2223-TX-E01,21,1455.6,1441.6,-13.97
5170,2223,2223-TX-E01,21,1456.1,1442.1,-13.97
21153,2223,2223-TX-E01,21,1501.3,1515.3,13.97
3200,2223,2223-TX-E01,21,1499.1,1513.1,13.97
5170,2223,2223-TX-E01,22,1442.1,1458.9,16.77
18593,2223,2223-TX-E01,22,1467.4,1484.2,16.77
8762,2223,2223-TX-E01,22,1476.7,1460.0,-16.77
10311,2223,2223-TX-E01,22,1466.3,1449.5,-16.77
21926,2223,2223-TX-E01,23,1514.6,1497.7,-16.96
23195,2223,2223-TX-E01,23,1497.9,1480.9,-16.96
18593,2223,2223-TX-E01,23,1484.2,1501.2,16.96
13625,2223,2223-TX-E01,23,1486.5,1503.5,16.96
12099,2223,2223-TX-E01,24,1483.9,1467.5,-16.47
3076,2223,2223-TX-E01,24,1515.0,1498.6,-16.47
15305,2223,2223-TX-E01,24,1497.6,1514.1,16.47
23195,2223,2223-TX-E01,24,1480.9,1497.4,16.47
5170,2223,2223-TX-E01,25,1458.9,1477.4,18.54
8762,2223,2223-TX-E01,25,1460.0,1478.5,18.54
18831,2223,2223-TX-E01,25,1499.1,1480.5,-18.54
4727,2223,2223-TX-E01,25,1530.8,1512.3,-18.54
10311,2223,2223-TX-E01,26,1449.5,1434.5,-15.0
12177,2223,2223-TX-E01,26,1516.8,1501.8,-15.0
4727,2223,2223-TX-E01,26,1512.3,1527.3,15.0
23195,2223,2223-TX-E01,26,1497.4,1512.4,15.0
21153,2223,2223-TX-E01,27,1515.3,1529.2,13.95
12099,2223,2223-TX-E01,27,1467.5,1481.4,13.95
17424,2223,2223-TX-E01,27,1441.6,1427.7,-13.95
11264,2223,2223-TX-E01,27,1451.5,1437.5,-13.95
19956,2223,2223-TX-E01,28,1544.8,1559.0,14.19
23195,2223,2223-TX-E01,28,1512.4,1526.6,14.19
18831,2223,2223-TX-E01,28,1480.5,1466.3,-14.19
21926,2223,2223-TX-E01,28,1497.7,1483.5,-14.19
21926,2223,2223-TX-E01,29,1483.5,1468.7,-14.78
21891,2223,2223-TX-E01,29,1486.5,1471.7,-14.78
1320,2223,2223-TX-E01,29,1545.6,1560.4,14.78
5170,2223,2223-TX-E01,29,1477.4,1492.2,14.78
19956,2223,2223-TX-E01,30,1559.0,1572.5,13.57
19699,2223,2223-TX-E01,30,1500.0,1513.6,13.57
18831,2223,2223-TX-E01,30,1466.3,1452.8,-13.57
18637,2223,2223-TX-E01,30,1486.3,1472.7,-13.57
18831,2223,2223-TX-E01,31,1452.8,1467.0,14.22
19899,2223,2223-TX-E01,31,1566.6,1580.8,14.22
15305,2223,2223-TX-E01,31,1514.1,1499.9,-14.22
17424,2223,2223-TX-E01,31,1427.7,1413.4,-14.22
21926,2223,2223-TX-E01,32,1468.7,1486.2,17.46
5541,2223,2223-TX-E01,32,1498.3,1515.7,17.46
19699,2223,2223-TX-E01,32,1513.6,1496.1,-17.46
16684,2223,2223-TX-E01,32,1516.9,1499.4,-17.46
21891,2223,2223-TX-E01,33,1471.7,1457.1,-14.63
16684,2223,2223-TX-E01,33,1499.4,1484.8,-14.63
4727,2223,2223-TX-E01,33,1527.3,1541.9,14.63
13625,2223,2223-TX-E01,33,1503.5,1518.1,14.63
1320,2223,2223-TX-E01,34,1560.4,1574.8,14.38
15305,2223,2223-TX-E01,34,1499.9,1514.3,14.38
10264,2223,2223-TX-E01,34,1488.3,1473.9,-14.38
18593,2223,2223-TX-E01,34,1501.2,1486.8,-14.38
3076,2223,2223-TX-E01,35,1498.6,1512.6,14.06
14186,2223,2223-TX-E01,35,1520.5,1534.6,14.06
18831,2223,2223-TX-E01,35,1467.0,1452.9,-14.06
9249,2223,2223-TX-E01,35,1467.4,1453.3,-14.06
15305,2223,2223-TX-E01,36,1514.3,1496.3,-18.0
19899,2223,2223-TX-E01,36,1580.8,1562.8,-18.0
8762,2223,2223-TX-E01,36,1478.5,1496.5,18.0
21153,2223,2223-TX-E01,36,1529.2,1547.2,18.0
14186,2223,2223-TX-E01,37,1534.6,1547.4,12.77
7312,2223,2223-TX-E01,37,1516.0,1528.8,12.77
10264,2223,2223-TX-E01,37,1473.9,1461.2,-12.77
10311,2223,2223-TX-E01,37,1434.5,1421.8,-12.77
1320,2223,2223-TX-E01,38,1574.8,1587.6,12.86
1220,2223,2223-TX-E01,38,1487.0,1499.9,12.86
12177,2223,2223-TX-E01,38,1501.8,1488.9,-12.86
10311,2223,2223-TX-E01,38,1421.8,1408.9,-12.86
9249,2223,2223-TX-E01,39,1453.3,1439.6,-13.77
19699,2223,2223-TX-E01,39,1496.1,1482.3,-13.77
21153,2223,2223-TX-E01,39,1547.2,1561.0,13.77
1220,2223,2223-TX-E01,39,1499.9,1513.7,13.77
3076,2223,2223-TX-E01,40,1512.6,1498.0,-14.58
10311,2223,2223-TX-E01,40,1408.9,1394.3,-14.58
8762,2223,2223-TX-E01,40,1496.5,1511.1,14.58
18593,2223,2223-TX-E01,40,1486.8,1501.4,14.58
3136,2223,2223-TX-E02,1,1500.0,1484.0,-16.0
19436,2223,2223-TX-E02,1,1500.0,1484.0,-16.0
10296,2223,2223-TX-E02,1,1500.0,1516.0,16.0
22439,2223,2223-TX-E02,1,1500.0,1516.0,16.0
5865,2223,2223-TX-E02,1,1500.0,1484.4,-15.63
9214,2223,2223-TX-E02,1,1500.0,1484.4,-15.63
22439,2223,2223-TX-E02,1,1516.0,1531.6,15.63
20823,2223,2223-TX-E02,1,1500.0,1515.6,15.63
10296,2223,2223-TX-E02,1,1516.0,1531.3,15.26
19595,2223,2223-TX-E02,1,1500.0,1515.3,15.26
19436,2223,2223-TX-E02,1,1484.0,1468.7,-15.26
14549,2223,2223-TX-E02,1,1500.0,1484.7,-15.26
5865,2223,2223-TX-E02,1,1484.4,1470.2,-14.22
9214,2223,2223-TX-E02,1,1484.4,1470.2,-14.22
10296,2223,2223-TX-E02,1,1531.3,1545.5,14.22
19595,2223,2223-TX-E02,1,1515.3,1529.5,14.22
19595,2223,2223-TX-E02,2,1529.5,1512.1,-17.4
20560,2223,2223-TX-E02,2,1500.0,1482.6,-17.4
11460,2223,2223-TX-E02,2,1500.0,1517.4,17.4
19436,2223,2223-TX-E02,2,1468.7,1486.1,17.4
5865,2223,2223-TX-E02,2,1470.2,1456.6,-13.56
9214,2223,2223-TX-E02,2,1470.2,1456.6,-13.56
22439,2223,2223-TX-E02,2,1531.6,1545.2,13.56
20823,2223,2223-TX-E02,2,1515.6,1529.2,13.56
10296,2223,2223-TX-E02,2,1545.5,1527.5,-17.99
19595,2223,2223-TX-E02,2,1512.1,1494.1,-17.99
19436,2223,2223-TX-E02,2,1486.1,1504.1,17.99
14549,2223,2223-TX-E02,2,1484.7,1502.7,17.99
5865,2223,2223-TX-E02,2,1456.6,1443.1,-13.52
9214,2223,2223-TX-E02,2,1456.6,1443.1,-13.52
10296,2223,2223-TX-E02,2,1527.5,1541.0,13.52
19595,2223,2223-TX-E02,2,1494.1,1507.6,13.52
3136,2223,2223-TX-E02,3,1484.0,1467.7,-16.3
11460,2223,2223-TX-E02,3,1517.4,1501.1,-16.3
22439,2223,2223-TX-E02,3,1545.2,1561.5,16.3
5865,2223,2223-TX-E02,3,1443.1,1459.4,16.3
10296,2223,2223-TX-E02,3,1541.0,1524.1,-16.96
19595,2223,2223-TX-E02,3,1507.6,1490.7,-16.96
19436,2223,2223-TX-E02,3,1504.1,1521.1,16.96
14549,2223,2223-TX-E02,3,1502.7,1519.7,16.96
22439,2223,2223-TX-E02,4,1561.5,1575.0,13.53
19595,2223,2223-TX-E02,4,1490.7,1504.2,13.53
11460,2223,2223-TX-E02,4,1501.1,1487.6,-13.53
9214,2223,2223-TX-E02,4,1443.1,1429.5,-13.53
22439,2223,2223-TX-E02,5,1575.0,1587.6,12.59
20823,2223,2223-TX-E02,5,1529.2,1541.8,12.59
9214,2223,2223-TX-E02,5,1429.5,1417.0,-12.59
10296,2223,2223-TX-E02,5,1524.1,1511.5,-12.59
10296,2223,2223-TX-E02,6,1511.5,1495.7,-15.77
20560,2223,2223-TX-E02,6,1482.6,1466.8,-15.77
19595,2223,2223-TX-E02,6,1504.2,1520.0,15.77
8624,2223,2223-TX-E02,6,1500.0,1515.8,15.77
14549,2223,2223-TX-E02,7,1519.7,1536.4,16.71
9214,2223,2223-TX-E02,7,1417.0,1433.7,16.71
2151,2223,2223-TX-E02,7,1500.0,1483.3,-16.71
3136,2223,2223-TX-E02,7,1467.7,1451.0,-16.71
20823,2223,2223-TX-E02,8,1541.8,1559.8,17.98
10296,2223,2223-TX-E02,8,1495.7,1513.7,17.98
22439,2223,2223-TX-E02,8,1587.6,1569.6,-17.98
14549,2223,2223-TX-E02,8,1536.4,1518.4,-17.98
5865,2223,2223-TX-E02,9,1459.4,1476.0,16.61
8624,2223,2223-TX-E02,9,1515.8,1532.4,16.61
14549,2223,2223-TX-E02,9,1518.4,1501.8,-16.61
2151,2223,2223-TX-E02,9,1483.3,1466.7,-16.61
11460,2223,2223-TX-E02,10,1487.6,1472.1,-15.42
10296,2223,2223-TX-E02,10,1513.7,1498.3,-15.42
20823,2223,2223-TX-E02,10,1559.8,1575.2,15.42
2151,2223,2223-TX-E02,10,1466.7,1482.1,15.42
10296,2223,2223-TX-E02,11,1498.3,1515.9,17.61
9214,2223,2223-TX-E02,11,1433.7,1451.3,17.61
19595,2223,2223-TX-E02,11,1520.0,1502.4,-17.61
2151,2223,2223-TX-E02,11,1482.1,1464.5,-17.61
11460,2223,2223-TX-E02,12,1472.1,1458.8,-13.33
2151,2223,2223-TX-E02,12,1464.5,1451.2,-13.33
8624,2223,2223-TX-E02,12,1532.4,1545.7,13.33
19436,2223,2223-TX-E02,12,1521.1,1534.4,13.33
19595,2223,2223-TX-E02,13,1502.4,1516.9,14.5
10296,2223,2223-TX-E02,13,1515.9,1530.4,14.5
14549,2223,2223-TX-E02,13,1501.8,1487.3,-14.5
3136,2223,2223-TX-E02,13,1451.0,1436.5,-14.5
14549,2223,2223-TX-E02,14,1487.3,1500.7,13.39
10296,2223,2223-TX-E02,14,1530.4,1543.8,13.39
3136,2223,2223-TX-E02,14,1436.5,1423.1,-13.39
20560,2223,2223-TX-E02,14,1466.8,1453.4,-13.39
20560,2223,2223-TX-E02,15,1453.4,1439.7,-13.78
14549,2223,2223-TX-E02,15,1500.7,1486.9,-13.78
20823,2223,2223-TX-E02,15,1575.2,1589.0,13.78
5865,2223,2223-TX-E02,15,1476.0,1489.8,13.78
3136,2223,2223-TX-E02,16,1423.1,1410.6,-12.52
11460,2223,2223-TX-E02,16,1458.8,1446.3,-12.52
8624,2223,2223-TX-E02,16,1545.7,1558.2,12.52
5865,2223,2223-TX-E02,16,1489.8,1502.3,12.52
5463,2223,2223-TX-E03,1,1500.0,1484.0,-16.0
13666,2223,2223-TX-E03,1,1500.0,1484.0,-16.0
1982,2223,2223-TX-E03,1,1500.0,1516.0,16.0
17254,2223,2223-TX-E03,1,1500.0,1516.0,16.0
2855,2223,2223-TX-E03,1,1500.0,1484.4,-15.63
14257,2223,2223-TX-E03,1,1500.0,1484.4,-15.63
17254,2223,2223-TX-E03,1,1516.0,1531.6,15.63
7922,2223,2223-TX-E03,1,1500.0,1515.6,15.63
2764,2223,2223-TX-E03,1,1500.0,1484.0,-16.0
16428,2223,2223-TX-E03,1,1500.0,1484.0,-16.0
13873,2223,2223-TX-E03,1,1500.0,1516.0,16.0
11408,2223,2223-TX-E03,1,1500.0,1516.0,16.0
2855,2223,2223-TX-E03,1,1484.4,1500.4,15.98
14257,2223,2223-TX-E03,1,1484.4,1500.4,15.98
2764,2223,2223-TX-E03,1,1484.0,1468.0,-15.98
16428,2223,2223-TX-E03,1,1484.0,1468.0,-15.98
2764,2223,2223-TX-E03,2,1468.0,1453.4,-14.61
12579,2223,2223-TX-E03,2,1471.6,1457.0,-14.61
13276,2223,2223-TX-E03,2,1500.0,1514.6,14.61
12821,2223,2223-TX-E03,2,1500.0,1514.6,14.61
2855,2223,2223-TX-E03,2,1500.4,1485.4,-14.93
14257,2223,2223-TX-E03,2,1500.4,1485.4,-14.93
17254,2223,2223-TX-E03,2,1531.6,1546.6,14.93
7922,2223,2223-TX-E03,2,1515.6,1530.6,14.93
2764,2223,2223-TX-E03,2,1453.4,1439.9,-13.48
16428,2223,2223-TX-E03,2,1468.0,1454.5,-13.48
13873,2223,2223-TX-E03,2,1516.0,1529.5,13.48
11408,2223,2223-TX-E03,2,1516.0,1529.5,13.48
2855,2223,2223-TX-E03,2,1485.4,1467.7,-17.75
14257,2223,2223-TX-E03,2,1485.4,1467.7,-17.75
2764,2223,2223-TX-E03,2,1439.9,1457.7,17.75
16428,2223,2223-TX-E03,2,1454.5,1472.3,17.75
6988,2223,2223-TX-E03,3,1500.0,1515.7,15.69
6602,2223,2223-TX-E03,3,1500.0,1515.7,15.69
22212,2223,2223-TX-E03,3,1500.0,1484.3,-15.69
17994,2223,2223-TX-E03,3,1486.5,1470.8,-15.69
2764,2223,2223-TX-E03,3,1457.7,1476.6,18.94
16428,2223,2223-TX-E03,3,1472.3,1491.2,18.94
13873,2223,2223-TX-E03,3,1529.5,1510.5,-18.94
11408,2223,2223-TX-E03,3,1529.5,1510.5,-18.94
2855,2223,2223-TX-E03,3,1467.7,1484.4,16.75
14257,2223,2223-TX-E03,3,1467.7,1484.4,16.75
2764,2223,2223-TX-E03,3,1476.6,1459.9,-16.75
16428,2223,2223-TX-E03,3,1491.2,1474.5,-16.75
2481,2223,2223-TX-E03,4,1500.0,1483.1,-16.93
2855,2223,2223-TX-E03,4,1484.4,1467.5,-16.93
2764,2223,2223-TX-E03,4,1459.9,1476.8,16.93
5463,2223,2223-TX-E03,4,1484.0,1500.9,16.93
13276,2223,2223-TX-E03,5,1514.6,1499.0,-15.63
20589,2223,2223-TX-E03,5,1500.0,1484.4,-15.63
7922,2223,2223-TX-E03,5,1530.6,1546.2,15.63
5082,2223,2223-TX-E03,5,1500.0,1515.6,15.63
24560,2223,2223-TX-E03,6,1500.0,1516.0,16.01
18478,2223,2223-TX-E03,6,1500.0,1516.0,16.01
1982,2223,2223-TX-E03,6,1516.0,1500.0,-16.01
20589,2223,2223-TX-E03,6,1484.4,1468.4,-16.01
17994,2223,2223-TX-E03,7,1470.8,1487.0,16.28
18224,2223,2223-TX-E03,7,1500.0,1516.3,16.28
2481,2223,2223-TX-E03,7,1483.1,1466.8,-16.28
1982,2223,2223-TX-E03,7,1500.0,1483.7,-16.28
18478,2223,2223-TX-E03,8,1516.0,1529.3,13.27
17254,2223,2223-TX-E03,8,1546.6,1559.8,13.27
16428,2223,2223-TX-E03,8,1474.5,1461.2,-13.27
20589,2223,2223-TX-E03,8,1468.4,1455.1,-13.27
24173,2223,2223-TX-E03,9,1500.0,1515.5,15.49
2855,2223,2223-TX-E03,9,1467.5,1483.0,15.49
13666,2223,2223-TX-E03,9,1484.0,1468.5,-15.49
16428,2223,2223-TX-E03,9,1461.2,1445.7,-15.49
5082,2223,2223-TX-E03,10,1515.6,1499.4,-16.26
13873,2223,2223-TX-E03,10,1510.5,1494.3,-16.26
24560,2223,2223-TX-E03,10,1516.0,1532.3,16.26
13276,2223,2223-TX-E03,10,1499.0,1515.2,16.26
12579,2223,2223-TX-E03,11,1457.0,1441.3,-15.68
16061,2223,2223-TX-E03,11,1500.0,1484.3,-15.68
6602,2223,2223-TX-E03,11,1515.7,1531.4,15.68
20589,2223,2223-TX-E03,11,1455.1,1470.8,15.68
13873,2223,2223-TX-E03,12,1494.3,1511.2,16.88
16061,2223,2223-TX-E03,12,1484.3,1501.2,16.88
7922,2223,2223-TX-E03,12,1546.2,1529.3,-16.88
20589,2223,2223-TX-E03,12,1470.8,1453.9,-16.88
20412,2223,2223-TX-E03,13,1500.0,1484.3,-15.73
24560,2223,2223-TX-E03,13,1532.3,1516.5,-15.73
17254,2223,2223-TX-E03,13,1559.8,1575.6,15.73
22212,2223,2223-TX-E03,13,1484.3,1500.0,15.73
17554,2223,2223-TX-E03,14,1500.0,1517.3,17.32
5463,2223,2223-TX-E03,14,1500.9,1518.3,17.32
18478,2223,2223-TX-E03,14,1529.3,1512.0,-17.32
7922,2223,2223-TX-E03,14,1529.3,1512.0,-17.32
12821,2223,2223-TX-E03,15,1514.6,1498.4,-16.25
12579,2223,2223-TX-E03,15,1441.3,1425.1,-16.25
16428,2223,2223-TX-E03,15,1445.7,1462.0,16.25
5082,2223,2223-TX-E03,15,1499.4,1515.6,16.25
23173,2223,2223-TX-E03,16,1500.0,1484.6,-15.37
18194,2223,2223-TX-E03,16,1500.0,1484.6,-15.37
24173,2223,2223-TX-E03,16,1515.5,1530.9,15.37
7922,2223,2223-TX-E03,16,1512.0,1527.4,15.37
20412,2223,2223-TX-E03,17,1484.3,1469.0,-15.27
12821,2223,2223-TX-E03,17,1498.4,1483.1,-15.27
1982,2223,2223-TX-E03,17,1483.7,1499.0,15.27
24173,2223,2223-TX-E03,17,1530.9,1546.1,15.27
18224,2223,2223-TX-E03,18,1516.3,1533.1,16.85
16428,2223,2223-TX-E03,18,1462.0,1478.8,16.85
16119,2223,2223-TX-E03,18,1500.0,1483.1,-16.85
13276,2223,2223-TX-E03,18,1515.2,1498.4,-16.85
20412,2223,2223-TX-E03,19,1469.0,1451.9,-17.1
17254,2223,2223-TX-E03,19,1575.6,1558.5,-17.1
23173,2223,2223-TX-E03,19,1484.6,1501.7,17.1
18478,2223,2223-TX-E03,19,1512.0,1529.1,17.1
14257,2223,2223-TX-E03,20,1484.4,1469.4,-15.02
19870,2223,2223-TX-E03,20,1500.0,1485.0,-15.02
13873,2223,2223-TX-E03,20,1511.2,1526.2,15.02
6988,2223,2223-TX-E03,20,1515.7,1530.7,15.02
19870,2223,2223-TX-E03,21,1485.0,1471.4,-13.62
14257,2223,2223-TX-E03,21,1469.4,1455.8,-13.62
17254,2223,2223-TX-E03,21,1558.5,1572.1,13.62
19847,2223,2223-TX-E03,21,1500.0,1513.6,13.62
5463,2223,2223-TX-E03,22,1518.3,1501.9,-16.33
19847,2223,2223-TX-E03,22,1513.6,1497.3,-16.33
17994,2223,2223-TX-E03,22,1487.0,1503.4,16.33
6988,2223,2223-TX-E03,22,1530.7,1547.0,16.33
19870,2223,2223-TX-E03,23,1471.4,1456.3,-15.07
20589,2223,2223-TX-E03,23,1453.9,1438.8,-15.07
1982,2223,2223-TX-E03,23,1499.0,1514.0,15.07
2481,2223,2223-TX-E03,23,1466.8,1481.9,15.07
5463,2223,2223-TX-E03,24,1501.9,1486.6,-15.31
18194,2223,2223-TX-E03,24,1484.6,1469.3,-15.31
22212,2223,2223-TX-E03,24,1500.0,1515.3,15.31
24560,2223,2223-TX-E03,24,1516.5,1531.8,15.31
11470,2223,2223-TX-E03,25,1500.0,1486.1,-13.9
20412,2223,2223-TX-E03,25,1451.9,1438.0,-13.9
19847,2223,2223-TX-E03,25,1497.3,1511.2,13.9
24173,2223,2223-TX-E03,25,1546.1,1560.0,13.9
11408,2223,2223-TX-E03,26,1510.5,1494.2,-16.3
24173,2223,2223-TX-E03,26,1560.0,1543.7,-16.3
13873,2223,2223-TX-E03,26,1526.2,1542.5,16.3
6602,2223,2223-TX-E03,26,1531.4,1547.7,16.3
19870,2223,2223-TX-E03,27,1456.3,1440.8,-15.45
12821,2223,2223-TX-E03,27,1483.1,1467.7,-15.45
2764,2223,2223-TX-E03,27,1476.8,1492.2,15.45
5463,2223,2223-TX-E03,27,1486.6,1502.1,15.45
17994,2223,2223-TX-E03,28,1503.4,1486.0,-17.34
6988,2223,2223-TX-E03,28,1547.0,1529.7,-17.34
24853,2223,2223-TX-E03,28,1500.0,1517.3,17.34
2764,2223,2223-TX-E03,28,1492.2,1509.6,17.34
12579,2223,2223-TX-E03,29,1425.1,1412.4,-12.67
16119,2223,2223-TX-E03,29,1483.1,1470.5,-12.67
2855,2223,2223-TX-E03,29,1483.0,1495.6,12.67
17254,2223,2223-TX-E03,29,1572.1,1584.7,12.67
13276,2223,2223-TX-E03,30,1498.4,1483.4,-15.0
20412,2223,2223-TX-E03,30,1438.0,1423.0,-15.0
13666,2223,2223-TX-E03,30,1468.5,1483.5,15.0
19847,2223,2223-TX-E03,30,1511.2,1526.2,15.0
5463,2223,2223-TX-E03,31,1502.1,1486.0,-16.05
18194,2223,2223-TX-E03,31,1469.3,1453.3,-16.05
13276,2223,2223-TX-E03,31,1483.4,1499.4,16.05
17994,2223,2223-TX-E03,31,1486.0,1502.1,16.05
23173,2223,2223-TX-E03,32,1501.7,1486.6,-15.12
16061,2223,2223-TX-E03,32,1501.2,1486.1,-15.12
1982,2223,2223-TX-E03,32,1514.0,1529.2,15.12
7922,2223,2223-TX-E03,32,1527.4,1542.5,15.12
19870,2223,2223-TX-E03,33,1440.8,1457.1,16.24
18478,2223,2223-TX-E03,33,1529.1,1545.3,16.24
16061,2223,2223-TX-E03,33,1486.1,1469.8,-16.24
11408,2223,2223-TX-E03,33,1494.2,1478.0,-16.24
5082,2223,2223-TX-E03,34,1515.6,1500.8,-14.78
12579,2223,2223-TX-E03,34,1412.4,1397.6,-14.78
20589,2223,2223-TX-E03,34,1438.8,1453.6,14.78
7922,2223,2223-TX-E03,34,1542.5,1557.2,14.78
2764,2223,2223-TX-E03,35,1509.6,1494.7,-14.88
16119,2223,2223-TX-E03,35,1470.5,1455.6,-14.88
18224,2223,2223-TX-E03,35,1533.1,1548.0,14.88
2855,2223,2223-TX-E03,35,1495.6,1510.5,14.88
12821,2223,2223-TX-E03,36,1467.7,1483.9,16.22
17994,2223,2223-TX-E03,36,1502.1,1518.3,16.22
19847,2223,2223-TX-E03,36,1526.2,1510.0,-16.22
18194,2223,2223-TX-E03,36,1453.3,1437.1,-16.22
2855,2223,2223-TX-E03,37,1510.5,1493.9,-16.62
6602,2223,2223-TX-E03,37,1547.7,1531.1,-16.62
11470,2223,2223-TX-E03,37,1486.1,1502.7,16.62
18478,2223,2223-TX-E03,37,1545.3,1561.9,16.62
6988,2223,2223-TX-E03,38,1529.7,1512.8,-16.92
20412,2223,2223-TX-E03,38,1423.0,1406.1,-16.92
19870,2223,2223-TX-E03,38,1457.1,1474.0,16.92
16119,2223,2223-TX-E03,38,1455.6,1472.5,16.92
16428,2223,2223-TX-E03,39,1478.8,1493.6,14.77
19847,2223,2223-TX-E03,39,1510.0,1524.8,14.77
2481,2223,2223-TX-E03,39,1481.9,1467.1,-14.77
20589,2223,2223-TX-E03,39,1453.6,1438.8,-14.77
18478,2223,2223-TX-E03,40,1561.9,1544.0,-17.93
22212,2223,2223-TX-E03,40,1515.3,1497.4,-17.93
13276,2223,2223-TX-E03,40,1499.4,1517.4,17.93
16428,2223,2223-TX-E03,40,1493.6,1511.5,17.93
5082,2223,2223-TX-E03,41,1500.8,1486.5,-14.38
12821,2223,2223-TX-E03,41,1483.9,1469.5,-14.38
16428,2223,2223-TX-E03,41,1511.5,1525.9,14.38
24173,2223,2223-TX-E03,41,1543.7,1558.1,14.38
16061,2223,2223-TX-E03,42,1469.8,1454.9,-14.94
19870,2223,2223-TX-E03,42,1474.0,1459.1,-14.94
16119,2223,2223-TX-E03,42,1472.5,1487.5,14.94
24853,2223,2223-TX-E03,42,1517.3,1532.3,14.94
11408,2223,2223-TX-E03,43,1478.0,1459.5,-18.52
19847,2223,2223-TX-E03,43,1524.8,1506.2,-18.52
2764,2223,2223-TX-E03,43,1494.7,1513.2,18.52
12579,2223,2223-TX-E03,43,1397.6,1416.2,18.52
19305,2223,2223-TX-E04,1,1500.0,1516.0,16.0
15117,2223,2223-TX-E04,1,1500.0,1516.0,16.0
21332,2223,2223-TX-E04,1,1500.0,1484.0,-16.0
15409,2223,2223-TX-E04,1,1500.0,1484.0,-16.0
10709,2223,2223-TX-E04,1,1500.0,1483.6,-16.37
19305,2223,2223-TX-E04,1,1516.0,1499.6,-16.37
13880,2223,2223-TX-E04,1,1500.0,1516.4,16.37
18157,2223,2223-TX-E04,1,1500.0,1516.4,16.37
11591,2223,2223-TX-E04,1,1500.0,1484.0,-16.0
9141,2223,2223-TX-E04,1,1500.0,1484.0,-16.0
11675,2223,2223-TX-E04,1,1500.0,1516.0,16.0
2882,2223,2223-TX-E04,1,1500.0,1516.0,16.0
10709,2223,2223-TX-E04,1,1483.6,1499.3,15.65
19305,2223,2223-TX-E04,1,1499.6,1515.3,15.65
11591,2223,2223-TX-E04,1,1484.0,1468.4,-15.65
9141,2223,2223-TX-E04,1,1484.0,1468.4,-15.65
11675,2223,2223-TX-E04,2,1516.0,1532.4,16.36
9141,2223,2223-TX-E04,2,1468.4,1484.7,16.36
22032,2223,2223-TX-E04,2,1500.0,1483.6,-16.36
15591,2223,2223-TX-E04,2,1500.0,1483.6,-16.36
10709,2223,2223-TX-E04,2,1499.3,1483.7,-15.58
19305,2223,2223-TX-E04,2,1515.3,1499.7,-15.58
13880,2223,2223-TX-E04,2,1516.4,1531.9,15.58
18157,2223,2223-TX-E04,2,1516.4,1531.9,15.58
11591,2223,2223-TX-E04,2,1468.4,1454.5,-13.82
9141,2223,2223-TX-E04,2,1484.7,1470.9,-13.82
11675,2223,2223-TX-E04,2,1532.4,1546.2,13.82
2882,2223,2223-TX-E04,2,1516.0,1529.8,13.82
10709,2223,2223-TX-E04,2,1483.7,1498.4,14.67
19305,2223,2223-TX-E04,2,1499.7,1514.4,14.67
11591,2223,2223-TX-E04,2,1454.5,1439.9,-14.67
9141,2223,2223-TX-E04,2,1470.9,1456.2,-14.67
13880,2223,2223-TX-E04,3,1531.9,1546.9,14.93
10709,2223,2223-TX-E04,3,1498.4,1513.3,14.93
15591,2223,2223-TX-E04,3,1483.6,1468.7,-14.93
1410,2223,2223-TX-E04,3,1500.0,1485.1,-14.93
11591,2223,2223-TX-E04,3,1439.9,1459.9,20.05
9141,2223,2223-TX-E04,3,1456.2,1476.3,20.05
11675,2223,2223-TX-E04,3,1546.2,1526.1,-20.05
2882,2223,2223-TX-E04,3,1529.8,1509.8,-20.05
10709,2223,2223-TX-E04,3,1513.3,1495.2,-18.09
19305,2223,2223-TX-E04,3,1514.4,1496.3,-18.09
11591,2223,2223-TX-E04,3,1459.9,1478.0,18.09
9141,2223,2223-TX-E04,3,1476.3,1494.4,18.09
15591,2223,2223-TX-E04,4,1468.7,1453.1,-15.66
18328,2223,2223-TX-E04,4,1500.0,1484.3,-15.66
20780,2223,2223-TX-E04,4,1500.0,1515.7,15.66
22032,2223,2223-TX-E04,4,1483.6,1499.3,15.66
15970,2223,2223-TX-E04,5,1500.0,1484.2,-15.77
3326,2223,2223-TX-E04,5,1500.0,1484.2,-15.77
11675,2223,2223-TX-E04,5,1526.1,1541.9,15.77
21332,2223,2223-TX-E04,5,1484.0,1499.8,15.77
2882,2223,2223-TX-E04,6,1509.8,1493.1,-16.64
4741,2223,2223-TX-E04,6,1500.0,1483.4,-16.64
19305,2223,2223-TX-E04,6,1496.3,1512.9,16.64
18751,2223,2223-TX-E04,6,1485.7,1502.3,16.64
9141,2223,2223-TX-E04,7,1494.4,1510.1,15.77
20780,2223,2223-TX-E04,7,1515.7,1531.4,15.77
21481,2223,2223-TX-E04,7,1500.0,1484.2,-15.77
4595,2223,2223-TX-E04,7,1500.0,1484.2,-15.77
15409,2223,2223-TX-E04,8,1484.0,1468.7,-15.29
3326,2223,2223-TX-E04,8,1484.2,1468.9,-15.29
22032,2223,2223-TX-E04,8,1499.3,1514.6,15.29
21826,2223,2223-TX-E04,8,1500.0,1515.3,15.29
4741,2223,2223-TX-E04,9,1483.4,1467.7,-15.62
21129,2223,2223-TX-E04,9,1500.0,1484.4,-15.62
23484,2223,2223-TX-E04,9,1500.0,1515.6,15.62
21332,2223,2223-TX-E04,9,1499.8,1515.4,15.62
10709,2223,2223-TX-E04,10,1495.2,1478.4,-16.77
20780,2223,2223-TX-E04,10,1531.4,1514.7,-16.77
7495,2223,2223-TX-E04,10,1500.0,1516.8,16.77
2882,2223,2223-TX-E04,10,1493.1,1509.9,16.77
15970,2223,2223-TX-E04,11,1484.2,1469.6,-14.66
21481,2223,2223-TX-E04,11,1484.2,1469.6,-14.66
11675,2223,2223-TX-E04,11,1541.9,1556.6,14.66
1410,2223,2223-TX-E04,11,1485.1,1499.7,14.66
21129,2223,2223-TX-E04,12,1484.4,1467.7,-16.7
23484,2223,2223-TX-E04,12,1515.6,1498.9,-16.7
5983,2223,2223-TX-E04,12,1500.0,1516.7,16.7
15970,2223,2223-TX-E04,12,1469.6,1486.3,16.7
18157,2223,2223-TX-E04,13,1531.9,1545.8,13.85
13880,2223,2223-TX-E04,13,1546.9,1560.7,13.85
3326,2223,2223-TX-E04,13,1468.9,1455.1,-13.85
15117,2223,2223-TX-E04,13,1516.0,1502.1,-13.85
3326,2223,2223-TX-E04,14,1455.1,1471.4,16.3
3175,2223,2223-TX-E04,14,1500.0,1516.3,16.3
15591,2223,2223-TX-E04,14,1453.1,1436.8,-16.3
21826,2223,2223-TX-E04,14,1515.3,1499.0,-16.3
3326,2223,2223-TX-E04,15,1471.4,1458.2,-13.23
4741,2223,2223-TX-E04,15,1467.7,1454.5,-13.23
13880,2223,2223-TX-E04,15,1560.7,1574.0,13.23
19111,2223,2223-TX-E04,15,1500.0,1513.2,13.23
10709,2223,2223-TX-E04,16,1478.4,1464.5,-13.9
15970,2223,2223-TX-E04,16,1486.3,1472.4,-13.9
11675,2223,2223-TX-E04,16,1556.6,1570.4,13.9
13597,2223,2223-TX-E04,16,1500.0,1513.9,13.9
15117,2223,2223-TX-E04,17,1502.1,1488.2,-13.99
15591,2223,2223-TX-E04,17,1436.8,1422.8,-13.99
2882,2223,2223-TX-E04,17,1509.9,1523.9,13.99
5983,2223,2223-TX-E04,17,1516.7,1530.7,13.99
20780,2223,2223-TX-E04,18,1514.7,1529.8,15.15
5983,2223,2223-TX-E04,18,1530.7,1545.8,15.15
2882,2223,2223-TX-E04,18,1523.9,1508.7,-15.15
18328,2223,2223-TX-E04,18,1484.3,1469.2,-15.15
18157,2223,2223-TX-E04,19,1545.8,1560.2,14.41
5127,2223,2223-TX-E04,19,1500.0,1514.4,14.41
2882,2223,2223-TX-E04,19,1508.7,1494.3,-14.41
21129,2223,2223-TX-E04,19,1467.7,1453.3,-14.41
15970,2223,2223-TX-E04,20,1472.4,1456.9,-15.51
21481,2223,2223-TX-E04,20,1469.6,1454.1,-15.51
2882,2223,2223-TX-E04,20,1494.3,1509.8,15.51
15409,2223,2223-TX-E04,20,1468.7,1484.2,15.51
21481,2223,2223-TX-E04,21,1454.1,1440.1,-13.92
1410,2223,2223-TX-E04,21,1499.7,1485.8,-13.92
18157,2223,2223-TX-E04,21,1560.2,1574.1,13.92
4595,2223,2223-TX-E04,21,1484.2,1498.2,13.92
23484,2223,2223-TX-E04,22,1498.9,1515.0,16.11
10709,2223,2223-TX-E04,22,1464.5,1480.6,16.11
9141,2223,2223-TX-E04,22,1510.1,1494.0,-16.11
3326,2223,2223-TX-E04,22,1458.2,1442.1,-16.11
5127,2223,2223-TX-E04,23,1514.4,1499.4,-15.05
21826,2223,2223-TX-E04,23,1499.0,1483.9,-15.05
15409,2223,2223-TX-E04,23,1484.2,1499.3,15.05
11675,2223,2223-TX-E04,23,1570.4,1585.5,15.05
19305,2223,2223-TX-E04,24,1512.9,1497.0,-15.92
22032,2223,2223-TX-E04,24,1514.6,1498.7,-15.92
18157,2223,2223-TX-E04,24,1574.1,1590.1,15.92
15970,2223,2223-TX-E04,24,1456.9,1472.8,15.92
10709,2223,2223-TX-E04,25,1480.6,1497.0,16.34
15970,2223,2223-TX-E04,25,1472.8,1489.1,16.34
21129,2223,2223-TX-E04,25,1453.3,1436.9,-16.34
23484,2223,2223-TX-E04,25,1515.0,1498.7,-16.34
4741,2223,2223-TX-E04,26,1454.5,1468.5,14.01
19305,2223,2223-TX-E04,26,1497.0,1511.0,14.01
3326,2223,2223-TX-E04,26,1442.1,1428.0,-14.01
15591,2223,2223-TX-E04,26,1422.8,1408.7,-14.01
3175,2223,2223-TX-E04,27,1516.3,1531.3,15.0
19111,2223,2223-TX-E04,27,1513.2,1528.2,15.0
18751,2223,2223-TX-E04,27,1502.3,1487.3,-15.0
21826,2223,2223-TX-E04,27,1483.9,1468.9,-15.0
15117,2223,2223-TX-E04,28,1488.2,1501.1,12.94
18157,2223,2223-TX-E04,28,1590.1,1603.0,12.94
21332,2223,2223-TX-E04,28,1515.4,1502.5,-12.94
3326,2223,2223-TX-E04,28,1428.0,1415.1,-12.94
18751,2223,2223-TX-E04,29,1487.3,1474.6,-12.74
4741,2223,2223-TX-E04,29,1468.5,1455.8,-12.74
13597,2223,2223-TX-E04,29,1513.9,1526.6,12.74
11675,2223,2223-TX-E04,29,1585.5,1598.2,12.74
9141,2223,2223-TX-E04,30,1494.0,1507.8,13.81
21332,2223,2223-TX-E04,30,1502.5,1516.3,13.81
1410,2223,2223-TX-E04,30,1485.8,1472.0,-13.81
3326,2223,2223-TX-E04,30,1415.1,1401.3,-13.81
1410,2223,2223-TX-E04,31,1472.0,1486.6,14.58
13880,2223,2223-TX-E04,31,1574.0,1588.5,14.58
4741,2223,2223-TX-E04,31,1455.8,1441.2,-14.58
19111,2223,2223-TX-E04,31,1528.2,1513.7,-14.58
11675,2223,2223-TX-E04,32,1598.2,1610.5,12.31
13880,2223,2223-TX-E04,32,1588.5,1600.8,12.31
19111,2223,2223-TX-E04,32,1513.7,1501.3,-12.31
2882,2223,2223-TX-E04,32,1509.8,1497.5,-12.31
13597,2223,2223-TX-E04,33,1526.6,1542.0,15.36
22032,2223,2223-TX-E04,33,1498.7,1514.0,15.36
5127,2223,2223-TX-E04,33,1499.4,1484.0,-15.36
4595,2223,2223-TX-E04,33,1498.2,1482.8,-15.36
2882,2223,2223-TX-E04,34,1497.5,1481.8,-15.71
22032,2223,2223-TX-E04,34,1514.0,1498.3,-15.71
9141,2223,2223-TX-E04,34,1507.8,1523.6,15.71
21332,2223,2223-TX-E04,34,1516.3,1532.0,15.71
21481,2223,2223-TX-E04,35,1440.1,1456.9,16.78
19305,2223,2223-TX-E04,35,1511.0,1527.8,16.78
15117,2223,2223-TX-E04,35,1501.1,1484.3,-16.78
5127,2223,2223-TX-E04,35,1484.0,1467.2,-16.78
22032,2223,2223-TX-E04,36,1498.3,1511.3,12.95
5983,2223,2223-TX-E04,36,1545.8,1558.8,12.95
19111,2223,2223-TX-E04,36,1501.3,1488.4,-12.95
15591,2223,2223-TX-E04,36,1408.7,1395.8,-12.95
15970,2223,2223-TX-E04,37,1489.1,1502.4,13.28
18157,2223,2223-TX-E04,37,1603.0,1616.3,13.28
15117,2223,2223-TX-E04,37,1484.3,1471.0,-13.28
19111,2223,2223-TX-E04,37,1488.4,1475.1,-13.28
15970,2223,2223-TX-E04,38,1502.4,1520.3,17.94
5983,2223,2223-TX-E04,38,1558.8,1576.7,17.94
20780,2223,2223-TX-E04,38,1529.8,1511.9,-17.94
18157,2223,2223-TX-E04,38,1616.3,1598.3,-17.94
15215,2324,2324-AU-AUADOS,1,1500.0,1514.3,14.35
15210,2324,2324-AU-AUADOS,1,1572.0,1586.3,14.35
24736,2324,2324-AU-AUADOS,1,1500.0,1485.7,-14.35
19377,2324,2324-AU-AUADOS,1,1500.0,1485.7,-14.35
22116,2324,2324-AU-AUADOS,1,1532.8,1518.7,-14.12
19377,2324,2324-AU-AUADOS,1,1485.7,1471.5,-14.12
15215,2324,2324-AU-AUADOS,1,1514.3,1528.5,14.12
15210,2324,2324-AU-AUADOS,1,1586.3,1600.5,14.12
14380,2324,2324-AU-AUADOS,2,1644.8,1628.4,-16.48
11505,2324,2324-AU-AUADOS,2,1394.8,1378.3,-16.48
22407,2324,2324-AU-AUADOS,2,1500.0,1516.5,16.48
22116,2324,2324-AU-AUADOS,2,1518.7,1535.2,16.48
22116,2324,2324-AU-AUADOS,2,1535.2,1522.0,-13.21
19377,2324,2324-AU-AUADOS,2,1471.5,1458.3,-13.21
15215,2324,2324-AU-AUADOS,2,1528.5,1541.7,13.21
15210,2324,2324-AU-AUADOS,2,1600.5,1613.7,13.21
11505,2324,2324-AU-AUADOS,3,1378.3,1368.4,-9.93
19377,2324,2324-AU-AUADOS,3,1458.3,1448.4,-9.93
24736,2324,2324-AU-AUADOS,3,1485.7,1495.6,9.93
14380,2324,2324-AU-AUADOS,3,1628.4,1638.3,9.93
15215,2324,2324-AU-AUADOS,3,1541.7,1522.4,-19.25
15210,2324,2324-AU-AUADOS,3,1613.7,1594.4,-19.25
22407,2324,2324-AU-AUADOS,3,1516.5,1535.7,19.25
24736,2324,2324-AU-AUADOS,3,1495.6,1514.8,19.25
15215,2324,2324-AU-AUADOS,4,1522.4,1507.8,-14.66
22407,2324,2324-AU-AUADOS,4,1535.7,1521.1,-14.66
22116,2324,2324-AU-AUADOS,4,1522.0,1536.6,14.66
15210,2324,2324-AU-AUADOS,4,1594.4,1609.1,14.66
22116,2324,2324-AU-AUADOS,5,1536.6,1521.8,-14.83
19377,2324,2324-AU-AUADOS,5,1448.4,1433.6,-14.83
24736,2324,2324-AU-AUADOS,5,1514.8,1529.7,14.83
22407,2324,2324-AU-AUADOS,5,1521.1,1535.9,14.83
15215,2324,2324-AU-AUADOS,6,1507.8,1520.0,12.19
14380,2324,2324-AU-AUADOS,6,1638.3,1650.5,12.19
11505,2324,2324-AU-AUADOS,6,1368.4,1356.2,-12.19
15210,2324,2324-AU-AUADOS,6,1609.1,1596.9,-12.19
15210,2324,2324-AU-AUADOS,7,1596.9,1577.4,-19.46
19377,2324,2324-AU-AUADOS,7,1433.6,1414.1,-19.46
22116,2324,2324-AU-AUADOS,7,1521.8,1541.2,19.46
11505,2324,2324-AU-AUADOS,7,1356.2,1375.6,19.46
15215,2324,2324-AU-AUADOS,8,1520.0,1507.1,-12.89
24736,2324,2324-AU-AUADOS,8,1529.7,1516.8,-12.89
14380,2324,2324-AU-AUADOS,8,1650.5,1663.4,12.89
22407,2324,2324-AU-AUADOS,8,1535.9,1548.8,12.89
22407,2324,2324-AU-AUADOS,9,1548.8,1532.7,-16.08
11505,2324,2324-AU-AUADOS,9,1375.6,1359.6,-16.08
19377,2324,2324-AU-AUADOS,9,1414.1,1430.2,16.08
15215,2324,2324-AU-AUADOS,9,1507.1,1523.1,16.08
15210,2324,2324-AU-AUADOS,10,1577.4,1564.0,-13.48
24736,2324,2324-AU-AUADOS,10,1516.8,1503.3,-13.48
22116,2324,2324-AU-AUADOS,10,1541.2,1554.7,13.48
14380,2324,2324-AU-AUADOS,10,1663.4,1676.9,13.48
19377,2324,2324-AU-AUADQ,1,1430.2,1417.6,-12.6
15215,2324,2324-AU-AUADQ,1,1523.1,1510.5,-12.6
18003,2324,2324-AU-AUADQ,1,1539.3,1551.9,12.6
15210,2324,2324-AU-AUADQ,1,1564.0,1576.6,12.6
18003,2324,2324-AU-AUADQ,1,1551.9,1563.7,11.82
22116,2324,2324-AU-AUADQ,1,1554.7,1566.5,11.82
19377,2324,2324-AU-AUADQ,1,1417.6,1405.8,-11.82
24736,2324,2324-AU-AUADQ,1,1503.3,1491.5,-11.82
22116,2324,2324-AU-AUADQ,2,1566.5,1581.8,15.22
21531,2324,2324-AU-AUADQ,2,1500.0,1515.2,15.22
23686,2324,2324-AU-AUADQ,2,1500.0,1484.8,-15.22
22407,2324,2324-AU-AUADQ,2,1532.7,1517.5,-15.22
22116,2324,2324-AU-AUADQ,2,1581.8,1560.3,-21.48
18003,2324,2324-AU-AUADQ,2,1563.7,1542.2,-21.48
19377,2324,2324-AU-AUADQ,2,1405.8,1427.2,21.48
24736,2324,2324-AU-AUADQ,2,1491.5,1513.0,21.48
18611,2324,2324-AU-AUADQ,3,1500.0,1484.2,-15.8
24736,2324,2324-AU-AUADQ,3,1513.0,1497.2,-15.8
15216,2324,2324-AU-AUADQ,3,1504.3,1520.1,15.8
22407,2324,2324-AU-AUADQ,3,1517.5,1533.3,15.8
18003,2324,2324-AU-AUADQ,3,1542.2,1554.2,11.99
22116,2324,2324-AU-AUADQ,3,1560.3,1572.3,11.99
19377,2324,2324-AU-AUADQ,3,1427.2,1415.3,-11.99
24736,2324,2324-AU-AUADQ,3,1497.2,1485.2,-11.99
22116,2324,2324-AU-AUADQ,4,1572.3,1587.8,15.57
23686,2324,2324-AU-AUADQ,4,1484.8,1500.3,15.57
18003,2324,2324-AU-AUADQ,4,1554.2,1538.6,-15.57
18611,2324,2324-AU-AUADQ,4,1484.2,1468.6,-15.57
21531,2324,2324-AU-AUADQ,5,1515.2,1498.2,-17.0
15216,2324,2324-AU-AUADQ,5,1520.1,1503.1,-17.0
19377,2324,2324-AU-AUADQ,5,1415.3,1432.3,17.0
15210,2324,2324-AU-AUADQ,5,1576.6,1593.6,17.0
15210,2324,2324-AU-AUADQ,6,1593.6,1576.8,-16.72
15215,2324,2324-AU-AUADQ,6,1510.5,1493.8,-16.72
24736,2324,2324-AU-AUADQ,6,1485.2,1501.9,16.72
22116,2324,2324-AU-AUADQ,6,1587.8,1604.6,16.72
18611,2324,2324-AU-AUADQ,7,1468.6,1454.9,-13.68
19377,2324,2324-AU-AUADQ,7,1432.3,1418.6,-13.68
23686,2324,2324-AU-AUADQ,7,1500.3,1514.0,13.68
24736,2324,2324-AU-AUADQ,7,1501.9,1515.6,13.68
15215,2324,2324-AU-AUADQ,8,1493.8,1509.8,15.98
18003,2324,2324-AU-AUADQ,8,1538.6,1554.6,15.98
21531,2324,2324-AU-AUADQ,8,1498.2,1482.2,-15.98
22407,2324,2324-AU-AUADQ,8,1533.3,1517.3,-15.98
15210,2324,2324-AU-AUADQ,9,1576.8,1559.6,-17.29
15216,2324,2324-AU-AUADQ,9,1503.1,1485.8,-17.29
15215,2324,2324-AU-AUADQ,9,1509.8,1527.1,17.29
23686,2324,2324-AU-AUADQ,9,1514.0,1531.3,17.29
22407,2324,2324-AU-AUADQ,10,1517.3,1528.5,11.15
22116,2324,2324-AU-AUADQ,10,1604.6,1615.7,11.15
15216,2324,2324-AU-AUADQ,10,1485.8,1474.6,-11.15
19377,2324,2324-AU-AUADQ,10,1418.6,1407.4,-11.15
24736,2324,2324-AU-AUADQ,11,1515.6,1528.5,12.97
18003,2324,2324-AU-AUADQ,11,1554.6,1567.6,12.97
18611,2324,2324-AU-AUADQ,11,1454.9,1442.0,-12.97
21531,2324,2324-AU-AUADQ,11,1482.2,1469.3,-12.97
18003,2324,2324-AU-AUADQ,12,1567.6,1583.5,15.88
22407,2324,2324-AU-AUADQ,12,1528.5,1544.3,15.88
15210,2324,2324-AU-AUADQ,12,1559.6,1543.7,-15.88
23686,2324,2324-AU-AUADQ,12,1531.3,1515.4,-15.88
21531,2324,2324-AU-AUADQ,13,1469.3,1487.4,18.12
24736,2324,2324-AU-AUADQ,13,1528.5,1546.7,18.12
15216,2324,2324-AU-AUADQ,13,1474.6,1456.5,-18.12
22116,2324,2324-AU-AUADQ,13,1615.7,1597.6,-18.12
18611,2324,2324-AU-AUADQ,14,1442.0,1424.3,-17.7
15215,2324,2324-AU-AUADQ,14,1527.1,1509.4,-17.7
21531,2324,2324-AU-AUADQ,14,1487.4,1505.1,17.7
19377,2324,2324-AU-AUADQ,14,1407.4,1425.1,17.7
19377,2324,2324-AU-AUADQ,15,1425.1,1441.0,15.88
18003,2324,2324-AU-AUADQ,15,1583.5,1599.3,15.88
24736,2324,2324-AU-AUADQ,15,1546.7,1530.8,-15.88
15216,2324,2324-AU-AUADQ,15,1456.5,1440.7,-15.88
22407,2324,2324-AU-AUADQ,16,1544.3,1558.8,14.48
15210,2324,2324-AU-AUADQ,16,1543.7,1558.2,14.48
22116,2324,2324-AU-AUADQ,16,1597.6,1583.1,-14.48
18611,2324,2324-AU-AUADQ,16,1424.3,1409.8,-14.48
18611,2324,2324-AU-AUADQ,17,1409.8,1428.4,18.62
23686,2324,2324-AU-AUADQ,17,1515.4,1534.1,18.62
24736,2324,2324-AU-AUADQ,17,1530.8,1512.2,-18.62
15215,2324,2324-AU-AUADQ,17,1509.4,1490.8,-18.62
19451,2324,2324-AU-AUBRQ,1,1424.8,1442.2,17.38
23332,2324,2324-AU-AUBRQ,1,1500.0,1517.4,17.38
19636,2324,2324-AU-AUBRQ,1,1484.8,1467.4,-17.38
11326,2324,2324-AU-AUBRQ,1,1500.0,1482.6,-17.38
14380,2324,2324-AU-AUBRQ,1,1676.9,1690.0,13.14
11325,2324,2324-AU-AUBRQ,1,1500.0,1513.1,13.14
11322,2324,2324-AU-AUBRQ,1,1532.2,1519.0,-13.14
17101,2324,2324-AU-AUBRQ,1,1519.2,1506.0,-13.14
24089,2324,2324-AU-AUBRQ,2,1500.0,1516.1,16.14
23454,2324,2324-AU-AUBRQ,2,1500.0,1516.1,16.14
17101,2324,2324-AU-AUBRQ,2,1506.0,1489.9,-16.14
24528,2324,2324-AU-AUBRQ,2,1500.0,1483.9,-16.14
12993,2324,2324-AU-AUBRQ,2,1796.1,1802.8,6.73
11325,2324,2324-AU-AUBRQ,2,1513.1,1519.9,6.73
11505,2324,2324-AU-AUBRQ,2,1359.6,1352.8,-6.73
17101,2324,2324-AU-AUBRQ,2,1489.9,1483.2,-6.73
17556,2324,2324-AU-AUBRQ,3,1471.0,1489.5,18.52
19560,2324,2324-AU-AUBRQ,3,1421.4,1439.9,18.52
23173,2324,2324-AU-AUBRQ,3,1486.6,1468.1,-18.52
14340,2324,2324-AU-AUBRQ,3,1516.0,1497.5,-18.52
16637,2324,2324-AU-AUBRQ,4,1422.5,1415.0,-7.44
11505,2324,2324-AU-AUBRQ,4,1352.8,1345.4,-7.44
14380,2324,2324-AU-AUBRQ,4,1690.0,1697.4,7.44
23334,2324,2324-AU-AUBRQ,4,1500.0,1507.4,7.44
23065,2324,2324-AU-AUBRQ,5,1500.0,1512.0,11.97
16492,2324,2324-AU-AUBRQ,5,1577.9,1589.8,11.97
11323,2324,2324-AU-AUBRQ,5,1398.9,1386.9,-11.97
18439,2324,2324-AU-AUBRQ,5,1500.0,1488.0,-11.97
11506,2324,2324-AU-AUBRQ,6,1404.1,1384.3,-19.79
12993,2324,2324-AU-AUBRQ,6,1802.8,1783.0,-19.79
11325,2324,2324-AU-AUBRQ,6,1519.9,1539.7,19.79
11322,2324,2324-AU-AUBRQ,6,1519.0,1538.8,19.79
21511,2324,2324-AU-AUBRQ,7,1505.9,1519.7,13.78
19450,2324,2324-AU-AUBRQ,7,1547.3,1561.1,13.78
19480,2324,2324-AU-AUBRQ,7,1426.1,1412.3,-13.78
14579,2324,2324-AU-AUBRQ,7,1530.1,1516.3,-13.78
15145,2324,2324-AU-AUBRQ,8,1546.4,1559.1,12.77
14466,2324,2324-AU-AUBRQ,8,1531.2,1544.0,12.77
11324,2324,2324-AU-AUBRQ,8,1500.0,1487.2,-12.77
13710,2324,2324-AU-AUBRQ,8,1435.4,1422.6,-12.77
23335,2324,2324-AU-AUBRQ,9,1500.0,1483.3,-16.74
13626,2324,2324-AU-AUBRQ,9,1448.7,1432.0,-16.74
17556,2324,2324-AU-AUBRQ,9,1489.5,1506.3,16.74
16337,2324,2324-AU-AUBRQ,9,1427.1,1443.8,16.74
18439,2324,2324-AU-AUBRQ,10,1488.0,1501.9,13.85
23454,2324,2324-AU-AUBRQ,10,1516.1,1530.0,13.85
19451,2324,2324-AU-AUBRQ,10,1442.2,1428.4,-13.85
23173,2324,2324-AU-AUBRQ,10,1468.1,1454.3,-13.85
19636,2324,2324-AU-AUBRQ,11,1467.4,1490.0,22.54
14340,2324,2324-AU-AUBRQ,11,1497.5,1520.1,22.54
24528,2324,2324-AU-AUBRQ,11,1483.9,1461.3,-22.54
12993,2324,2324-AU-AUBRQ,11,1783.0,1760.4,-22.54
11323,2324,2324-AU-AUBRQ,12,1386.9,1372.6,-14.35
23332,2324,2324-AU-AUBRQ,12,1517.4,1503.0,-14.35
19450,2324,2324-AU-AUBRQ,12,1561.1,1575.4,14.35
16637,2324,2324-AU-AUBRQ,12,1415.0,1429.4,14.35
11505,2324,2324-AU-AUBRQ,13,1345.4,1368.2,22.76
19480,2324,2324-AU-AUBRQ,13,1412.3,1435.0,22.76
23065,2324,2324-AU-AUBRQ,13,1512.0,1489.2,-22.76
15145,2324,2324-AU-AUBRQ,13,1559.1,1536.4,-22.76
23335,2324,2324-AU-AUBRQ,14,1483.3,1498.8,15.56
17101,2324,2324-AU-AUBRQ,14,1483.2,1498.7,15.56
23334,2324,2324-AU-AUBRQ,14,1507.4,1491.9,-15.56
19560,2324,2324-AU-AUBRQ,14,1439.9,1424.3,-15.56
16337,2324,2324-AU-AUBRQ,15,1443.8,1457.1,13.27
14380,2324,2324-AU-AUBRQ,15,1697.4,1710.7,13.27
11322,2324,2324-AU-AUBRQ,15,1538.8,1525.5,-13.27
11326,2324,2324-AU-AUBRQ,15,1482.6,1469.4,-13.27
13626,2324,2324-AU-AUBRQ,16,1432.0,1420.2,-11.79
11506,2324,2324-AU-AUBRQ,16,1384.3,1372.5,-11.79
11324,2324,2324-AU-AUBRQ,16,1487.2,1499.0,11.79
14579,2324,2324-AU-AUBRQ,16,1516.3,1528.1,11.79
13710,2324,2324-AU-AUBRQ,17,1422.6,1440.3,17.69
11325,2324,2324-AU-AUBRQ,17,1539.7,1557.3,17.69
21511,2324,2324-AU-AUBRQ,17,1519.7,1502.0,-17.69
24089,2324,2324-AU-AUBRQ,17,1516.1,1498.5,-17.69
14466,2324,2324-AU-AUBRQ,18,1544.0,1561.0,17.03
16637,2324,2324-AU-AUBRQ,18,1429.4,1446.4,17.03
16492,2324,2324-AU-AUBRQ,18,1589.8,1572.8,-17.03
19451,2324,2324-AU-AUBRQ,18,1428.4,1411.3,-17.03
11323,2324,2324-AU-AUBRQ,19,1372.6,1360.4,-12.13
17101,2324,2324-AU-AUBRQ,19,1498.7,1486.6,-12.13
15145,2324,2324-AU-AUBRQ,19,1536.4,1548.5,12.13
17556,2324,2324-AU-AUBRQ,19,1506.3,1518.4,12.13
11326,2324,2324-AU-AUBRQ,20,1469.4,1453.4,-15.93
24528,2324,2324-AU-AUBRQ,20,1461.3,1445.4,-15.93
19480,2324,2324-AU-AUBRQ,20,1435.0,1451.0,15.93
23335,2324,2324-AU-AUBRQ,20,1498.8,1514.7,15.93
12993,2324,2324-AU-AUBRQ,21,1760.4,1739.4,-21.04
23173,2324,2324-AU-AUBRQ,21,1454.3,1433.2,-21.04
23065,2324,2324-AU-AUBRQ,21,1489.2,1510.2,21.04
11324,2324,2324-AU-AUBRQ,21,1499.0,1520.1,21.04
19560,2324,2324-AU-AUBRQ,22,1424.3,1412.2,-12.19
19636,2324,2324-AU-AUBRQ,22,1490.0,1477.8,-12.19
14380,2324,2324-AU-AUBRQ,22,1710.7,1722.9,12.19
11506,2324,2324-AU-AUBRQ,22,1372.5,1384.7,12.19
23454,2324,2324-AU-AUBRQ,23,1530.0,1514.9,-15.05
23334,2324,2324-AU-AUBRQ,23,1491.9,1476.8,-15.05
21511,2324,2324-AU-AUBRQ,23,1502.0,1517.0,15.05
14466,2324,2324-AU-AUBRQ,23,1561.0,1576.1,15.05
13626,2324,2324-AU-AUBRQ,24,1420.2,1408.3,-11.9
24089,2324,2324-AU-AUBRQ,24,1498.5,1486.6,-11.9
19450,2324,2324-AU-AUBRQ,24,1575.4,1587.3,11.9
11322,2324,2324-AU-AUBRQ,24,1525.5,1537.4,11.9
16337,2324,2324-AU-AUBRQ,25,1457.1,1443.4,-13.68
18439,2324,2324-AU-AUBRQ,25,1501.9,1488.2,-13.68
23332,2324,2324-AU-AUBRQ,25,1503.0,1516.7,13.68
11325,2324,2324-AU-AUBRQ,25,1557.3,1571.0,13.68
14579,2324,2324-AU-AUBRQ,26,1528.1,1546.9,18.84
13710,2324,2324-AU-AUBRQ,26,1440.3,1459.2,18.84
14340,2324,2324-AU-AUBRQ,26,1520.1,1501.2,-18.84
16492,2324,2324-AU-AUBRQ,26,1572.8,1554.0,-18.84
11323,2324,2324-AU-AUBRQ,27,1360.4,1369.5,9.12
12993,2324,2324-AU-AUBRQ,27,1739.4,1748.5,9.12
11505,2324,2324-AU-AUBRQ,27,1368.2,1359.0,-9.12
19560,2324,2324-AU-AUBRQ,27,1412.2,1403.0,-9.12
23334,2324,2324-AU-AUBRQ,28,1476.8,1455.7,-21.1
15145,2324,2324-AU-AUBRQ,28,1548.5,1527.4,-21.1
11506,2324,2324-AU-AUBRQ,28,1384.7,1405.8,21.1
19451,2324,2324-AU-AUBRQ,28,1411.3,1432.4,21.1
19450,2324,2324-AU-AUBRQ,29,1587.3,1599.5,12.22
11324,2324,2324-AU-AUBRQ,29,1520.1,1532.3,12.22
17101,2324,2324-AU-AUBRQ,29,1486.6,1474.4,-12.22
11326,2324,2324-AU-AUBRQ,29,1453.4,1441.2,-12.22
24528,2324,2324-AU-AUBRQ,30,1445.4,1465.8,20.43
16337,2324,2324-AU-AUBRQ,30,1443.4,1463.9,20.43
23065,2324,2324-AU-AUBRQ,30,1510.2,1489.8,-20.43
14466,2324,2324-AU-AUBRQ,30,1576.1,1555.6,-20.43
19636,2324,2324-AU-AUBRQ,31,1477.8,1460.7,-17.15
14579,2324,2324-AU-AUBRQ,31,1546.9,1529.8,-17.15
18439,2324,2324-AU-AUBRQ,31,1488.2,1505.4,17.15
24089,2324,2324-AU-AUBRQ,31,1486.6,1503.7,17.15
23173,2324,2324-AU-AUBRQ,32,1433.2,1414.3,-18.91
16492,2324,2324-AU-AUBRQ,32,1554.0,1535.1,-18.91
13626,2324,2324-AU-AUBRQ,32,1408.3,1427.2,18.91
19480,2324,2324-AU-AUBRQ,32,1451.0,1469.9,18.91
11325,2324,2324-AU-AUBRQ,33,1571.0,1581.0,9.92
14380,2324,2324-AU-AUBRQ,33,1722.9,1732.8,9.92
14340,2324,2324-AU-AUBRQ,33,1501.2,1491.3,-9.92
23454,2324,2324-AU-AUBRQ,33,1514.9,1505.0,-9.92
17556,2324,2324-AU-AUBRQ,34,1518.4,1537.9,19.54
11505,2324,2324-AU-AUBRQ,34,1359.0,1378.6,19.54
23332,2324,2324-AU-AUBRQ,34,1516.7,1497.2,-19.54
21511,2324,2324-AU-AUBRQ,34,1517.0,1497.5,-19.54
11322,2324,2324-AU-AUBRQ,35,1537.4,1552.6,15.18
13710,2324,2324-AU-AUBRQ,35,1459.2,1474.3,15.18
23335,2324,2324-AU-AUBRQ,35,1514.7,1499.6,-15.18
16637,2324,2324-AU-AUBRQ,35,1446.4,1431.2,-15.18
14466,2324,2324-AU-AUBRQ,36,1555.6,1539.4,-16.28
19560,2324,2324-AU-AUBRQ,36,1403.0,1386.8,-16.28
11326,2324,2324-AU-AUBRQ,36,1441.2,1457.5,16.28
18439,2324,2324-AU-AUBRQ,36,1505.4,1521.6,16.28
19451,2324,2324-AU-AUBRQ,37,1432.4,1448.6,16.2
11324,2324,2324-AU-AUBRQ,37,1532.3,1548.5,16.2
19480,2324,2324-AU-AUBRQ,37,1469.9,1453.7,-16.2
24089,2324,2324-AU-AUBRQ,37,1503.7,1487.5,-16.2
23173,2324,2324-AU-AUBRQ,38,1414.3,1406.9,-7.44
11323,2324,2324-AU-AUBRQ,38,1369.5,1362.1,-7.44
24528,2324,2324-AU-AUBRQ,38,1465.8,1473.3,7.44
14380,2324,2324-AU-AUBRQ,38,1732.8,1740.3,7.44
16492,2324,2324-AU-AUBRQ,39,1535.1,1514.8,-20.29
19450,2324,2324-AU-AUBRQ,39,1599.5,1579.2,-20.29
17556,2324,2324-AU-AUBRQ,39,1537.9,1558.2,20.29
11506,2324,2324-AU-AUBRQ,39,1405.8,1426.0,20.29
16637,2324,2324-AU-AUBRQ,40,1431.2,1448.6,17.36
21511,2324,2324-AU-AUBRQ,40,1497.5,1514.9,17.36
15145,2324,2324-AU-AUBRQ,40,1527.4,1510.0,-17.36
19636,2324,2324-AU-AUBRQ,40,1460.7,1443.3,-17.36
14579,2324,2324-AU-AUBRQ,41,1529.8,1540.6,10.84
11325,2324,2324-AU-AUBRQ,41,1581.0,1591.8,10.84
23335,2324,2324-AU-AUBRQ,41,1499.6,1488.7,-10.84
11505,2324,2324-AU-AUBRQ,41,1378.6,1367.7,-10.84
23334,2324,2324-AU-AUBRQ,42,1455.7,1444.7,-11.04
23332,2324,2324-AU-AUBRQ,42,1497.2,1486.1,-11.04
12993,2324,2324-AU-AUBRQ,42,1748.5,1759.6,11.04
13626,2324,2324-AU-AUBRQ,42,1427.2,1438.2,11.04
14340,2324,2324-AU-AUBRQ,43,1491.3,1473.5,-17.83
11322,2324,2324-AU-AUBRQ,43,1552.6,1534.8,-17.83
23065,2324,2324-AU-AUBRQ,43,1489.8,1507.6,17.83
17101,2324,2324-AU-AUBRQ,43,1474.4,1492.2,17.83
23454,2324,2324-AU-AUBRQ,44,1505.0,1486.0,-19.01
16337,2324,2324-AU-AUBRQ,44,1463.9,1444.9,-19.01
13710,2324,2324-AU-AUBRQ,44,1474.3,1493.4,19.01
11323,2324,2324-AU-AUBRQ,44,1362.1,1381.1,19.01
14380,2324,2324-AU-AUBRQ,45,1740.3,1754.1,13.8
19480,2324,2324-AU-AUBRQ,45,1453.7,1467.5,13.8
14466,2324,2324-AU-AUBRQ,45,1539.4,1525.6,-13.8
17556,2324,2324-AU-AUBRQ,45,1558.2,1544.4,-13.8
15145,2324,2324-AU-AUBRQ,46,1510.0,1491.5,-18.53
19450,2324,2324-AU-AUBRQ,46,1579.2,1560.7,-18.53
19560,2324,2324-AU-AUBRQ,46,1386.8,1405.3,18.53
11325,2324,2324-AU-AUBRQ,46,1591.8,1610.3,18.53
24089,2324,2324-AU-AUBRQ,47,1487.5,1471.1,-16.41
11506,2324,2324-AU-AUBRQ,47,1426.0,1409.6,-16.41
23335,2324,2324-AU-AUBRQ,47,1488.7,1505.1,16.41
23173,2324,2324-AU-AUBRQ,47,1406.9,1423.3,16.41
11322,2324,2324-AU-AUBRQ,48,1534.8,1552.1,17.27
24528,2324,2324-AU-AUBRQ,48,1473.3,1490.5,17.27
16492,2324,2324-AU-AUBRQ,48,1514.8,1497.5,-17.27
11324,2324,2324-AU-AUBRQ,48,1548.5,1531.2,-17.27
18439,2324,2324-AU-AUBRQ,49,1521.6,1542.0,20.36
17101,2324,2324-AU-AUBRQ,49,1492.2,1512.6,20.36
12993,2324,2324-AU-AUBRQ,49,1759.6,1739.2,-20.36
16637,2324,2324-AU-AUBRQ,49,1448.6,1428.2,-20.36
14579,2324,2324-AU-AUBRQ,50,1540.6,1554.9,14.25
23065,2324,2324-AU-AUBRQ,50,1507.6,1521.9,14.25
23454,2324,2324-AU-AUBRQ,50,1486.0,1471.7,-14.25
23332,2324,2324-AU-AUBRQ,50,1486.1,1471.9,-14.25
21511,2324,2324-AU-AUBRQ,51,1514.9,1528.7,13.83
14340,2324,2324-AU-AUBRQ,51,1473.5,1487.3,13.83
16337,2324,2324-AU-AUBRQ,51,1444.9,1431.0,-13.83
19451,2324,2324-AU-AUBRQ,51,1448.6,1434.8,-13.83
19636,2324,2324-AU-AUBRQ,52,1443.3,1462.0,18.75
11505,2324,2324-AU-AUBRQ,52,1367.7,1386.5,18.75
13710,2324,2324-AU-AUBRQ,52,1493.4,1474.6,-18.75
13626,2324,2324-AU-AUBRQ,52,1438.2,1419.5,-18.75
11326,2324,2324-AU-AUBRQ,53,1457.5,1469.5,12.03
17556,2324,2324-AU-AUBRQ,53,1544.4,1556.5,12.03
23334,2324,2324-AU-AUBRQ,53,1444.7,1432.7,-12.03
11323,2324,2324-AU-AUBRQ,53,1381.1,1369.1,-12.03
21035,2324,2324-AU-AUCMP,1,1473.0,1460.6,-12.39
15215,2324,2324-AU-AUCMP,1,1490.8,1478.4,-12.39
14380,2324,2324-AU-AUCMP,1,1754.1,1766.5,12.39
11323,2324,2324-AU-AUCMP,1,1369.1,1381.5,12.39
12993,2324,2324-AU-AUCMP,1,1739.2,1748.8,9.55
11148,2324,2324-AU-AUCMP,1,1614.0,1623.6,9.55
23636,2324,2324-AU-AUCMP,1,1500.0,1490.4,-9.55
17556,2324,2324-AU-AUCMP,1,1556.5,1546.9,-9.55
18360,2324,2324-AU-AUCMP,2,1479.7,1465.2,-14.45
11146,2324,2324-AU-AUCMP,2,1605.1,1590.7,-14.45
11148,2324,2324-AU-AUCMP,2,1623.6,1638.1,14.45
21511,2324,2324-AU-AUCMP,2,1528.7,1543.1,14.45
11148,2324,2324-AU-AUCMP,2,1638.1,1645.5,7.46
12993,2324,2324-AU-AUCMP,2,1748.8,1756.2,7.46
11145,2324,2324-AU-AUCMP,2,1425.9,1418.5,-7.46
17556,2324,2324-AU-AUCMP,2,1546.9,1539.4,-7.46
19377,2324,2324-AU-AUCMP,3,1441.0,1424.4,-16.64
23335,2324,2324-AU-AUCMP,3,1505.1,1488.5,-16.64
11145,2324,2324-AU-AUCMP,3,1418.5,1435.1,16.64
23369,2324,2324-AU-AUCMP,3,1500.0,1516.6,16.64
14380,2324,2324-AU-AUCMP,3,1766.5,1778.7,12.22
15145,2324,2324-AU-AUCMP,3,1491.5,1503.7,12.22
23331,2324,2324-AU-AUCMP,3,1500.0,1487.8,-12.22
11146,2324,2324-AU-AUCMP,3,1590.7,1578.5,-12.22
18228,2324,2324-AU-AUCMP,4,1460.5,1448.3,-12.19
19218,2324,2324-AU-AUCMP,4,1490.8,1478.6,-12.19
11322,2324,2324-AU-AUCMP,4,1552.1,1564.2,12.19
12554,2324,2324-AU-AUCMP,4,1568.1,1580.3,12.19
23636,2324,2324-AU-AUCMP,5,1490.4,1475.0,-15.42
19296,2324,2324-AU-AUCMP,5,1511.6,1496.1,-15.42
17556,2324,2324-AU-AUCMP,5,1539.4,1554.9,15.42
23331,2324,2324-AU-AUCMP,5,1487.8,1503.2,15.42
11505,2324,2324-AU-AUCMP,6,1386.5,1403.1,16.58
15144,2324,2324-AU-AUCMP,6,1484.2,1500.8,16.58
19480,2324,2324-AU-AUCMP,6,1467.5,1450.9,-16.58
18611,2324,2324-AU-AUCMP,6,1428.4,1411.8,-16.58
19341,2324,2324-AU-AUCMP,7,1499.1,1485.6,-13.52
23875,2324,2324-AU-AUCMP,7,1500.0,1486.5,-13.52
22407,2324,2324-AU-AUCMP,7,1558.8,1572.3,13.52
18362,2324,2324-AU-AUCMP,7,1548.9,1562.4,13.52
14579,2324,2324-AU-AUCMP,8,1554.9,1539.7,-15.17
18359,2324,2324-AU-AUCMP,8,1461.3,1446.1,-15.17
15145,2324,2324-AU-AUCMP,8,1503.7,1518.9,15.17
18363,2324,2324-AU-AUCMP,8,1548.5,1563.7,15.17
18306,2324,2324-AU-AUCMP,9,1535.0,1549.2,14.18
19450,2324,2324-AU-AUCMP,9,1560.7,1574.9,14.18
18439,2324,2324-AU-AUCMP,9,1542.0,1527.8,-14.18
13710,2324,2324-AU-AUCMP,9,1474.6,1460.4,-14.18
17101,2324,2324-AU-AUCMP,10,1512.6,1489.9,-22.68
12993,2324,2324-AU-AUCMP,10,1756.2,1733.5,-22.68
24963,2324,2324-AU-AUCMP,10,1500.0,1522.7,22.68
11143,2324,2324-AU-AUCMP,10,1460.0,1482.7,22.68
11146,2324,2324-AU-AUCMP,11,1578.5,1587.5,9.07
22116,2324,2324-AU-AUCMP,11,1583.1,1592.2,9.07
11323,2324,2324-AU-AUCMP,11,1381.5,1372.4,-9.07
16188,2324,2324-AU-AUCMP,11,1457.8,1448.7,-9.07
21511,2324,2324-AU-AUCMP,12,1543.1,1559.4,16.21
21035,2324,2324-AU-AUCMP,12,1460.6,1476.8,16.21
23369,2324,2324-AU-AUCMP,12,1516.6,1500.4,-16.21
19296,2324,2324-AU-AUCMP,12,1496.1,1479.9,-16.21
17556,2324,2324-AU-AUCMP,13,1554.9,1536.1,-18.73
15215,2324,2324-AU-AUCMP,13,1478.4,1459.6,-18.73
18228,2324,2324-AU-AUCMP,13,1448.3,1467.0,18.73
18360,2324,2324-AU-AUCMP,13,1465.2,1484.0,18.73
11322,2324,2324-AU-AUCMP,14,1564.2,1577.6,13.36
19480,2324,2324-AU-AUCMP,14,1450.9,1464.2,13.36
19377,2324,2324-AU-AUCMP,14,1424.4,1411.0,-13.36
23636,2324,2324-AU-AUCMP,14,1475.0,1461.7,-13.36
11145,2324,2324-AU-AUCMP,15,1435.1,1446.1,11.04
11148,2324,2324-AU-AUCMP,15,1645.5,1656.5,11.04
18611,2324,2324-AU-AUCMP,15,1411.8,1400.8,-11.04
18359,2324,2324-AU-AUCMP,15,1446.1,1435.1,-11.04
18363,2324,2324-AU-AUCMP,16,1563.7,1573.4,9.66
14380,2324,2324-AU-AUCMP,16,1778.7,1788.3,9.66
23335,2324,2324-AU-AUCMP,16,1488.5,1478.8,-9.66
18362,2324,2324-AU-AUCMP,16,1562.4,1552.8,-9.66
12554,2324,2324-AU-AUCMP,17,1580.3,1564.0,-16.32
24963,2324,2324-AU-AUCMP,17,1522.7,1506.4,-16.32
18306,2324,2324-AU-AUCMP,17,1549.2,1565.6,16.32
14579,2324,2324-AU-AUCMP,17,1539.7,1556.0,16.32
13710,2324,2324-AU-AUCMP,18,1460.4,1476.8,16.36
23331,2324,2324-AU-AUCMP,18,1503.2,1519.6,16.36
15144,2324,2324-AU-AUCMP,18,1500.8,1484.4,-16.36
19218,2324,2324-AU-AUCMP,18,1478.6,1462.2,-16.36
11143,2324,2324-AU-AUCMP,19,1482.7,1468.5,-14.12
16188,2324,2324-AU-AUCMP,19,1448.7,1434.6,-14.12
18439,2324,2324-AU-AUCMP,19,1527.8,1541.9,14.12
19341,2324,2324-AU-AUCMP,19,1485.6,1499.7,14.12
23875,2324,2324-AU-AUCMP,20,1486.5,1472.2,-14.24
15145,2324,2324-AU-AUCMP,20,1518.9,1504.7,-14.24
22116,2324,2324-AU-AUCMP,20,1592.2,1606.4,14.24
17101,2324,2324-AU-AUCMP,20,1489.9,1504.1,14.24
11505,2324,2324-AU-AUCMP,21,1403.1,1426.1,23.04
19450,2324,2324-AU-AUCMP,21,1574.9,1597.9,23.04
12993,2324,2324-AU-AUCMP,21,1733.5,1710.5,-23.04
22407,2324,2324-AU-AUCMP,21,1572.3,1549.3,-23.04
19480,2324,2324-AU-AUCMP,22,1464.2,1482.8,18.52
11323,2324,2324-AU-AUCMP,22,1372.4,1390.9,18.52
19296,2324,2324-AU-AUCMP,22,1479.9,1461.4,-18.52
18228,2324,2324-AU-AUCMP,22,1467.0,1448.5,-18.52
23335,2324,2324-AU-AUCMP,23,1478.8,1494.3,15.41
21511,2324,2324-AU-AUCMP,23,1559.4,1574.8,15.41
11322,2324,2324-AU-AUCMP,23,1577.6,1562.2,-15.41
18359,2324,2324-AU-AUCMP,23,1435.1,1419.6,-15.41
24963,2324,2324-AU-AUCMP,24,1506.4,1491.4,-14.97
18360,2324,2324-AU-AUCMP,24,1484.0,1469.0,-14.97
18363,2324,2324-AU-AUCMP,24,1573.4,1588.3,14.97
23636,2324,2324-AU-AUCMP,24,1461.7,1476.6,14.97
23369,2324,2324-AU-AUCMP,25,1500.4,1513.4,13.01
18362,2324,2324-AU-AUCMP,25,1552.8,1565.8,13.01
19218,2324,2324-AU-AUCMP,25,1462.2,1449.2,-13.01
15215,2324,2324-AU-AUCMP,25,1459.6,1446.6,-13.01
11145,2324,2324-AU-AUCMP,26,1446.1,1432.0,-14.13
11143,2324,2324-AU-AUCMP,26,1468.5,1454.4,-14.13
21035,2324,2324-AU-AUCMP,26,1476.8,1491.0,14.13
23331,2324,2324-AU-AUCMP,26,1519.6,1533.7,14.13
14380,2324,2324-AU-AUCMP,27,1788.3,1799.3,10.94
15145,2324,2324-AU-AUCMP,27,1504.7,1515.6,10.94
19341,2324,2324-AU-AUCMP,27,1499.7,1488.8,-10.94
18306,2324,2324-AU-AUCMP,27,1565.6,1554.6,-10.94
18439,2324,2324-AU-AUCMP,28,1541.9,1523.6,-18.31
12993,2324,2324-AU-AUCMP,28,1710.5,1692.2,-18.31
12554,2324,2324-AU-AUCMP,28,1564.0,1582.3,18.31
11146,2324,2324-AU-AUCMP,28,1587.5,1605.8,18.31
14579,2324,2324-AU-AUCMP,29,1556.0,1541.5,-14.5
19377,2324,2324-AU-AUCMP,29,1411.0,1396.5,-14.5
11505,2324,2324-AU-AUCMP,29,1426.1,1440.6,14.5
22116,2324,2324-AU-AUCMP,29,1606.4,1620.9,14.5
18611,2324,2324-AU-AUCMP,30,1400.8,1418.8,18.04
17556,2324,2324-AU-AUCMP,30,1536.1,1554.2,18.04
22407,2324,2324-AU-AUCMP,30,1549.3,1531.3,-18.04
13710,2324,2324-AU-AUCMP,30,1476.8,1458.7,-18.04
15144,2324,2324-AU-AUCMP,31,1484.4,1495.2,10.8
11148,2324,2324-AU-AUCMP,31,1656.5,1667.4,10.8
16188,2324,2324-AU-AUCMP,31,1434.6,1423.8,-10.8
23875,2324,2324-AU-AUCMP,31,1472.2,1461.4,-10.8
18362,2324,2324-AU-AUCMP,32,1565.8,1565.9,0.11
17101,2324,2324-AU-AUCMP,32,1504.1,1504.2,0.11
23636,2324,2324-AU-AUCMP,32,1476.6,1476.5,-0.11
19450,2324,2324-AU-AUCMP,32,1597.9,1597.8,-0.11
19218,2324,2324-AU-AUCMP,33,1449.2,1466.3,17.13
11145,2324,2324-AU-AUCMP,33,1432.0,1449.1,17.13
19296,2324,2324-AU-AUCMP,33,1461.4,1444.3,-17.13
18360,2324,2324-AU-AUCMP,33,1469.0,1451.9,-17.13
19341,2324,2324-AU-AUCMP,34,1488.8,1500.7,11.92
21511,2324,2324-AU-AUCMP,34,1574.8,1586.7,11.92
24963,2324,2324-AU-AUCMP,34,1491.4,1479.5,-11.92
11323,2324,2324-AU-AUCMP,34,1390.9,1379.0,-11.92
12993,2324,2324-AU-AUCMP,35,1692.2,1702.7,10.52
11322,2324,2324-AU-AUCMP,35,1562.2,1572.7,10.52
21035,2324,2324-AU-AUCMP,35,1491.0,1480.4,-10.52
15145,2324,2324-AU-AUCMP,35,1515.6,1505.1,-10.52
18228,2324,2324-AU-AUCMP,36,1448.5,1465.1,16.59
18306,2324,2324-AU-AUCMP,36,1554.6,1571.2,16.59
11505,2324,2324-AU-AUCMP,36,1440.6,1424.0,-16.59
18363,2324,2324-AU-AUCMP,36,1588.3,1571.7,-16.59
19480,2324,2324-AU-AUCMP,37,1482.8,1495.1,12.37
22116,2324,2324-AU-AUCMP,37,1620.9,1633.3,12.37
18359,2324,2324-AU-AUCMP,37,1419.6,1407.3,-12.37
18439,2324,2324-AU-AUCMP,37,1523.6,1511.2,-12.37
16188,2324,2324-AU-AUCMP,38,1423.8,1410.2,-13.59
13710,2324,2324-AU-AUCMP,38,1458.7,1445.2,-13.59
15215,2324,2324-AU-AUCMP,38,1446.6,1460.2,13.59
14579,2324,2324-AU-AUCMP,38,1541.5,1555.1,13.59
23875,2324,2324-AU-AUCMP,39,1461.4,1477.4,15.94
11143,2324,2324-AU-AUCMP,39,1454.4,1470.3,15.94
18611,2324,2324-AU-AUCMP,39,1418.8,1402.9,-15.94
23335,2324,2324-AU-AUCMP,39,1494.3,1478.3,-15.94
22407,2324,2324-AU-AUCMP,40,1531.3,1526.4,-4.91
14380,2324,2324-AU-AUCMP,40,1799.3,1794.4,-4.91
11146,2324,2324-AU-AUCMP,40,1605.8,1610.7,4.91
17101,2324,2324-AU-AUCMP,40,1504.2,1509.2,4.91
23369,2324,2324-AU-AUCMP,41,1513.4,1528.4,14.93
12554,2324,2324-AU-AUCMP,41,1582.3,1597.2,14.93
17556,2324,2324-AU-AUCMP,41,1554.2,1539.2,-14.93
15144,2324,2324-AU-AUCMP,41,1495.2,1480.3,-14.93
19450,2324,2324-AU-AUCMP,42,1597.8,1586.5,-11.38
19377,2324,2324-AU-AUCMP,42,1396.5,1385.1,-11.38
11148,2324,2324-AU-AUCMP,42,1667.4,1678.7,11.38
23331,2324,2324-AU-AUCMP,42,1533.7,1545.1,11.38
19296,2324,2324-AU-AUCMP,43,1444.3,1464.9,20.59
11505,2324,2324-AU-AUCMP,43,1424.0,1444.6,20.59
19341,2324,2324-AU-AUCMP,43,1500.7,1480.1,-20.59
11322,2324,2324-AU-AUCMP,43,1572.7,1552.1,-20.59
22116,2324,2324-AU-AUCMP,44,1633.3,1618.5,-14.77
18228,2324,2324-AU-AUCMP,44,1465.1,1450.3,-14.77
11145,2324,2324-AU-AUCMP,44,1449.1,1463.9,14.77
12993,2324,2324-AU-AUCMP,44,1702.7,1717.5,14.77
11323,2324,2324-AU-AUCMP,45,1379.0,1365.7,-13.34
18439,2324,2324-AU-AUCMP,45,1511.2,1497.9,-13.34
18360,2324,2324-AU-AUCMP,45,1451.9,1465.2,13.34
14579,2324,2324-AU-AUCMP,45,1555.1,1568.5,13.34
18363,2324,2324-AU-AUCMP,46,1571.7,1554.6,-17.18
13710,2324,2324-AU-AUCMP,46,1445.2,1428.0,-17.18
19480,2324,2324-AU-AUCMP,46,1495.1,1512.3,17.18
11143,2324,2324-AU-AUCMP,46,1470.3,1487.5,17.18
19218,2324,2324-AU-AUCMP,47,1466.3,1482.1,15.74
22407,2324,2324-AU-AUCMP,47,1526.4,1542.1,15.74
18306,2324,2324-AU-AUCMP,47,1571.2,1555.5,-15.74
16188,2324,2324-AU-AUCMP,47,1410.2,1394.5,-15.74
18359,2324,2324-AU-AUCMP,48,1407.3,1398.5,-8.77
23369,2324,2324-AU-AUCMP,48,1528.4,1519.6,-8.77
14380,2324,2324-AU-AUCMP,48,1794.4,1803.1,8.77
24963,2324,2324-AU-AUCMP,48,1479.5,1488.2,8.77
17101,2324,2324-AU-AUCMP,49,1509.2,1498.3,-10.88
23335,2324,2324-AU-AUCMP,49,1478.3,1467.4,-10.88
11148,2324,2324-AU-AUCMP,49,1678.7,1689.6,10.88
17556,2324,2324-AU-AUCMP,49,1539.2,1550.1,10.88
18611,2324,2324-AU-AUCMP,50,1402.9,1384.4,-18.51
12554,2324,2324-AU-AUCMP,50,1597.2,1578.7,-18.51
15145,2324,2324-AU-AUCMP,50,1505.1,1523.6,18.51
19377,2324,2324-AU-AUCMP,50,1385.1,1403.6,18.51
15215,2324,2324-AU-AUCMP,51,1460.2,1479.1,18.9
23636,2324,2324-AU-AUCMP,51,1476.5,1495.4,18.9
23875,2324,2324-AU-AUCMP,51,1477.4,1458.5,-18.9
21511,2324,2324-AU-AUCMP,51,1586.7,1567.8,-18.9
21035,2324,2324-AU-AUCMP,52,1480.4,1501.7,21.24
15144,2324,2324-AU-AUCMP,52,1480.3,1501.5,21.24
11146,2324,2324-AU-AUCMP,52,1610.7,1589.5,-21.24
19450,2324,2324-AU-AUCMP,52,1586.5,1565.2,-21.24
23331,2324,2324-AU-AUCMP,53,1545.1,1531.5,-13.59
11323,2324,2324-AU-AUCMP,53,1365.7,1352.1,-13.59
18362,2324,2324-AU-AUCMP,53,1565.9,1579.5,13.59
18228,2324,2324-AU-AUCMP,53,1450.3,1463.9,13.59
24697,2324,2324-AU-AUMPOS,1,1500.0,1513.4,13.44
18362,2324,2324-AU-AUMPOS,1,1579.5,1592.9,13.44
19745,2324,2324-AU-AUMPOS,1,1500.0,1486.6,-13.44
23335,2324,2324-AU-AUMPOS,1,1467.4,1454.0,-13.44
12993,2324,2324-AU-AUMPOS,1,1717.5,1729.7,12.22
11511,2324,2324-AU-AUMPOS,1,1500.0,1512.2,12.22
17556,2324,2324-AU-AUMPOS,1,1550.1,1537.9,-12.22
20914,2324,2324-AU-AUMPOS,1,1500.0,1487.8,-12.22
21803,2324,2324-AU-AUMPOS,2,1500.0,1484.2,-15.79
25290,2324,2324-AU-AUMPOS,2,1500.0,1484.2,-15.79
22927,2324,2324-AU-AUMPOS,2,1421.4,1437.2,15.79
22985,2324,2324-AU-AUMPOS,2,1587.7,1603.5,15.79
22985,2324,2324-AU-AUMPOS,2,1603.5,1616.5,13.09
11511,2324,2324-AU-AUMPOS,2,1512.2,1525.3,13.09
23400,2324,2324-AU-AUMPOS,2,1500.0,1486.9,-13.09
20914,2324,2324-AU-AUMPOS,2,1487.8,1474.7,-13.09
21612,2324,2324-AU-AUMPOS,3,1500.0,1516.7,16.72
23732,2324,2324-AU-AUMPOS,3,1500.0,1516.7,16.72
23070,2324,2324-AU-AUMPOS,3,1500.0,1483.3,-16.72
23331,2324,2324-AU-AUMPOS,3,1531.5,1514.8,-16.72
12993,2324,2324-AU-AUMPOS,4,1729.7,1740.9,11.23
19013,2324,2324-AU-AUMPOS,4,1434.8,1446.0,11.23
20914,2324,2324-AU-AUMPOS,4,1474.7,1463.5,-11.23
20890,2324,2324-AU-AUMPOS,4,1476.1,1464.8,-11.23
19343,2324,2324-AU-AUMPOS,5,1500.0,1486.1,-13.91
23332,2324,2324-AU-AUMPOS,5,1471.9,1458.0,-13.91
11511,2324,2324-AU-AUMPOS,5,1525.3,1539.2,13.91
17556,2324,2324-AU-AUMPOS,5,1537.9,1551.8,13.91
23400,2324,2324-AU-AUMPOS,6,1486.9,1504.0,17.14
25100,2324,2324-AU-AUMPOS,6,1500.0,1517.1,17.14
23369,2324,2324-AU-AUMPOS,6,1519.6,1502.5,-17.14
21612,2324,2324-AU-AUMPOS,6,1516.7,1499.6,-17.14
20914,2324,2324-AU-AUMPOS,7,1463.5,1449.4,-14.11
25290,2324,2324-AU-AUMPOS,7,1484.2,1470.1,-14.11
24697,2324,2324-AU-AUMPOS,7,1513.4,1527.6,14.11
23732,2324,2324-AU-AUMPOS,7,1516.7,1530.8,14.11
23332,2324,2324-AU-AUMPOS,8,1458.0,1442.6,-15.37
23070,2324,2324-AU-AUMPOS,8,1483.3,1467.9,-15.37
23331,2324,2324-AU-AUMPOS,8,1514.8,1530.1,15.37
23335,2324,2324-AU-AUMPOS,8,1454.0,1469.4,15.37
11511,2324,2324-AU-AUMPOS,9,1539.2,1558.0,18.75
22927,2324,2324-AU-AUMPOS,9,1437.2,1455.9,18.75
18362,2324,2324-AU-AUMPOS,9,1592.9,1574.2,-18.75
23400,2324,2324-AU-AUMPOS,9,1504.0,1485.3,-18.75
19013,2324,2324-AU-AUMPOS,10,1446.0,1433.5,-12.5
23369,2324,2324-AU-AUMPOS,10,1502.5,1490.0,-12.5
22985,2324,2324-AU-AUMPOS,10,1616.5,1629.0,12.5
19745,2324,2324-AU-AUMPOS,10,1486.6,1499.1,12.5
17556,2324,2324-AU-AUMPOS,11,1551.8,1539.3,-12.46
25100,2324,2324-AU-AUMPOS,11,1517.1,1504.7,-12.46
21803,2324,2324-AU-AUMPOS,11,1484.2,1496.7,12.46
12993,2324,2324-AU-AUMPOS,11,1740.9,1753.4,12.46
20890,2324,2324-AU-AUMPOS,12,1464.8,1480.6,15.77
23732,2324,2324-AU-AUMPOS,12,1530.8,1546.6,15.77
21612,2324,2324-AU-AUMPOS,12,1499.6,1483.8,-15.77
19343,2324,2324-AU-AUMPOS,12,1486.1,1470.3,-15.77
23331,2324,2324-AU-AUMPOS,13,1530.1,1543.0,12.92
22985,2324,2324-AU-AUMPOS,13,1629.0,1642.0,12.92
18362,2324,2324-AU-AUMPOS,13,1574.2,1561.3,-12.92
20914,2324,2324-AU-AUMPOS,13,1449.4,1436.4,-12.92
23335,2324,2324-AU-AUMPOS,14,1469.4,1456.1,-13.22
19013,2324,2324-AU-AUMPOS,14,1433.5,1420.3,-13.22
23400,2324,2324-AU-AUMPOS,14,1485.3,1498.5,13.22
17556,2324,2324-AU-AUMPOS,14,1539.3,1552.6,13.22
23070,2324,2324-AU-AUMPOS,15,1467.9,1453.1,-14.79
20890,2324,2324-AU-AUMPOS,15,1480.6,1465.8,-14.79
25100,2324,2324-AU-AUMPOS,15,1504.7,1519.5,14.79
21803,2324,2324-AU-AUMPOS,15,1496.7,1511.5,14.79
19343,2324,2324-AU-AUMPOS,16,1470.3,1454.9,-15.47
23369,2324,2324-AU-AUMPOS,16,1490.0,1474.5,-15.47
22927,2324,2324-AU-AUMPOS,16,1455.9,1471.4,15.47
24697,2324,2324-AU-AUMPOS,16,1527.6,1543.0,15.47
11511,2324,2324-AU-AUMPOS,17,1558.0,1566.7,8.7
12993,2324,2324-AU-AUMPOS,17,1753.4,1762.1,8.7
25290,2324,2324-AU-AUMPOS,17,1470.1,1461.4,-8.7
19745,2324,2324-AU-AUMPOS,17,1499.1,1490.4,-8.7
18362,2324,2324-AU-AUMPOS,18,1561.3,1542.0,-19.31
23732,2324,2324-AU-AUMPOS,18,1546.6,1527.3,-19.31
25100,2324,2324-AU-AUMPOS,18,1519.5,1538.8,19.31
23332,2324,2324-AU-AUMPOS,18,1442.6,1461.9,19.31
22985,2324,2324-AU-AUMPOS,19,1642.0,1621.8,-20.18
17556,2324,2324-AU-AUMPOS,19,1552.6,1532.4,-20.18
24697,2324,2324-AU-AUMPOS,19,1543.0,1563.2,20.18
20890,2324,2324-AU-AUMPOS,19,1465.8,1486.0,20.18
23331,2324,2324-AU-AUMPOS,20,1543.0,1558.0,14.92
19013,2324,2324-AU-AUMPOS,20,1420.3,1435.2,14.92
25290,2324,2324-AU-AUMPOS,20,1461.4,1446.5,-14.92
19343,2324,2324-AU-AUMPOS,20,1454.9,1439.9,-14.92
20914,2324,2324-AU-AUMPOS,21,1436.4,1454.5,18.07
23335,2324,2324-AU-AUMPOS,21,1456.1,1474.2,18.07
22927,2324,2324-AU-AUMPOS,21,1471.4,1453.3,-18.07
21803,2324,2324-AU-AUMPOS,21,1511.5,1493.4,-18.07
12993,2324,2324-AU-AUMPOS,22,1762.1,1773.5,11.42
21612,2324,2324-AU-AUMPOS,22,1483.8,1495.2,11.42
23369,2324,2324-AU-AUMPOS,22,1474.5,1463.1,-11.42
11511,2324,2324-AU-AUMPOS,22,1566.7,1555.2,-11.42
23400,2324,2324-AU-AUMPOS,23,1498.5,1514.5,16.01
23070,2324,2324-AU-AUMPOS,23,1453.1,1469.1,16.01
23332,2324,2324-AU-AUMPOS,23,1461.9,1445.9,-16.01
19745,2324,2324-AU-AUMPOS,23,1490.4,1474.3,-16.01
22985,2324,2324-AU-AUMPOS,24,1621.8,1634.3,12.51
25100,2324,2324-AU-AUMPOS,24,1538.8,1551.3,12.51
23335,2324,2324-AU-AUMPOS,24,1474.2,1461.7,-12.51
17556,2324,2324-AU-AUMPOS,24,1532.4,1519.9,-12.51
23732,2324,2324-AU-AUMPOS,25,1527.3,1541.7,14.36
11511,2324,2324-AU-AUMPOS,25,1555.2,1569.6,14.36
22927,2324,2324-AU-AUMPOS,25,1453.3,1439.0,-14.36
23331,2324,2324-AU-AUMPOS,25,1558.0,1543.6,-14.36
19343,2324,2324-AU-AUMPOS,26,1439.9,1430.2,-9.78
24697,2324,2324-AU-AUMPOS,26,1563.2,1553.4,-9.78
12993,2324,2324-AU-AUMPOS,26,1773.5,1783.3,9.78
23400,2324,2324-AU-AUMPOS,26,1514.5,1524.3,9.78
23070,2324,2324-AU-AUMPOS,27,1469.1,1484.8,15.68
20914,2324,2324-AU-AUMPOS,27,1454.5,1470.2,15.68
23369,2324,2324-AU-AUMPOS,27,1463.1,1447.4,-15.68
25290,2324,2324-AU-AUMPOS,27,1446.5,1430.8,-15.68
21803,2324,2324-AU-AUMPOS,28,1493.4,1475.0,-18.4
18362,2324,2324-AU-AUMPOS,28,1542.0,1523.6,-18.4
19013,2324,2324-AU-AUMPOS,28,1435.2,1453.6,18.4
21612,2324,2324-AU-AUMPOS,28,1495.2,1513.6,18.4
19745,2324,2324-AU-AUMPOS,29,1474.3,1488.6,14.27
20890,2324,2324-AU-AUMPOS,29,1486.0,1500.3,14.27
22927,2324,2324-AU-AUMPOS,29,1439.0,1424.7,-14.27
23332,2324,2324-AU-AUMPOS,29,1445.9,1431.6,-14.27
11511,2324,2324-AU-AUMPOS,30,1569.6,1588.3,18.72
19343,2324,2324-AU-AUMPOS,30,1430.2,1448.9,18.72
23070,2324,2324-AU-AUMPOS,30,1484.8,1466.1,-18.72
22985,2324,2324-AU-AUMPOS,30,1634.3,1615.6,-18.72
25100,2324,2324-AU-AUMPOS,31,1551.3,1563.2,11.93
21612,2324,2324-AU-AUMPOS,31,1513.6,1525.6,11.93
19013,2324,2324-AU-AUMPOS,31,1453.6,1441.7,-11.93
25290,2324,2324-AU-AUMPOS,31,1430.8,1418.9,-11.93
23331,2324,2324-AU-AUMPOS,32,1543.6,1528.2,-15.41
23332,2324,2324-AU-AUMPOS,32,1431.6,1416.2,-15.41
23369,2324,2324-AU-AUMPOS,32,1447.4,1462.8,15.41
24697,2324,2324-AU-AUMPOS,32,1553.4,1568.8,15.41
21803,2324,2324-AU-AUMPOS,33,1475.0,1465.6,-9.35
23400,2324,2324-AU-AUMPOS,33,1524.3,1515.0,-9.35
18362,2324,2324-AU-AUMPOS,33,1523.6,1532.9,9.35
12993,2324,2324-AU-AUMPOS,33,1783.3,1792.6,9.35
19745,2324,2324-AU-AUMPOS,34,1488.6,1504.7,16.08
17556,2324,2324-AU-AUMPOS,34,1519.9,1536.0,16.08
23732,2324,2324-AU-AUMPOS,34,1541.7,1525.6,-16.08
20914,2324,2324-AU-AUMPOS,34,1470.2,1454.1,-16.08
20890,2324,2324-AU-AUMPOS,35,1500.3,1512.6,12.29
11511,2324,2324-AU-AUMPOS,35,1588.3,1600.6,12.29
23369,2324,2324-AU-AUMPOS,35,1462.8,1450.5,-12.29
23335,2324,2324-AU-AUMPOS,35,1461.7,1449.4,-12.29
25100,2324,2324-AU-AUMPOS,36,1563.2,1573.5,10.31
24697,2324,2324-AU-AUMPOS,36,1568.8,1579.1,10.31
19343,2324,2324-AU-AUMPOS,36,1448.9,1438.6,-10.31
22927,2324,2324-AU-AUMPOS,36,1424.7,1414.4,-10.31
23732,2324,2324-AU-AUMPOS,37,1525.6,1540.8,15.21
23332,2324,2324-AU-AUMPOS,37,1416.2,1431.4,15.21
19013,2324,2324-AU-AUMPOS,37,1441.7,1426.5,-15.21
21803,2324,2324-AU-AUMPOS,37,1465.6,1450.4,-15.21
22985,2324,2324-AU-AUMPOS,38,1615.6,1605.2,-10.36
23335,2324,2324-AU-AUMPOS,38,1449.4,1439.0,-10.36
23331,2324,2324-AU-AUMPOS,38,1528.2,1538.5,10.36
12993,2324,2324-AU-AUMPOS,38,1792.6,1803.0,10.36
20890,2324,2324-AU-AUMPOS,39,1512.6,1499.0,-13.57
25290,2324,2324-AU-AUMPOS,39,1418.9,1405.3,-13.57
19745,2324,2324-AU-AUMPOS,39,1504.7,1518.3,13.57
18362,2324,2324-AU-AUMPOS,39,1532.9,1546.5,13.57
21612,2324,2324-AU-AUMPOS,40,1525.6,1509.5,-16.04
23070,2324,2324-AU-AUMPOS,40,1466.1,1450.1,-16.04
17556,2324,2324-AU-AUMPOS,40,1536.0,1552.0,16.04
20914,2324,2324-AU-AUMPOS,40,1454.1,1470.1,16.04
23369,2324,2324-AU-AUMPOS,41,1450.5,1467.1,16.59
23400,2324,2324-AU-AUMPOS,41,1515.0,1531.6,16.59
23732,2324,2324-AU-AUMPOS,41,1540.8,1524.2,-16.59
21803,2324,2324-AU-AUMPOS,41,1450.4,1433.8,-16.59
12993,2324,2324-AU-AUMPOS,42,1803.0,1811.8,8.74
25100,2324,2324-AU-AUMPOS,42,1573.5,1582.3,8.74
23332,2324,2324-AU-AUMPOS,42,1431.4,1422.7,-8.74
22985,2324,2324-AU-AUMPOS,42,1605.2,1596.5,-8.74
23335,2324,2324-AU-AUMPOS,43,1439.0,1421.3,-17.76
18362,2324,2324-AU-AUMPOS,43,1546.5,1528.7,-17.76
19343,2324,2324-AU-AUMPOS,43,1438.6,1456.3,17.76
20914,2324,2324-AU-AUMPOS,43,1470.1,1487.9,17.76
22927,2324,2324-AU-AUMPOS,44,1414.4,1433.0,18.63
19745,2324,2324-AU-AUMPOS,44,1518.3,1536.9,18.63
21612,2324,2324-AU-AUMPOS,44,1509.5,1490.9,-18.63
23331,2324,2324-AU-AUMPOS,44,1538.5,1519.9,-18.63
17556,2324,2324-AU-AUMPOS,45,1552.0,1569.7,17.68
25290,2324,2324-AU-AUMPOS,45,1405.3,1423.0,17.68
20890,2324,2324-AU-AUMPOS,45,1499.0,1481.3,-17.68
23400,2324,2324-AU-AUMPOS,45,1531.6,1513.9,-17.68
24697,2324,2324-AU-AUMPOS,46,1579.1,1596.2,17.04
19013,2324,2324-AU-AUMPOS,46,1426.5,1443.5,17.04
23070,2324,2324-AU-AUMPOS,46,1450.1,1433.0,-17.04
11511,2324,2324-AU-AUMPOS,46,1600.6,1583.6,-17.04
20914,2324,2324-AU-AUMPOS,47,1487.9,1504.2,16.32
19745,2324,2324-AU-AUMPOS,47,1536.9,1553.2,16.32
25100,2324,2324-AU-AUMPOS,47,1582.3,1565.9,-16.32
19343,2324,2324-AU-AUMPOS,47,1456.3,1440.0,-16.32
25290,2324,2324-AU-AUMPOS,48,1423.0,1437.4,14.4
21612,2324,2324-AU-AUMPOS,48,1490.9,1505.3,14.4
23332,2324,2324-AU-AUMPOS,48,1422.7,1408.3,-14.4
23335,2324,2324-AU-AUMPOS,48,1421.3,1406.9,-14.4
12993,2324,2324-AU-AUMPOS,49,1811.8,1818.6,6.86
22985,2324,2324-AU-AUMPOS,49,1596.5,1603.3,6.86
23070,2324,2324-AU-AUMPOS,49,1433.0,1426.2,-6.86
23732,2324,2324-AU-AUMPOS,49,1524.2,1517.3,-6.86
23369,2324,2324-AU-AUMPOS,50,1467.1,1450.4,-16.68
23331,2324,2324-AU-AUMPOS,50,1519.9,1503.2,-16.68
19013,2324,2324-AU-AUMPOS,50,1443.5,1460.2,16.68
23400,2324,2324-AU-AUMPOS,50,1513.9,1530.6,16.68
20890,2324,2324-AU-AUMPOS,51,1481.3,1471.1,-10.19
21803,2324,2324-AU-AUMPOS,51,1433.8,1423.7,-10.19
24697,2324,2324-AU-AUMPOS,51,1596.2,1606.4,10.19
11511,2324,2324-AU-AUMPOS,51,1583.6,1593.8,10.19
22927,2324,2324-AU-AUMPOS,52,1433.0,1425.8,-7.25
18362,2324,2324-AU-AUMPOS,52,1528.7,1521.5,-7.25
17556,2324,2324-AU-AUMPOS,52,1569.7,1576.9,7.25
12993,2324,2324-AU-AUMPOS,52,1818.6,1825.9,7.25
23400,2324,2324-AU-AUMPOS,53,1530.6,1518.4,-12.19
23332,2324,2324-AU-AUMPOS,53,1408.3,1396.1,-12.19
22985,2324,2324-AU-AUMPOS,53,1603.3,1615.5,12.19
20914,2324,2324-AU-AUMPOS,53,1504.2,1516.4,12.19
23335,2324,2324-AU-AUMPOS,54,1406.9,1390.1,-16.82
24697,2324,2324-AU-AUMPOS,54,1606.4,1589.5,-16.82
19013,2324,2324-AU-AUMPOS,54,1460.2,1477.0,16.82
23732,2324,2324-AU-AUMPOS,54,1517.3,1534.2,16.82
25290,2324,2324-AU-AUMPOS,55,1437.4,1423.8,-13.55
23331,2324,2324-AU-AUMPOS,55,1503.2,1489.7,-13.55
17556,2324,2324-AU-AUMPOS,55,1576.9,1590.5,13.55
20890,2324,2324-AU-AUMPOS,55,1471.1,1484.7,13.55
22927,2324,2324-AU-AUMPOS,56,1425.8,1443.4,17.64
23369,2324,2324-AU-AUMPOS,56,1450.4,1468.1,17.64
18362,2324,2324-AU-AUMPOS,56,1521.5,1503.8,-17.64
23070,2324,2324-AU-AUMPOS,56,1426.2,1408.5,-17.64
19745,2324,2324-AU-AUMPOS,57,1553.2,1535.7,-17.48
19343,2324,2324-AU-AUMPOS,57,1440.0,1422.5,-17.48
21612,2324,2324-AU-AUMPOS,57,1505.3,1522.8,17.48
21803,2324,2324-AU-AUMPOS,57,1423.7,1441.1,17.48
11511,2324,2324-AU-AUMPOS,58,1593.8,1609.7,15.97
23331,2324,2324-AU-AUMPOS,58,1489.7,1505.7,15.97
20914,2324,2324-AU-AUMPOS,58,1516.4,1500.4,-15.97
25100,2324,2324-AU-AUMPOS,58,1565.9,1550.0,-15.97
15215,2324,2324-AUS-ADQ,1,1479.1,1469.1,-9.98
19377,2324,2324-AUS-ADQ,1,1403.6,1393.7,-9.98
15210,2324,2324-AUS-ADQ,1,1558.2,1568.1,9.98
18003,2324,2324-AUS-ADQ,1,1599.3,1609.3,9.98
21531,2324,2324-AUS-ADQ,1,1505.1,1520.0,14.91
22116,2324,2324-AUS-ADQ,1,1618.5,1633.4,14.91
23686,2324,2324-AUS-ADQ,1,1534.1,1519.2,-14.91
22407,2324,2324-AUS-ADQ,1,1542.1,1527.2,-14.91
24736,2324,2324-AUS-ADQ,1,1512.2,1497.8,-14.36
18611,2324,2324-AUS-ADQ,1,1384.4,1370.0,-14.36
22407,2324,2324-AUS-ADQ,1,1527.2,1541.6,14.36
15216,2324,2324-AUS-ADQ,1,1440.7,1455.0,14.36
22116,2324,2324-AUS-ADQ,1,1633.4,1645.5,12.09
23686,2324,2324-AUS-ADQ,1,1519.2,1531.2,12.09
18003,2324,2324-AUS-ADQ,1,1609.3,1597.2,-12.09
18611,2324,2324-AUS-ADQ,1,1370.0,1357.9,-12.09
21531,2324,2324-AUS-ADQ,1,1520.0,1503.7,-16.3
15216,2324,2324-AUS-ADQ,1,1455.0,1438.7,-16.3
19377,2324,2324-AUS-ADQ,1,1393.7,1410.0,16.3
15210,2324,2324-AUS-ADQ,1,1568.1,1584.4,16.3
15215,2324,2324-AUS-ADQ,1,1469.1,1455.2,-13.94
15210,2324,2324-AUS-ADQ,1,1584.4,1570.5,-13.94
22116,2324,2324-AUS-ADQ,1,1645.5,1659.5,13.94
24736,2324,2324-AUS-ADQ,1,1497.8,1511.7,13.94
18611,2324,2324-AUS-ADQ,1,1357.9,1348.0,-9.98
19377,2324,2324-AUS-ADQ,1,1410.0,1400.0,-9.98
24736,2324,2324-AUS-ADQ,1,1511.7,1521.7,9.98
23686,2324,2324-AUS-ADQ,1,1531.2,1541.2,9.98
15215,2324,2324-AUS-ADQ,1,1455.2,1471.0,15.83
18003,2324,2324-AUS-ADQ,1,1597.2,1613.1,15.83
21531,2324,2324-AUS-ADQ,1,1503.7,1487.9,-15.83
22407,2324,2324-AUS-ADQ,1,1541.6,1525.7,-15.83
15210,2324,2324-AUS-ADQ,1,1570.5,1554.6,-15.93
15216,2324,2324-AUS-ADQ,1,1438.7,1422.8,-15.93
23686,2324,2324-AUS-ADQ,1,1541.2,1557.2,15.93
15215,2324,2324-AUS-ADQ,1,1471.0,1487.0,15.93
22407,2324,2324-AUS-ADQ,1,1525.7,1534.1,8.34
22116,2324,2324-AUS-ADQ,1,1659.5,1667.8,8.34
15216,2324,2324-AUS-ADQ,1,1422.8,1414.4,-8.34
19377,2324,2324-AUS-ADQ,1,1400.0,1391.6,-8.34
24736,2324,2324-AUS-ADQ,1,1521.7,1531.2,9.51
18003,2324,2324-AUS-ADQ,1,1613.1,1622.6,9.51
18611,2324,2324-AUS-ADQ,1,1348.0,1338.4,-9.51
21531,2324,2324-AUS-ADQ,1,1487.9,1478.3,-9.51
22407,2324,2324-AUS-ADQ,1,1534.1,1549.0,14.97
18003,2324,2324-AUS-ADQ,1,1622.6,1637.6,14.97
15210,2324,2324-AUS-ADQ,1,1554.6,1539.6,-14.97
23686,2324,2324-AUS-ADQ,1,1557.2,1542.2,-14.97
21531,2324,2324-AUS-ADQ,1,1478.3,1496.0,17.67
24736,2324,2324-AUS-ADQ,1,1531.2,1548.9,17.67
15216,2324,2324-AUS-ADQ,1,1414.4,1396.8,-17.67
22116,2324,2324-AUS-ADQ,1,1667.8,1650.1,-17.67
18611,2324,2324-AUS-ADQ,1,1338.4,1323.9,-14.57
15215,2324,2324-AUS-ADQ,1,1487.0,1472.4,-14.57
19377,2324,2324-AUS-ADQ,1,1391.6,1406.2,14.57
21531,2324,2324-AUS-ADQ,1,1496.0,1510.6,14.57
18003,2324,2324-AUS-ADQ,1,1637.6,1651.3,13.76
19377,2324,2324-AUS-ADQ,1,1406.2,1420.0,13.76
15216,2324,2324-AUS-ADQ,1,1396.8,1383.0,-13.76
24736,2324,2324-AUS-ADQ,1,1548.9,1535.1,-13.76
15210,2324,2324-AUS-ADQ,1,1539.6,1553.0,13.38
22407,2324,2324-AUS-ADQ,1,1549.0,1562.4,13.38
18611,2324,2324-AUS-ADQ,1,1323.9,1310.5,-13.38
22116,2324,2324-AUS-ADQ,1,1650.1,1636.7,-13.38
18611,2324,2324-AUS-ADQ,1,1310.5,1330.0,19.51
23686,2324,2324-AUS-ADQ,1,1542.2,1561.7,19.51
24736,2324,2324-AUS-ADQ,1,1535.1,1515.6,-19.51
15215,2324,2324-AUS-ADQ,1,1472.4,1452.9,-19.51
18003,2324,2324-AUS-ADQ,1,1651.3,1659.8,8.52
22116,2324,2324-AUS-ADQ,1,1636.7,1645.3,8.52
24736,2324,2324-AUS-ADQ,1,1515.6,1507.1,-8.52
19377,2324,2324-AUS-ADQ,1,1420.0,1411.5,-8.52
23686,2324,2324-AUS-ADQ,1,1561.7,1579.0,17.34
15215,2324,2324-AUS-ADQ,1,1452.9,1470.2,17.34
22407,2324,2324-AUS-ADQ,1,1562.4,1545.1,-17.34
21531,2324,2324-AUS-ADQ,1,1510.6,1493.2,-17.34
18003,2324,2324-AUS-ADQ,1,1659.8,1635.7,-24.08
22116,2324,2324-AUS-ADQ,1,1645.3,1621.2,-24.08
24736,2324,2324-AUS-ADQ,1,1507.1,1531.2,24.08
19377,2324,2324-AUS-ADQ,1,1411.5,1435.5,24.08
23686,2324,2324-AUS-ADQ,1,1579.0,1562.8,-16.25
15215,2324,2324-AUS-ADQ,1,1470.2,1454.0,-16.25
22407,2324,2324-AUS-ADQ,1,1545.1,1561.3,16.25
21531,2324,2324-AUS-ADQ,1,1493.2,1509.5,16.25
18003,2324,2324-AUS-ADQ,1,1635.7,1645.4,9.68
22116,2324,2324-AUS-ADQ,1,1621.2,1630.9,9.68
24736,2324,2324-AUS-ADQ,1,1531.2,1521.5,-9.68
19377,2324,2324-AUS-ADQ,1,1435.5,1425.9,-9.68
23686,2324,2324-AUS-ADQ,1,1562.8,1548.0,-14.76
15215,2324,2324-AUS-ADQ,1,1454.0,1439.2,-14.76
22407,2324,2324-AUS-ADQ,1,1561.3,1576.1,14.76
21531,2324,2324-AUS-ADQ,1,1509.5,1524.3,14.76
18003,2324,2324-AUS-ADQ,1,1645.4,1657.5,12.03
22116,2324,2324-AUS-ADQ,1,1630.9,1642.9,12.03
22407,2324,2324-AUS-ADQ,1,1576.1,1564.0,-12.03
21531,2324,2324-AUS-ADQ,1,1524.3,1512.2,-12.03
18003,2324,2324-AUS-ADQ,1,1657.5,1668.5,11.01
22116,2324,2324-AUS-ADQ,1,1642.9,1653.9,11.01
22407,2324,2324-AUS-ADQ,1,1564.0,1553.0,-11.01
21531,2324,2324-AUS-ADQ,1,1512.2,1501.2,-11.01
19451,2324,2324-AUS-BRQ,1,1434.8,1451.2,16.4
11324,2324,2324-AUS-BRQ,1,1531.2,1547.6,16.4
24089,2324,2324-AUS-BRQ,1,1471.1,1454.7,-16.4
19480,2324,2324-AUS-BRQ,1,1512.3,1495.9,-16.4
23173,2324,2324-AUS-BRQ,1,1423.3,1417.4,-5.88
11323,2324,2324-AUS-BRQ,1,1352.1,1346.2,-5.88
24528,2324,2324-AUS-BRQ,1,1490.5,1496.4,5.88
14380,2324,2324-AUS-BRQ,1,1803.1,1809.0,5.88
16492,2324,2324-AUS-BRQ,1,1497.5,1480.1,-17.44
19450,2324,2324-AUS-BRQ,1,1565.2,1547.8,-17.44
11506,2324,2324-AUS-BRQ,1,1409.6,1427.1,17.44
17556,2324,2324-AUS-BRQ,1,1590.5,1607.9,17.44
16637,2324,2324-AUS-BRQ,1,1428.2,1444.0,15.76
21511,2324,2324-AUS-BRQ,1,1567.8,1583.5,15.76
15145,2324,2324-AUS-BRQ,1,1523.6,1507.8,-15.76
19636,2324,2324-AUS-BRQ,1,1462.0,1446.3,-15.76
11325,2324,2324-AUS-BRQ,1,1610.3,1619.0,8.67
14579,2324,2324-AUS-BRQ,1,1568.5,1577.1,8.67
23335,2324,2324-AUS-BRQ,1,1390.1,1381.4,-8.67
11505,2324,2324-AUS-BRQ,1,1444.6,1435.9,-8.67
23332,2324,2324-AUS-BRQ,1,1396.1,1388.7,-7.41
23334,2324,2324-AUS-BRQ,1,1432.7,1425.3,-7.41
13626,2324,2324-AUS-BRQ,1,1419.5,1426.9,7.41
12993,2324,2324-AUS-BRQ,1,1825.9,1833.3,7.41
14340,2324,2324-AUS-BRQ,1,1487.3,1470.9,-16.44
11322,2324,2324-AUS-BRQ,1,1552.1,1535.7,-16.44
23065,2324,2324-AUS-BRQ,1,1521.9,1538.3,16.44
17101,2324,2324-AUS-BRQ,1,1498.3,1514.7,16.44
16337,2324,2324-AUS-BRQ,1,1431.0,1412.1,-18.93
23454,2324,2324-AUS-BRQ,1,1471.7,1452.8,-18.93
11323,2324,2324-AUS-BRQ,1,1346.2,1365.1,18.93
13710,2324,2324-AUS-BRQ,1,1428.0,1446.9,18.93
14380,2324,2324-AUS-BRQ,1,1809.0,1821.1,12.13
19480,2324,2324-AUS-BRQ,1,1495.9,1508.0,12.13
14466,2324,2324-AUS-BRQ,1,1525.6,1513.4,-12.13
17556,2324,2324-AUS-BRQ,1,1607.9,1595.8,-12.13
19450,2324,2324-AUS-BRQ,1,1547.8,1531.1,-16.72
15145,2324,2324-AUS-BRQ,1,1507.8,1491.1,-16.72
19560,2324,2324-AUS-BRQ,1,1405.3,1422.0,16.72
11325,2324,2324-AUS-BRQ,1,1619.0,1635.7,16.72
24089,2324,2324-AUS-BRQ,1,1454.7,1436.8,-17.9
11506,2324,2324-AUS-BRQ,1,1427.1,1409.2,-17.9
23173,2324,2324-AUS-BRQ,1,1417.4,1435.3,17.9
23335,2324,2324-AUS-BRQ,1,1381.4,1399.3,17.9
11322,2324,2324-AUS-BRQ,1,1535.7,1551.6,15.9
24528,2324,2324-AUS-BRQ,1,1496.4,1512.3,15.9
11324,2324,2324-AUS-BRQ,1,1547.6,1531.7,-15.9
16492,2324,2324-AUS-BRQ,1,1480.1,1464.2,-15.9
17101,2324,2324-AUS-BRQ,1,1514.7,1536.5,21.81
18439,2324,2324-AUS-BRQ,1,1497.9,1519.7,21.81
12993,2324,2324-AUS-BRQ,1,1833.3,1811.5,-21.81
16637,2324,2324-AUS-BRQ,1,1444.0,1422.2,-21.81
14579,2324,2324-AUS-BRQ,1,1577.1,1587.1,10.0
23065,2324,2324-AUS-BRQ,1,1538.3,1548.3,10.0
23454,2324,2324-AUS-BRQ,1,1452.8,1442.8,-10.0
23332,2324,2324-AUS-BRQ,1,1388.7,1378.7,-10.0
21511,2324,2324-AUS-BRQ,1,1583.5,1595.3,11.71
14340,2324,2324-AUS-BRQ,1,1470.9,1482.6,11.71
16337,2324,2324-AUS-BRQ,1,1412.1,1400.4,-11.71
19451,2324,2324-AUS-BRQ,1,1451.2,1439.5,-11.71
19636,2324,2324-AUS-BRQ,1,1446.3,1462.1,15.81
11505,2324,2324-AUS-BRQ,1,1435.9,1451.7,15.81
13710,2324,2324-AUS-BRQ,1,1446.9,1431.1,-15.81
13626,2324,2324-AUS-BRQ,1,1426.9,1411.1,-15.81
11326,2324,2324-AUS-BRQ,1,1469.5,1479.5,9.98
17556,2324,2324-AUS-BRQ,1,1595.8,1605.8,9.98
11323,2324,2324-AUS-BRQ,1,1365.1,1355.1,-9.98
23334,2324,2324-AUS-BRQ,1,1425.3,1415.3,-9.98
14380,2324,2324-AUS-BRQ,1,1821.1,1829.4,8.23
11325,2324,2324-AUS-BRQ,1,1635.7,1643.9,8.23
11322,2324,2324-AUS-BRQ,1,1551.6,1543.4,-8.23
17101,2324,2324-AUS-BRQ,1,1536.5,1528.3,-8.23
17556,2324,2324-AUS-BRQ,1,1605.8,1618.1,12.34
21511,2324,2324-AUS-BRQ,1,1595.3,1607.6,12.34
19480,2324,2324-AUS-BRQ,1,1508.0,1495.7,-12.34
19450,2324,2324-AUS-BRQ,1,1531.1,1518.7,-12.34
14380,2324,2324-AUS-BRQ,1,1829.4,1837.0,7.66
11325,2324,2324-AUS-BRQ,1,1643.9,1651.6,7.66
11322,2324,2324-AUS-BRQ,1,1543.4,1535.7,-7.66
17101,2324,2324-AUS-BRQ,1,1528.3,1520.6,-7.66
17556,2324,2324-AUS-BRQ,1,1618.1,1629.4,11.28
21511,2324,2324-AUS-BRQ,1,1607.6,1618.9,11.28
19480,2324,2324-AUS-BRQ,1,1495.7,1484.4,-11.28
19450,2324,2324-AUS-BRQ,1,1518.7,1507.4,-11.28
14380,2324,2324-AUS-BRQ,1,1837.0,1815.7,-21.32
11325,2324,2324-AUS-BRQ,1,1651.6,1630.3,-21.32
17556,2324,2324-AUS-BRQ,1,1629.4,1650.7,21.32
21511,2324,2324-AUS-BRQ,1,1618.9,1640.2,21.32
14380,2324,2324-AUS-BRQ,1,1815.7,1796.2,-19.51
11325,2324,2324-AUS-BRQ,1,1630.3,1610.8,-19.51
17556,2324,2324-AUS-BRQ,1,1650.7,1670.2,19.51
21511,2324,2324-AUS-BRQ,1,1640.2,1659.7,19.51
24963,2324,2324-AUS-SYQ,1,1488.2,1505.4,17.11
19296,2324,2324-AUS-SYQ,1,1464.9,1482.0,17.11
23300,2324,2324-AUS-SYQ,1,1500.0,1482.9,-17.11
15144,2324,2324-AUS-SYQ,1,1501.5,1484.4,-17.11
11145,2324,2324-AUS-SYQ,1,1463.9,1483.8,19.92
23636,2324,2324-AUS-SYQ,1,1495.4,1515.4,19.92
12554,2324,2324-AUS-SYQ,1,1578.7,1558.8,-19.92
18363,2324,2324-AUS-SYQ,1,1554.6,1534.6,-19.92
18359,2324,2324-AUS-SYQ,1,1398.5,1414.5,16.04
19584,2324,2324-AUS-SYQ,1,1516.3,1532.3,16.04
14339,2324,2324-AUS-SYQ,1,1489.5,1473.5,-16.04
21657,2324,2324-AUS-SYQ,1,1426.9,1410.8,-16.04
19457,2324,2324-AUS-SYQ,1,1531.5,1514.5,-16.96
21472,2324,2324-AUS-SYQ,1,1480.9,1464.0,-16.96
18360,2324,2324-AUS-SYQ,1,1465.2,1482.2,16.96
23331,2324,2324-AUS-SYQ,1,1505.7,1522.6,16.96
19341,2324,2324-AUS-SYQ,1,1480.1,1499.7,19.61
11146,2324,2324-AUS-SYQ,1,1589.5,1609.1,19.61
11148,2324,2324-AUS-SYQ,1,1689.6,1670.0,-19.61
11147,2324,2324-AUS-SYQ,1,1539.5,1519.9,-19.61
18362,2324,2324-AUS-SYQ,1,1503.8,1488.3,-15.51
23875,2324,2324-AUS-SYQ,1,1458.5,1443.0,-15.51
19218,2324,2324-AUS-SYQ,1,1482.1,1497.6,15.51
21035,2324,2324-AUS-SYQ,1,1501.7,1517.2,15.51
23636,2324,2324-AUS-SYQ,1,1515.4,1531.2,15.9
24963,2324,2324-AUS-SYQ,1,1505.4,1521.2,15.9
11145,2324,2324-AUS-SYQ,1,1483.8,1467.9,-15.9
19584,2324,2324-AUS-SYQ,1,1532.3,1516.4,-15.9
18360,2324,2324-AUS-SYQ,1,1482.2,1469.5,-12.63
21657,2324,2324-AUS-SYQ,1,1410.8,1398.2,-12.63
12554,2324,2324-AUS-SYQ,1,1558.8,1571.4,12.63
23300,2324,2324-AUS-SYQ,1,1482.9,1495.5,12.63
19457,2324,2324-AUS-SYQ,1,1514.5,1527.9,13.36
11146,2324,2324-AUS-SYQ,1,1609.1,1622.5,13.36
18363,2324,2324-AUS-SYQ,1,1534.6,1521.3,-13.36
14339,2324,2324-AUS-SYQ,1,1473.5,1460.1,-13.36
23875,2324,2324-AUS-SYQ,1,1443.0,1459.8,16.84
23331,2324,2324-AUS-SYQ,1,1522.6,1539.4,16.84
19296,2324,2324-AUS-SYQ,1,1482.0,1465.2,-16.84
11147,2324,2324-AUS-SYQ,1,1519.9,1503.0,-16.84
18362,2324,2324-AUS-SYQ,1,1488.3,1474.2,-14.14
18359,2324,2324-AUS-SYQ,1,1414.5,1400.4,-14.14
19341,2324,2324-AUS-SYQ,1,1499.7,1513.8,14.14
15144,2324,2324-AUS-SYQ,1,1484.4,1498.6,14.14
11148,2324,2324-AUS-SYQ,1,1670.0,1681.8,11.81
19218,2324,2324-AUS-SYQ,1,1497.6,1509.4,11.81
21035,2324,2324-AUS-SYQ,1,1517.2,1505.4,-11.81
21472,2324,2324-AUS-SYQ,1,1464.0,1452.2,-11.81
21657,2324,2324-AUS-SYQ,1,1398.2,1386.1,-12.11
24963,2324,2324-AUS-SYQ,1,1521.2,1509.1,-12.11
11146,2324,2324-AUS-SYQ,1,1622.5,1634.6,12.11
18360,2324,2324-AUS-SYQ,1,1469.5,1481.6,12.11
18359,2324,2324-AUS-SYQ,1,1400.4,1415.6,15.25
12554,2324,2324-AUS-SYQ,1,1571.4,1586.7,15.25
19296,2324,2324-AUS-SYQ,1,1465.2,1449.9,-15.25
18362,2324,2324-AUS-SYQ,1,1474.2,1458.9,-15.25
19341,2324,2324-AUS-SYQ,1,1513.8,1531.3,17.45
11145,2324,2324-AUS-SYQ,1,1467.9,1485.4,17.45
23331,2324,2324-AUS-SYQ,1,1539.4,1522.0,-17.45
21035,2324,2324-AUS-SYQ,1,1505.4,1487.9,-17.45
19218,2324,2324-AUS-SYQ,1,1509.4,1529.2,19.79
18363,2324,2324-AUS-SYQ,1,1521.3,1541.1,19.79
11148,2324,2324-AUS-SYQ,1,1681.8,1662.0,-19.79
19584,2324,2324-AUS-SYQ,1,1516.4,1496.6,-19.79
15144,2324,2324-AUS-SYQ,1,1498.6,1515.1,16.57
14339,2324,2324-AUS-SYQ,1,1460.1,1476.7,16.57
23636,2324,2324-AUS-SYQ,1,1531.2,1514.7,-16.57
21472,2324,2324-AUS-SYQ,1,1452.2,1435.6,-16.57
19457,2324,2324-AUS-SYQ,1,1527.9,1507.7,-20.18
11147,2324,2324-AUS-SYQ,1,1503.0,1482.9,-20.18
21657,2324,2324-AUS-SYQ,1,1386.1,1406.3,20.18
18362,2324,2324-AUS-SYQ,1,1458.9,1479.1,20.18
11146,2324,2324-AUS-SYQ,1,1634.6,1645.2,10.59
11145,2324,2324-AUS-SYQ,1,1485.4,1496.0,10.59
23875,2324,2324-AUS-SYQ,1,1459.8,1449.2,-10.59
18359,2324,2324-AUS-SYQ,1,1415.6,1405.1,-10.59
21035,2324,2324-AUS-SYQ,1,1487.9,1472.4,-15.51
18360,2324,2324-AUS-SYQ,1,1481.6,1466.1,-15.51
19296,2324,2324-AUS-SYQ,1,1449.9,1465.4,15.51
18363,2324,2324-AUS-SYQ,1,1541.1,1556.6,15.51
23300,2324,2324-AUS-SYQ,1,1495.5,1481.7,-13.78
21472,2324,2324-AUS-SYQ,1,1435.6,1421.8,-13.78
19584,2324,2324-AUS-SYQ,1,1496.6,1510.4,13.78
19341,2324,2324-AUS-SYQ,1,1531.3,1545.1,13.78
14339,2324,2324-AUS-SYQ,1,1476.7,1463.1,-13.54
12554,2324,2324-AUS-SYQ,1,1586.7,1573.1,-13.54
24963,2324,2324-AUS-SYQ,1,1509.1,1522.7,13.54
11148,2324,2324-AUS-SYQ,1,1662.0,1675.6,13.54
15144,2324,2324-AUS-SYQ,1,1515.1,1531.6,16.49
23636,2324,2324-AUS-SYQ,1,1514.7,1531.2,16.49
23331,2324,2324-AUS-SYQ,1,1522.0,1505.5,-16.49
19218,2324,2324-AUS-SYQ,1,1529.2,1512.7,-16.49
19296,2324,2324-AUS-SYQ,1,1465.4,1479.0,13.56
11146,2324,2324-AUS-SYQ,1,1645.2,1658.7,13.56
11145,2324,2324-AUS-SYQ,1,1496.0,1482.4,-13.56
19457,2324,2324-AUS-SYQ,1,1507.7,1494.2,-13.56
18363,2324,2324-AUS-SYQ,1,1556.6,1569.8,13.2
21472,2324,2324-AUS-SYQ,1,1421.8,1435.0,13.2
23875,2324,2324-AUS-SYQ,1,1449.2,1436.0,-13.2
21657,2324,2324-AUS-SYQ,1,1406.3,1393.1,-13.2
11147,2324,2324-AUS-SYQ,1,1482.9,1498.2,15.37
21035,2324,2324-AUS-SYQ,1,1472.4,1487.8,15.37
18359,2324,2324-AUS-SYQ,1,1405.1,1389.7,-15.37
24963,2324,2324-AUS-SYQ,1,1522.7,1507.3,-15.37
12554,2324,2324-AUS-SYQ,1,1573.1,1556.1,-17.07
19584,2324,2324-AUS-SYQ,1,1510.4,1493.4,-17.07
15144,2324,2324-AUS-SYQ,1,1531.6,1548.7,17.07
23331,2324,2324-AUS-SYQ,1,1505.5,1522.6,17.07
14339,2324,2324-AUS-SYQ,1,1463.1,1450.1,-13.07
18360,2324,2324-AUS-SYQ,1,1466.1,1453.0,-13.07
19218,2324,2324-AUS-SYQ,1,1512.7,1525.7,13.07
19341,2324,2324-AUS-SYQ,1,1545.1,1558.1,13.07
23300,2324,2324-AUS-SYQ,1,1481.7,1462.4,-19.34
11148,2324,2324-AUS-SYQ,1,1675.6,1656.2,-19.34
18362,2324,2324-AUS-SYQ,1,1479.1,1498.4,19.34
23636,2324,2324-AUS-SYQ,1,1531.2,1550.5,19.34
19341,2324,2324-AUS-SYQ,1,1558.1,1575.5,17.33
23331,2324,2324-AUS-SYQ,1,1522.6,1539.9,17.33
11145,2324,2324-AUS-SYQ,1,1482.4,1465.1,-17.33
11148,2324,2324-AUS-SYQ,1,1656.2,1638.9,-17.33
11146,2324,2324-AUS-SYQ,1,1658.7,1671.7,12.93
23636,2324,2324-AUS-SYQ,1,1550.5,1563.4,12.93
15144,2324,2324-AUS-SYQ,1,1548.7,1535.8,-12.93
19218,2324,2324-AUS-SYQ,1,1525.7,1512.8,-12.93
19341,2324,2324-AUS-SYQ,1,1575.5,1591.2,15.74
23331,2324,2324-AUS-SYQ,1,1539.9,1555.6,15.74
11145,2324,2324-AUS-SYQ,1,1465.1,1449.4,-15.74
11148,2324,2324-AUS-SYQ,1,1638.9,1623.2,-15.74
11146,2324,2324-AUS-SYQ,1,1671.7,1683.5,11.81
23636,2324,2324-AUS-SYQ,1,1563.4,1575.2,11.81
15144,2324,2324-AUS-SYQ,1,1535.8,1523.9,-11.81
19218,2324,2324-AUS-SYQ,1,1512.8,1501.0,-11.81
19341,2324,2324-AUS-SYQ,1,1591.2,1577.8,-13.45
23331,2324,2324-AUS-SYQ,1,1555.6,1542.2,-13.45
11146,2324,2324-AUS-SYQ,1,1683.5,1696.9,13.45
23636,2324,2324-AUS-SYQ,1,1575.2,1588.7,13.45
19341,2324,2324-AUS-SYQ,1,1577.8,1565.5,-12.26
23331,2324,2324-AUS-SYQ,1,1542.2,1529.9,-12.26
11146,2324,2324-AUS-SYQ,1,1696.9,1709.2,12.26
23636,2324,2324-AUS-SYQ,1,1588.7,1600.9,12.26
24404,2324,2324-AUS-WOQ,1,1500.0,1479.9,-20.08
23636,2324,2324-AUS-WOQ,1,1600.9,1580.9,-20.08
18359,2324,2324-AUS-WOQ,1,1389.7,1409.8,20.08
23331,2324,2324-AUS-WOQ,1,1529.9,1550.0,20.08
18306,2324,2324-AUS-WOQ,1,1555.5,1571.1,15.68
16188,2324,2324-AUS-WOQ,1,1394.5,1410.1,15.68
24615,2324,2324-AUS-WOQ,1,1500.0,1484.3,-15.68
23875,2324,2324-AUS-WOQ,1,1436.0,1420.3,-15.68
23369,2324,2324-AUS-WOQ,1,1468.1,1485.6,17.52
18360,2324,2324-AUS-WOQ,1,1453.0,1470.6,17.52
24961,2324,2324-AUS-WOQ,1,1500.0,1482.5,-17.52
11143,2324,2324-AUS-WOQ,1,1487.5,1470.0,-17.52
18362,2324,2324-AUS-WOQ,1,1498.4,1482.2,-16.28
18363,2324,2324-AUS-WOQ,1,1569.8,1553.5,-16.28
12554,2324,2324-AUS-WOQ,1,1556.1,1572.3,16.28
24405,2324,2324-AUS-WOQ,1,1500.0,1516.3,16.28
24669,2324,2324-AUS-WOQ,1,1500.0,1485.5,-14.49
24615,2324,2324-AUS-WOQ,1,1484.3,1469.8,-14.49
23331,2324,2324-AUS-WOQ,1,1550.0,1564.5,14.49
24766,2324,2324-AUS-WOQ,1,1500.0,1514.5,14.49
18360,2324,2324-AUS-WOQ,1,1470.6,1483.5,12.97
24961,2324,2324-AUS-WOQ,1,1482.5,1495.4,12.97
18359,2324,2324-AUS-WOQ,1,1409.8,1396.8,-12.97
16188,2324,2324-AUS-WOQ,1,1410.1,1397.2,-12.97
24405,2324,2324-AUS-WOQ,1,1516.3,1499.6,-16.66
18363,2324,2324-AUS-WOQ,1,1553.5,1536.8,-16.66
11143,2324,2324-AUS-WOQ,1,1470.0,1486.7,16.66
18306,2324,2324-AUS-WOQ,1,1571.1,1587.8,16.66
12554,2324,2324-AUS-WOQ,1,1572.3,1584.8,12.43
24669,2324,2324-AUS-WOQ,1,1485.5,1497.9,12.43
24404,2324,2324-AUS-WOQ,1,1479.9,1467.5,-12.43
23875,2324,2324-AUS-WOQ,1,1420.3,1407.9,-12.43
23636,2324,2324-AUS-WOQ,1,1580.9,1595.3,14.4
23369,2324,2324-AUS-WOQ,1,1485.6,1500.0,14.4
18362,2324,2324-AUS-WOQ,1,1482.2,1467.8,-14.4
24766,2324,2324-AUS-WOQ,1,1514.5,1500.1,-14.4
23331,2324,2324-AUS-WOQ,1,1564.5,1575.6,11.08
18363,2324,2324-AUS-WOQ,1,1536.8,1547.9,11.08
18360,2324,2324-AUS-WOQ,1,1483.5,1472.5,-11.08
18359,2324,2324-AUS-WOQ,1,1396.8,1385.7,-11.08
24961,2324,2324-AUS-WOQ,1,1495.4,1480.9,-14.54
23875,2324,2324-AUS-WOQ,1,1407.9,1393.4,-14.54
24405,2324,2324-AUS-WOQ,1,1499.6,1514.2,14.54
24404,2324,2324-AUS-WOQ,1,1467.5,1482.0,14.54
16188,2324,2324-AUS-WOQ,1,1397.2,1417.4,20.24
23369,2324,2324-AUS-WOQ,1,1500.0,1520.2,20.24
18306,2324,2324-AUS-WOQ,1,1587.8,1567.6,-20.24
24669,2324,2324-AUS-WOQ,1,1497.9,1477.7,-20.24
24615,2324,2324-AUS-WOQ,1,1469.8,1458.8,-11.02
11143,2324,2324-AUS-WOQ,1,1486.7,1475.6,-11.02
12554,2324,2324-AUS-WOQ,1,1584.8,1595.8,11.02
23636,2324,2324-AUS-WOQ,1,1595.3,1606.3,11.02
18362,2324,2324-AUS-WOQ,1,1467.8,1482.7,14.92
18360,2324,2324-AUS-WOQ,1,1472.5,1487.4,14.92
24766,2324,2324-AUS-WOQ,1,1500.1,1485.2,-14.92
23875,2324,2324-AUS-WOQ,1,1393.4,1378.4,-14.92
16188,2324,2324-AUS-WOQ,1,1417.4,1434.4,16.95
23331,2324,2324-AUS-WOQ,1,1575.6,1592.5,16.95
23369,2324,2324-AUS-WOQ,1,1520.2,1503.3,-16.95
24405,2324,2324-AUS-WOQ,1,1514.2,1497.2,-16.95
24669,2324,2324-AUS-WOQ,1,1477.7,1492.4,14.73
23636,2324,2324-AUS-WOQ,1,1606.3,1621.0,14.73
18363,2324,2324-AUS-WOQ,1,1547.9,1533.2,-14.73
24961,2324,2324-AUS-WOQ,1,1480.9,1466.2,-14.73
24404,2324,2324-AUS-WOQ,1,1482.0,1497.6,15.63
11143,2324,2324-AUS-WOQ,1,1475.6,1491.3,15.63
24615,2324,2324-AUS-WOQ,1,1458.8,1443.2,-15.63
18362,2324,2324-AUS-WOQ,1,1482.7,1467.1,-15.63
18359,2324,2324-AUS-WOQ,1,1385.7,1376.1,-9.64
24766,2324,2324-AUS-WOQ,1,1485.2,1475.5,-9.64
12554,2324,2324-AUS-WOQ,1,1595.8,1605.4,9.64
18306,2324,2324-AUS-WOQ,1,1567.6,1577.2,9.64
24669,2324,2324-AUS-WOQ,1,1492.4,1479.1,-13.29
24405,2324,2324-AUS-WOQ,1,1497.2,1483.9,-13.29
18360,2324,2324-AUS-WOQ,1,1487.4,1500.7,13.29
23636,2324,2324-AUS-WOQ,1,1621.0,1634.3,13.29
24615,2324,2324-AUS-WOQ,1,1443.2,1456.8,13.66
23331,2324,2324-AUS-WOQ,1,1592.5,1606.2,13.66
24961,2324,2324-AUS-WOQ,1,1466.2,1452.5,-13.66
18362,2324,2324-AUS-WOQ,1,1467.1,1453.4,-13.66
23875,2324,2324-AUS-WOQ,1,1378.4,1367.8,-10.68
18359,2324,2324-AUS-WOQ,1,1376.1,1365.4,-10.68
23369,2324,2324-AUS-WOQ,1,1503.3,1514.0,10.68
11143,2324,2324-AUS-WOQ,1,1491.3,1502.0,10.68
24766,2324,2324-AUS-WOQ,1,1475.5,1459.4,-16.13
24404,2324,2324-AUS-WOQ,1,1497.6,1481.5,-16.13
18363,2324,2324-AUS-WOQ,1,1533.2,1549.3,16.13
16188,2324,2324-AUS-WOQ,1,1434.4,1450.5,16.13
12554,2324,2324-AUS-WOQ,1,1605.4,1618.4,12.96
23331,2324,2324-AUS-WOQ,1,1606.2,1619.2,12.96
18306,2324,2324-AUS-WOQ,1,1577.2,1564.2,-12.96
18360,2324,2324-AUS-WOQ,1,1500.7,1487.7,-12.96
23331,2324,2324-AUS-WOQ,1,1619.2,1631.5,12.39
12554,2324,2324-AUS-WOQ,1,1618.4,1630.8,12.39
23369,2324,2324-AUS-WOQ,1,1514.0,1501.6,-12.39
18306,2324,2324-AUS-WOQ,1,1564.2,1551.9,-12.39
23636,2324,2324-AUS-WOQ,1,1634.3,1645.9,11.56
11143,2324,2324-AUS-WOQ,1,1502.0,1513.5,11.56
16188,2324,2324-AUS-WOQ,1,1450.5,1438.9,-11.56
18360,2324,2324-AUS-WOQ,1,1487.7,1476.2,-11.56
23331,2324,2324-AUS-WOQ,1,1631.5,1642.9,11.33
12554,2324,2324-AUS-WOQ,1,1630.8,1642.1,11.33
23369,2324,2324-AUS-WOQ,1,1501.6,1490.2,-11.33
18306,2324,2324-AUS-WOQ,1,1551.9,1540.5,-11.33
23636,2324,2324-AUS-WOQ,1,1645.9,1656.5,10.6
11143,2324,2324-AUS-WOQ,1,1513.5,1524.1,10.6
16188,2324,2324-AUS-WOQ,1,1438.9,1428.3,-10.6
18360,2324,2324-AUS-WOQ,1,1476.2,1465.6,-10.6
23331,2324,2324-AUS-WOQ,1,1642.9,1656.5,13.61
12554,2324,2324-AUS-WOQ,1,1642.1,1655.7,13.61
23636,2324,2324-AUS-WOQ,1,1656.5,1642.9,-13.61
11143,2324,2324-AUS-WOQ,1,1524.1,1510.5,-13.61
23331,2324,2324-AUS-WOQ,1,1656.5,1636.9,-19.6
12554,2324,2324-AUS-WOQ,1,1655.7,1636.1,-19.6
23636,2324,2324-AUS-WOQ,1,1642.9,1662.4,19.6
11143,2324,2324-AUS-WOQ,1,1510.5,1530.1,19.6
23331,2324,2324-AUS-WOQ,1,1636.9,1651.1,14.15
12554,2324,2324-AUS-WOQ,1,1636.1,1650.3,14.15
23636,2324,2324-AUS-WOQ,1,1662.4,1648.3,-14.15
11143,2324,2324-AUS-WOQ,1,1530.1,1515.9,-14.15
21077,2324,2324-BRA-CMP,1,1528.6,1511.6,-16.97
17729,2324,2324-BRA-CMP,1,1513.4,1496.4,-16.97
22660,2324,2324-BRA-CMP,1,1500.0,1517.0,16.97
22708,2324,2324-BRA-CMP,1,1500.0,1517.0,16.97
23560,2324,2324-BRA-CMP,1,1500.0,1483.6,-16.36
21069,2324,2324-BRA-CMP,1,1487.6,1471.2,-16.36
23500,2324,2324-BRA-CMP,1,1500.0,1516.4,16.36
16051,2324,2324-BRA-CMP,1,1471.8,1488.2,16.36
16052,2324,2324-BRA-CMP,1,1548.5,1529.4,-19.06
23072,2324,2324-BRA-CMP,1,1500.0,1480.9,-19.06
22977,2324,2324-BRA-CMP,1,1500.0,1519.1,19.06
21222,2324,2324-BRA-CMP,1,1414.0,1433.0,19.06
19191,2324,2324-BRA-CMP,1,1530.0,1545.9,15.9
17792,2324,2324-BRA-CMP,1,1500.0,1515.9,15.9
21036,2324,2324-BRA-CMP,1,1525.7,1509.8,-15.9
23501,2324,2324-BRA-CMP,1,1500.0,1484.1,-15.9
16043,2324,2324-BRA-CMP,1,1416.4,1400.7,-15.63
23504,2324,2324-BRA-CMP,1,1500.0,1484.4,-15.63
18613,2324,2324-BRA-CMP,1,1488.3,1503.9,15.63
16053,2324,2324-BRA-CMP,1,1444.1,1459.8,15.63
23502,2324,2324-BRA-CMP,1,1500.0,1484.0,-16.0
25135,2324,2324-BRA-CMP,1,1500.0,1484.0,-16.0
24529,2324,2324-BRA-CMP,1,1500.0,1516.0,16.0
21342,2324,2324-BRA-CMP,1,1500.0,1516.0,16.0
16055,2324,2324-BRA-CMP,1,1562.7,1576.5,13.78
17800,2324,2324-BRA-CMP,1,1500.0,1513.8,13.78
21178,2324,2324-BRA-CMP,1,1465.5,1451.8,-13.78
24527,2324,2324-BRA-CMP,1,1500.0,1486.2,-13.78
16050,2324,2324-BRA-CMP,1,1471.1,1455.0,-16.16
16049,2324,2324-BRA-CMP,1,1515.7,1499.5,-16.16
14391,2324,2324-BRA-CMP,1,1556.1,1572.2,16.16
16041,2324,2324-BRA-CMP,1,1423.8,1439.9,16.16
17742,2324,2324-BRA-CMP,1,1471.2,1487.9,16.69
23061,2324,2324-BRA-CMP,1,1500.0,1516.7,16.69
19192,2324,2324-BRA-CMP,1,1501.0,1484.3,-16.69
24993,2324,2324-BRA-CMP,1,1500.0,1483.3,-16.69
16058,2324,2324-BRA-CMP,1,1556.8,1538.9,-17.96
23073,2324,2324-BRA-CMP,1,1500.0,1482.0,-17.96
23311,2324,2324-BRA-CMP,1,1500.0,1518.0,17.96
20858,2324,2324-BRA-CMP,1,1471.2,1489.1,17.96
16786,2324,2324-BRA-CMP,1,1532.3,1550.3,17.99
23060,2324,2324-BRA-CMP,1,1500.0,1518.0,17.99
19193,2324,2324-BRA-CMP,1,1558.2,1540.2,-17.99
21083,2324,2324-BRA-CMP,1,1561.0,1543.0,-17.99
23069,2324,2324-BRA-CMP,1,1500.0,1517.8,17.78
23055,2324,2324-BRA-CMP,1,1500.0,1517.8,17.78
17730,2324,2324-BRA-CMP,1,1502.9,1485.1,-17.78
16054,2324,2324-BRA-CMP,1,1574.6,1556.8,-17.78
19188,2324,2324-BRA-CMP,1,1501.8,1513.1,11.3
17731,2324,2324-BRA-CMP,1,1640.6,1651.9,11.3
21085,2324,2324-BRA-CMP,1,1440.9,1429.6,-11.3
17801,2324,2324-BRA-CMP,1,1491.1,1479.8,-11.3
23059,2324,2324-BRA-CMP,1,1500.0,1514.3,14.33
17728,2324,2324-BRA-CMP,1,1652.4,1666.7,14.33
16062,2324,2324-BRA-CMP,1,1580.5,1566.1,-14.33
19194,2324,2324-BRA-CMP,1,1499.3,1485.0,-14.33
18613,2324,2324-BRA-CMP,1,1503.9,1488.0,-15.87
16051,2324,2324-BRA-CMP,1,1488.2,1472.3,-15.87
23072,2324,2324-BRA-CMP,1,1480.9,1496.8,15.87
22660,2324,2324-BRA-CMP,1,1517.0,1532.8,15.87
23560,2324,2324-BRA-CMP,1,1483.6,1497.8,14.15
22708,2324,2324-BRA-CMP,1,1517.0,1531.1,14.15
16043,2324,2324-BRA-CMP,1,1400.7,1386.6,-14.15
22977,2324,2324-BRA-CMP,1,1519.1,1504.9,-14.15
16049,2324,2324-BRA-CMP,1,1499.5,1516.3,16.77
25135,2324,2324-BRA-CMP,1,1484.0,1500.8,16.77
21069,2324,2324-BRA-CMP,1,1471.2,1454.4,-16.77
19191,2324,2324-BRA-CMP,1,1545.9,1529.1,-16.77
17800,2324,2324-BRA-CMP,1,1513.8,1499.5,-14.24
16050,2324,2324-BRA-CMP,1,1455.0,1440.7,-14.24
24529,2324,2324-BRA-CMP,1,1516.0,1530.2,14.24
16052,2324,2324-BRA-CMP,1,1529.4,1543.7,14.24
17729,2324,2324-BRA-CMP,1,1496.4,1480.7,-15.67
20858,2324,2324-BRA-CMP,1,1489.1,1473.4,-15.67
23502,2324,2324-BRA-CMP,1,1484.0,1499.7,15.67
17792,2324,2324-BRA-CMP,1,1515.9,1531.6,15.67
23311,2324,2324-BRA-CMP,1,1518.0,1533.7,15.79
24993,2324,2324-BRA-CMP,1,1483.3,1499.1,15.79
21178,2324,2324-BRA-CMP,1,1451.8,1436.0,-15.79
19193,2324,2324-BRA-CMP,1,1540.2,1524.4,-15.79
14391,2324,2324-BRA-CMP,1,1572.2,1554.7,-17.57
17742,2324,2324-BRA-CMP,1,1487.9,1470.4,-17.57
21036,2324,2324-BRA-CMP,1,1509.8,1527.4,17.57
23073,2324,2324-BRA-CMP,1,1482.0,1499.6,17.57
16058,2324,2324-BRA-CMP,1,1538.9,1553.6,14.74
23060,2324,2324-BRA-CMP,1,1518.0,1532.7,14.74
19192,2324,2324-BRA-CMP,1,1484.3,1469.6,-14.74
23069,2324,2324-BRA-CMP,1,1517.8,1503.0,-14.74
17801,2324,2324-BRA-CMP,1,1479.8,1468.1,-11.66
16786,2324,2324-BRA-CMP,1,1550.3,1538.7,-11.66
16054,2324,2324-BRA-CMP,1,1556.8,1568.5,11.66
17728,2324,2324-BRA-CMP,1,1666.7,1678.4,11.66
23055,2324,2324-BRA-CMP,1,1517.8,1504.0,-13.75
16041,2324,2324-BRA-CMP,1,1439.9,1426.2,-13.75
19188,2324,2324-BRA-CMP,1,1513.1,1526.9,13.75
21083,2324,2324-BRA-CMP,1,1543.0,1556.8,13.75
19194,2324,2324-BRA-CMP,1,1485.0,1470.8,-14.21
21222,2324,2324-BRA-CMP,1,1433.0,1418.8,-14.21
21077,2324,2324-BRA-CMP,1,1511.6,1525.8,14.21
23504,2324,2324-BRA-CMP,1,1484.4,1498.6,14.21
17731,2324,2324-BRA-CMP,1,1651.9,1666.5,14.61
16053,2324,2324-BRA-CMP,1,1459.8,1474.4,14.61
17730,2324,2324-BRA-CMP,1,1485.1,1470.5,-14.61
16062,2324,2324-BRA-CMP,1,1566.1,1551.5,-14.61
23061,2324,2324-BRA-CMP,1,1516.7,1532.1,15.43
23059,2324,2324-BRA-CMP,1,1514.3,1529.8,15.43
21085,2324,2324-BRA-CMP,1,1429.6,1414.1,-15.43
16055,2324,2324-BRA-CMP,1,1576.5,1561.0,-15.43
22977,2324,2324-BRA-CMP,1,1504.9,1488.5,-16.4
19191,2324,2324-BRA-CMP,1,1529.1,1512.7,-16.4
24527,2324,2324-BRA-CMP,1,1486.2,1502.6,16.4
24529,2324,2324-BRA-CMP,1,1530.2,1546.6,16.4
16043,2324,2324-BRA-CMP,1,1386.6,1403.5,16.89
23500,2324,2324-BRA-CMP,1,1516.4,1533.2,16.89
25135,2324,2324-BRA-CMP,1,1500.8,1483.9,-16.89
16050,2324,2324-BRA-CMP,1,1440.7,1423.8,-16.89
23311,2324,2324-BRA-CMP,1,1533.7,1549.1,15.38
17729,2324,2324-BRA-CMP,1,1480.7,1496.1,15.38
17800,2324,2324-BRA-CMP,1,1499.5,1484.2,-15.38
18613,2324,2324-BRA-CMP,1,1488.0,1472.7,-15.38
17792,2324,2324-BRA-CMP,1,1531.6,1515.0,-16.62
23072,2324,2324-BRA-CMP,1,1496.8,1480.2,-16.62
17742,2324,2324-BRA-CMP,1,1470.4,1487.0,16.62
22708,2324,2324-BRA-CMP,1,1531.1,1547.7,16.62
23560,2324,2324-BRA-CMP,1,1497.8,1513.0,15.18
21036,2324,2324-BRA-CMP,1,1527.4,1542.6,15.18
20858,2324,2324-BRA-CMP,1,1473.4,1458.3,-15.18
21342,2324,2324-BRA-CMP,1,1516.0,1500.8,-15.18
16052,2324,2324-BRA-CMP,1,1543.7,1554.9,11.22
17728,2324,2324-BRA-CMP,1,1678.4,1689.6,11.22
21069,2324,2324-BRA-CMP,1,1454.4,1443.2,-11.22
16058,2324,2324-BRA-CMP,1,1553.6,1542.4,-11.22
16054,2324,2324-BRA-CMP,1,1568.5,1580.8,12.39
19188,2324,2324-BRA-CMP,1,1526.9,1539.3,12.39
21178,2324,2324-BRA-CMP,1,1436.0,1423.6,-12.39
23073,2324,2324-BRA-CMP,1,1499.6,1487.2,-12.39
21083,2324,2324-BRA-CMP,1,1556.8,1570.4,13.66
22660,2324,2324-BRA-CMP,1,1532.8,1546.5,13.66
19194,2324,2324-BRA-CMP,1,1470.8,1457.1,-13.66
16049,2324,2324-BRA-CMP,1,1516.3,1502.7,-13.66
19192,2324,2324-BRA-CMP,1,1469.6,1454.3,-15.29
17730,2324,2324-BRA-CMP,1,1470.5,1455.2,-15.29
23504,2324,2324-BRA-CMP,1,1498.6,1513.9,15.29
16051,2324,2324-BRA-CMP,1,1472.3,1487.6,15.29
21077,2324,2324-BRA-CMP,1,1525.8,1538.8,12.99
19193,2324,2324-BRA-CMP,1,1524.4,1537.4,12.99
21085,2324,2324-BRA-CMP,1,1414.1,1401.2,-12.99
23055,2324,2324-BRA-CMP,1,1504.0,1491.0,-12.99
17801,2324,2324-BRA-CMP,1,1468.1,1452.3,-15.86
16053,2324,2324-BRA-CMP,1,1474.4,1458.5,-15.86
21222,2324,2324-BRA-CMP,1,1418.8,1434.7,15.86
23059,2324,2324-BRA-CMP,1,1529.8,1545.6,15.86
23502,2324,2324-BRA-CMP,1,1499.7,1485.7,-13.97
24993,2324,2324-BRA-CMP,1,1499.1,1485.1,-13.97
23060,2324,2324-BRA-CMP,1,1532.7,1546.7,13.97
14391,2324,2324-BRA-CMP,1,1554.7,1568.7,13.97
17731,2324,2324-BRA-CMP,1,1666.5,1676.6,10.09
23061,2324,2324-BRA-CMP,1,1532.1,1542.2,10.09
16041,2324,2324-BRA-CMP,1,1426.2,1416.1,-10.09
23069,2324,2324-BRA-CMP,1,1503.0,1492.9,-10.09
23501,2324,2324-BRA-CMP,1,1484.1,1469.6,-14.53
16062,2324,2324-BRA-CMP,1,1551.5,1537.0,-14.53
16786,2324,2324-BRA-CMP,1,1538.7,1553.2,14.53
16055,2324,2324-BRA-CMP,1,1561.0,1575.6,14.53
24527,2324,2324-BRA-CMP,1,1502.6,1489.6,-13.04
16043,2324,2324-BRA-CMP,1,1403.5,1390.4,-13.04
17742,2324,2324-BRA-CMP,1,1487.0,1500.0,13.04
23311,2324,2324-BRA-CMP,1,1549.1,1562.2,13.04
24529,2324,2324-BRA-CMP,1,1546.6,1560.2,13.52
22708,2324,2324-BRA-CMP,1,1547.7,1561.3,13.52
21069,2324,2324-BRA-CMP,1,1443.2,1429.7,-13.52
21036,2324,2324-BRA-CMP,1,1542.6,1529.1,-13.52
16058,2324,2324-BRA-CMP,1,1542.4,1539.4,-2.97
16054,2324,2324-BRA-CMP,1,1580.8,1577.9,-2.97
19191,2324,2324-BRA-CMP,1,1512.7,1515.7,2.97
23072,2324,2324-BRA-CMP,1,1480.2,1483.2,2.97
23073,2324,2324-BRA-CMP,1,1487.2,1485.0,-2.21
21083,2324,2324-BRA-CMP,1,1570.4,1568.2,-2.21
22977,2324,2324-BRA-CMP,1,1488.5,1490.7,2.21
18613,2324,2324-BRA-CMP,1,1472.7,1474.9,2.21
19192,2324,2324-BRA-CMP,1,1454.3,1440.9,-13.38
21342,2324,2324-BRA-CMP,1,1500.8,1487.4,-13.38
17792,2324,2324-BRA-CMP,1,1515.0,1528.3,13.38
16052,2324,2324-BRA-CMP,1,1554.9,1568.3,13.38
18439,2324,2324-TX-E01,1,1519.7,1535.3,15.55
20493,2324,2324-TX-E01,1,1500.0,1515.5,15.55
8883,2324,2324-TX-E01,1,1500.0,1484.5,-15.55
22443,2324,2324-TX-E01,1,1500.0,1484.5,-15.55
22406,2324,2324-TX-E01,1,1500.0,1516.0,16.0
22083,2324,2324-TX-E01,1,1500.0,1516.0,16.0
21741,2324,2324-TX-E01,1,1500.0,1484.0,-16.0
17470,2324,2324-TX-E01,1,1500.0,1484.0,-16.0
4541,2324,2324-TX-E01,1,1500.0,1485.6,-14.41
20886,2324,2324-TX-E01,1,1500.0,1485.6,-14.41
9266,2324,2324-TX-E01,1,1500.0,1514.4,14.41
10302,2324,2324-TX-E01,1,1569.2,1583.6,14.41
22406,2324,2324-TX-E01,1,1516.0,1498.6,-17.4
22083,2324,2324-TX-E01,1,1516.0,1498.6,-17.4
4541,2324,2324-TX-E01,1,1485.6,1503.0,17.4
20886,2324,2324-TX-E01,1,1485.6,1503.0,17.4
8381,2324,2324-TX-E01,2,1500.0,1515.9,15.93
20886,2324,2324-TX-E01,2,1503.0,1518.9,15.93
6129,2324,2324-TX-E01,2,1500.0,1484.1,-15.93
18816,2324,2324-TX-E01,2,1500.0,1484.1,-15.93
22406,2324,2324-TX-E01,2,1498.6,1513.9,15.33
22083,2324,2324-TX-E01,2,1498.6,1513.9,15.33
21741,2324,2324-TX-E01,2,1484.0,1468.7,-15.33
17470,2324,2324-TX-E01,2,1484.0,1468.7,-15.33
4541,2324,2324-TX-E01,2,1503.0,1520.7,17.75
20886,2324,2324-TX-E01,2,1518.9,1536.7,17.75
9266,2324,2324-TX-E01,2,1514.4,1496.7,-17.75
10302,2324,2324-TX-E01,2,1583.6,1565.8,-17.75
22406,2324,2324-TX-E01,2,1513.9,1498.6,-15.32
22083,2324,2324-TX-E01,2,1513.9,1498.6,-15.32
4541,2324,2324-TX-E01,2,1520.7,1536.0,15.32
20886,2324,2324-TX-E01,2,1536.7,1552.0,15.32
21741,2324,2324-TX-E01,3,1468.7,1486.1,17.45
18816,2324,2324-TX-E01,3,1484.1,1501.5,17.45
7238,2324,2324-TX-E01,3,1500.0,1482.5,-17.45
8381,2324,2324-TX-E01,3,1515.9,1498.5,-17.45
22406,2324,2324-TX-E01,3,1498.6,1513.6,15.02
22083,2324,2324-TX-E01,3,1498.6,1513.6,15.02
21741,2324,2324-TX-E01,3,1486.1,1471.1,-15.02
17470,2324,2324-TX-E01,3,1468.7,1453.6,-15.02
4541,2324,2324-TX-E01,3,1536.0,1519.5,-16.59
20886,2324,2324-TX-E01,3,1552.0,1535.4,-16.59
9266,2324,2324-TX-E01,3,1496.7,1513.3,16.59
10302,2324,2324-TX-E01,3,1565.8,1582.4,16.59
8381,2324,2324-TX-E01,4,1498.5,1482.5,-15.97
22083,2324,2324-TX-E01,4,1513.6,1497.7,-15.97
14122,2324,2324-TX-E01,4,1500.0,1516.0,15.97
22406,2324,2324-TX-E01,4,1513.6,1529.6,15.97
8883,2324,2324-TX-E01,5,1484.5,1499.7,15.29
9266,2324,2324-TX-E01,5,1513.3,1528.5,15.29
8381,2324,2324-TX-E01,5,1482.5,1467.2,-15.29
22443,2324,2324-TX-E01,5,1484.5,1469.2,-15.29
20886,2324,2324-TX-E01,6,1535.4,1548.2,12.82
9266,2324,2324-TX-E01,6,1528.5,1541.4,12.82
18816,2324,2324-TX-E01,6,1501.5,1488.7,-12.82
5040,2324,2324-TX-E01,6,1422.4,1409.6,-12.82
8883,2324,2324-TX-E01,7,1499.7,1483.5,-16.21
6930,2324,2324-TX-E01,7,1500.0,1483.8,-16.21
21741,2324,2324-TX-E01,7,1471.1,1487.3,16.21
4541,2324,2324-TX-E01,7,1519.5,1535.7,16.21
10302,2324,2324-TX-E01,8,1582.4,1596.9,14.49
8883,2324,2324-TX-E01,8,1483.5,1498.0,14.49
9859,2324,2324-TX-E01,8,1500.0,1485.5,-14.49
8479,2324,2324-TX-E01,8,1500.0,1485.5,-14.49
5692,2324,2324-TX-E01,9,1500.0,1513.8,13.79
20886,2324,2324-TX-E01,9,1548.2,1562.0,13.79
7238,2324,2324-TX-E01,9,1482.5,1468.8,-13.79
22443,2324,2324-TX-E01,9,1469.2,1455.4,-13.79
17265,2324,2324-TX-E01,10,1500.0,1516.7,16.69
9859,2324,2324-TX-E01,10,1485.5,1502.2,16.69
20493,2324,2324-TX-E01,10,1515.5,1498.9,-16.69
16759,2324,2324-TX-E01,10,1500.0,1483.3,-16.69
7238,2324,2324-TX-E01,11,1468.8,1486.8,18.08
5040,2324,2324-TX-E01,11,1409.6,1427.7,18.08
6930,2324,2324-TX-E01,11,1483.8,1465.7,-18.08
8479,2324,2324-TX-E01,11,1485.5,1467.4,-18.08
18816,2324,2324-TX-E01,12,1488.7,1503.9,15.19
22406,2324,2324-TX-E01,12,1529.6,1544.8,15.19
15101,2324,2324-TX-E01,12,1500.0,1484.8,-15.19
16759,2324,2324-TX-E01,12,1483.3,1468.1,-15.19
17470,2324,2324-TX-E01,13,1453.6,1470.4,16.79
9266,2324,2324-TX-E01,13,1541.4,1558.2,16.79
20886,2324,2324-TX-E01,13,1562.0,1545.2,-16.79
8479,2324,2324-TX-E01,13,1467.4,1450.6,-16.79
8381,2324,2324-TX-E01,14,1467.2,1451.7,-15.53
20493,2324,2324-TX-E01,14,1498.9,1483.3,-15.53
8479,2324,2324-TX-E01,14,1450.6,1466.2,15.53
4541,2324,2324-TX-E01,14,1535.7,1551.2,15.53
17470,2324,2324-TX-E01,15,1470.4,1456.8,-13.68
6129,2324,2324-TX-E01,15,1484.1,1470.4,-13.68
9266,2324,2324-TX-E01,15,1558.2,1571.8,13.68
22083,2324,2324-TX-E01,15,1497.7,1511.4,13.68
21741,2324,2324-TX-E01,16,1487.3,1501.6,14.33
20493,2324,2324-TX-E01,16,1483.3,1497.7,14.33
5040,2324,2324-TX-E01,16,1427.7,1413.3,-14.33
6129,2324,2324-TX-E01,16,1470.4,1456.1,-14.33
22406,2324,2324-TX-E01,17,1544.8,1559.5,14.71
9859,2324,2324-TX-E01,17,1502.2,1516.9,14.71
7238,2324,2324-TX-E01,17,1486.8,1472.1,-14.71
18816,2324,2324-TX-E01,17,1503.9,1489.2,-14.71
9859,2324,2324-TX-E01,18,1516.9,1500.7,-16.24
6930,2324,2324-TX-E01,18,1465.7,1449.5,-16.24
14122,2324,2324-TX-E01,18,1516.0,1532.2,16.24
6129,2324,2324-TX-E01,18,1456.1,1472.3,16.24
20493,2324,2324-TX-E01,19,1497.7,1482.1,-15.6
22443,2324,2324-TX-E01,19,1455.4,1439.8,-15.6
17470,2324,2324-TX-E01,19,1456.8,1472.4,15.6
5692,2324,2324-TX-E01,19,1513.8,1529.4,15.6
17265,2324,2324-TX-E01,20,1516.7,1503.1,-13.64
5040,2324,2324-TX-E01,20,1413.3,1399.7,-13.64
20493,2324,2324-TX-E01,20,1482.1,1495.7,13.64
4541,2324,2324-TX-E01,20,1551.2,1564.8,13.64
22443,2324,2324-TX-E01,21,1439.8,1425.7,-14.06
5692,2324,2324-TX-E01,21,1529.4,1515.3,-14.06
18816,2324,2324-TX-E01,21,1489.2,1503.2,14.06
4541,2324,2324-TX-E01,21,1564.8,1578.9,14.06
8381,2324,2324-TX-E01,22,1451.7,1470.1,18.4
6930,2324,2324-TX-E01,22,1449.5,1467.9,18.4
17265,2324,2324-TX-E01,22,1503.1,1484.6,-18.4
18816,2324,2324-TX-E01,22,1503.2,1484.8,-18.4
20493,2324,2324-TX-E01,23,1495.7,1511.4,15.75
15101,2324,2324-TX-E01,23,1484.8,1500.6,15.75
21741,2324,2324-TX-E01,23,1501.6,1485.9,-15.75
6930,2324,2324-TX-E01,23,1467.9,1452.1,-15.75
20886,2324,2324-TX-E01,24,1545.2,1530.5,-14.73
7238,2324,2324-TX-E01,24,1472.1,1457.4,-14.73
9266,2324,2324-TX-E01,24,1571.8,1586.6,14.73
9859,2324,2324-TX-E01,24,1500.7,1515.4,14.73
9859,2324,2324-TX-E01,25,1515.4,1502.0,-13.42
22443,2324,2324-TX-E01,25,1425.7,1412.3,-13.42
10302,2324,2324-TX-E01,25,1596.9,1610.3,13.42
7238,2324,2324-TX-E01,25,1457.4,1470.8,13.42
5040,2324,2324-TX-E01,26,1399.7,1387.3,-12.44
18816,2324,2324-TX-E01,26,1484.8,1472.4,-12.44
20886,2324,2324-TX-E01,26,1530.5,1542.9,12.44
20493,2324,2324-TX-E01,26,1511.4,1523.9,12.44
21741,2324,2324-TX-E01,27,1485.9,1502.3,16.41
17470,2324,2324-TX-E01,27,1472.4,1488.8,16.41
20493,2324,2324-TX-E01,27,1523.9,1507.5,-16.41
6930,2324,2324-TX-E01,27,1452.1,1435.7,-16.41
6930,2324,2324-TX-E01,28,1435.7,1423.5,-12.23
16759,2324,2324-TX-E01,28,1468.1,1455.9,-12.23
22406,2324,2324-TX-E01,28,1559.5,1571.7,12.23
22083,2324,2324-TX-E01,28,1511.4,1523.6,12.23
17470,2324,2324-TX-E01,29,1488.8,1475.3,-13.45
16759,2324,2324-TX-E01,29,1455.9,1442.4,-13.45
22406,2324,2324-TX-E01,29,1571.7,1585.2,13.45
17265,2324,2324-TX-E01,29,1484.6,1498.1,13.45
22406,2324,2324-TX-E01,30,1585.2,1598.9,13.74
18816,2324,2324-TX-E01,30,1472.4,1486.1,13.74
18439,2324,2324-TX-E01,30,1535.3,1521.5,-13.74
6930,2324,2324-TX-E01,30,1423.5,1409.7,-13.74
16759,2324,2324-TX-E01,31,1442.4,1425.6,-16.86
10302,2324,2324-TX-E01,31,1610.3,1593.5,-16.86
20886,2324,2324-TX-E01,31,1542.9,1559.8,16.86
6129,2324,2324-TX-E01,31,1472.3,1489.2,16.86
17073,2324,2324-TX-E02,1,1500.0,1484.0,-16.0
7359,2324,2324-TX-E02,1,1500.0,1484.0,-16.0
16202,2324,2324-TX-E02,1,1500.0,1516.0,16.0
6382,2324,2324-TX-E02,1,1500.0,1516.0,16.0
14804,2324,2324-TX-E02,1,1500.0,1516.4,16.37
5745,2324,2324-TX-E02,1,1500.0,1516.4,16.37
20292,2324,2324-TX-E02,1,1500.0,1483.6,-16.37
6382,2324,2324-TX-E02,1,1516.0,1499.6,-16.37
17330,2324,2324-TX-E02,1,1500.0,1516.4,16.37
21788,2324,2324-TX-E02,1,1500.0,1516.4,16.37
18968,2324,2324-TX-E02,1,1500.0,1483.6,-16.37
16202,2324,2324-TX-E02,1,1516.0,1499.6,-16.37
14804,2324,2324-TX-E02,1,1516.4,1500.4,-16.0
5745,2324,2324-TX-E02,1,1516.4,1500.4,-16.0
17330,2324,2324-TX-E02,1,1516.4,1532.4,16.0
21788,2324,2324-TX-E02,1,1516.4,1532.4,16.0
8925,2324,2324-TX-E02,2,1500.0,1484.0,-16.0
5233,2324,2324-TX-E02,2,1500.0,1484.0,-16.0
11889,2324,2324-TX-E02,2,1500.0,1516.0,16.0
21877,2324,2324-TX-E02,2,1500.0,1516.0,16.0
14804,2324,2324-TX-E02,2,1500.4,1516.0,15.6
5745,2324,2324-TX-E02,2,1500.4,1516.0,15.6
20292,2324,2324-TX-E02,2,1483.6,1468.0,-15.6
6382,2324,2324-TX-E02,2,1499.6,1484.0,-15.6
17330,2324,2324-TX-E02,2,1532.4,1546.5,14.13
21788,2324,2324-TX-E02,2,1532.4,1546.5,14.13
18968,2324,2324-TX-E02,2,1483.6,1469.5,-14.13
16202,2324,2324-TX-E02,2,1499.6,1485.5,-14.13
14804,2324,2324-TX-E02,2,1516.0,1501.4,-14.6
5745,2324,2324-TX-E02,2,1516.0,1501.4,-14.6
17330,2324,2324-TX-E02,2,1546.5,1561.1,14.6
21788,2324,2324-TX-E02,2,1546.5,1561.1,14.6
15317,2324,2324-TX-E02,3,1500.0,1484.4,-15.6
6382,2324,2324-TX-E02,3,1484.0,1468.4,-15.6
14804,2324,2324-TX-E02,3,1501.4,1517.0,15.6
5252,2324,2324-TX-E02,3,1500.0,1515.6,15.6
14804,2324,2324-TX-E02,3,1517.0,1499.1,-17.88
5745,2324,2324-TX-E02,3,1501.4,1483.5,-17.88
20292,2324,2324-TX-E02,3,1468.0,1485.9,17.88
6382,2324,2324-TX-E02,3,1468.4,1486.3,17.88
17330,2324,2324-TX-E02,3,1561.1,1573.3,12.22
21788,2324,2324-TX-E02,3,1561.1,1573.3,12.22
18968,2324,2324-TX-E02,3,1469.5,1457.3,-12.22
16202,2324,2324-TX-E02,3,1485.5,1473.3,-12.22
14804,2324,2324-TX-E02,3,1499.1,1486.8,-12.29
5745,2324,2324-TX-E02,3,1483.5,1471.2,-12.29
17330,2324,2324-TX-E02,3,1573.3,1585.6,12.29
21788,2324,2324-TX-E02,3,1573.3,1585.6,12.29
5233,2324,2324-TX-E02,4,1484.0,1500.6,16.62
7359,2324,2324-TX-E02,4,1484.0,1500.6,16.62
16202,2324,2324-TX-E02,4,1473.3,1456.7,-16.62
11144,2324,2324-TX-E02,4,1521.7,1505.0,-16.62
8925,2324,2324-TX-E02,5,1484.0,1467.7,-16.26
24605,2324,2324-TX-E02,5,1500.0,1483.7,-16.26
18968,2324,2324-TX-E02,5,1457.3,1473.5,16.26
5252,2324,2324-TX-E02,5,1515.6,1531.9,16.26
11144,2324,2324-TX-E02,6,1505.0,1488.6,-16.47
11889,2324,2324-TX-E02,6,1516.0,1499.5,-16.47
15579,2324,2324-TX-E02,6,1500.0,1516.5,16.47
7359,2324,2324-TX-E02,6,1500.6,1517.1,16.47
16202,2324,2324-TX-E02,7,1456.7,1441.3,-15.33
7359,2324,2324-TX-E02,7,1517.1,1501.8,-15.33
5745,2324,2324-TX-E02,7,1471.2,1486.5,15.33
5252,2324,2324-TX-E02,7,1531.9,1547.2,15.33
21877,2324,2324-TX-E02,8,1516.0,1531.4,15.36
14804,2324,2324-TX-E02,8,1486.8,1502.2,15.36
11144,2324,2324-TX-E02,8,1488.6,1473.2,-15.36
5745,2324,2324-TX-E02,8,1486.5,1471.2,-15.36
16202,2324,2324-TX-E02,9,1441.3,1458.0,16.63
11889,2324,2324-TX-E02,9,1499.5,1516.2,16.63
15317,2324,2324-TX-E02,9,1484.4,1467.8,-16.63
24605,2324,2324-TX-E02,9,1483.7,1467.1,-16.63
6975,2324,2324-TX-E02,10,1500.0,1483.6,-16.42
20292,2324,2324-TX-E02,10,1485.9,1469.5,-16.42
15317,2324,2324-TX-E02,10,1467.8,1484.2,16.42
1634,2324,2324-TX-E02,10,1500.0,1516.4,16.42
14804,2324,2324-TX-E02,11,1502.2,1518.5,16.34
8925,2324,2324-TX-E02,11,1467.7,1484.1,16.34
15317,2324,2324-TX-E02,11,1484.2,1467.8,-16.34
5233,2324,2324-TX-E02,11,1500.6,1484.3,-16.34
18968,2324,2324-TX-E02,12,1473.5,1489.4,15.87
1634,2324,2324-TX-E02,12,1516.4,1532.3,15.87
5233,2324,2324-TX-E02,12,1484.3,1468.4,-15.87
6590,2324,2324-TX-E02,12,1500.0,1484.1,-15.87
7359,2324,2324-TX-E02,13,1501.8,1486.0,-15.79
11144,2324,2324-TX-E02,13,1473.2,1457.4,-15.79
12961,2324,2324-TX-E02,13,1500.0,1515.8,15.79
8925,2324,2324-TX-E02,13,1484.1,1499.9,15.79
11889,2324,2324-TX-E02,14,1516.2,1532.2,16.03
5233,2324,2324-TX-E02,14,1468.4,1484.4,16.03
6847,2324,2324-TX-E02,14,1500.0,1484.0,-16.03
7359,2324,2324-TX-E02,14,1486.0,1469.9,-16.03
18968,2324,2324-TX-E02,15,1489.4,1506.0,16.56
14804,2324,2324-TX-E02,15,1518.5,1535.1,16.56
9843,2324,2324-TX-E02,15,1500.0,1483.4,-16.56
1634,2324,2324-TX-E02,15,1532.3,1515.7,-16.56
15579,2324,2324-TX-E02,16,1516.5,1531.4,14.93
17330,2324,2324-TX-E02,16,1585.6,1600.5,14.93
21788,2324,2324-TX-E02,16,1585.6,1570.7,-14.93
7359,2324,2324-TX-E02,16,1469.9,1455.0,-14.93
9843,2324,2324-TX-E02,17,1483.4,1500.3,16.85
6590,2324,2324-TX-E02,17,1484.1,1501.0,16.85
5252,2324,2324-TX-E02,17,1547.2,1530.3,-16.85
11144,2324,2324-TX-E02,17,1457.4,1440.6,-16.85
5745,2324,2324-TX-E02,18,1471.2,1454.5,-16.69
6316,2324,2324-TX-E02,18,1500.0,1483.3,-16.69
7359,2324,2324-TX-E02,18,1455.0,1471.7,16.69
6382,2324,2324-TX-E02,18,1486.3,1503.0,16.69
6382,2324,2324-TX-E02,19,1503.0,1485.6,-17.37
6847,2324,2324-TX-E02,19,1484.0,1466.6,-17.37
20292,2324,2324-TX-E02,19,1469.5,1486.9,17.37
16202,2324,2324-TX-E02,19,1458.0,1475.3,17.37
11144,2324,2324-TX-E02,20,1440.6,1427.8,-12.76
15317,2324,2324-TX-E02,20,1467.8,1455.1,-12.76
12961,2324,2324-TX-E02,20,1515.8,1528.6,12.76
14804,2324,2324-TX-E02,20,1535.1,1547.8,12.76
7359,2324,2324-TX-E02,21,1471.7,1453.8,-17.93
17330,2324,2324-TX-E02,21,1600.5,1582.6,-17.93
20292,2324,2324-TX-E02,21,1486.9,1504.8,17.93
6590,2324,2324-TX-E02,21,1501.0,1518.9,17.93
18968,2324,2324-TX-E02,22,1506.0,1520.4,14.45
15579,2324,2324-TX-E02,22,1531.4,1545.8,14.45
17073,2324,2324-TX-E02,22,1484.0,1469.6,-14.45
6382,2324,2324-TX-E02,22,1485.6,1471.2,-14.45
9843,2324,2324-TX-E02,23,1500.3,1484.1,-16.2
11889,2324,2324-TX-E02,23,1532.2,1516.0,-16.2
6590,2324,2324-TX-E02,23,1518.9,1535.1,16.2
20292,2324,2324-TX-E02,23,1504.8,1521.0,16.2
21877,2324,2324-TX-E02,24,1531.4,1515.2,-16.12
9843,2324,2324-TX-E02,24,1484.1,1468.0,-16.12
6590,2324,2324-TX-E02,24,1535.1,1551.2,16.12
16202,2324,2324-TX-E02,24,1475.3,1491.4,16.12
15579,2324,2324-TX-E02,25,1545.8,1528.8,-17.05
6975,2324,2324-TX-E02,25,1483.6,1466.5,-17.05
15317,2324,2324-TX-E02,25,1455.1,1472.1,17.05
12961,2324,2324-TX-E02,25,1528.6,1545.7,17.05
9843,2324,2324-TX-E02,26,1468.0,1452.2,-15.73
6590,2324,2324-TX-E02,26,1551.2,1535.5,-15.73
14804,2324,2324-TX-E02,26,1547.8,1563.6,15.73
6316,2324,2324-TX-E02,26,1483.3,1499.0,15.73
11889,2324,2324-TX-E02,27,1516.0,1501.8,-14.18
7359,2324,2324-TX-E02,27,1453.8,1439.6,-14.18
17330,2324,2324-TX-E02,27,1582.6,1596.8,14.18
6975,2324,2324-TX-E02,27,1466.5,1480.7,14.18
18968,2324,2324-TX-E02,28,1520.4,1535.9,15.45
17073,2324,2324-TX-E02,28,1469.6,1485.0,15.45
6316,2324,2324-TX-E02,28,1499.0,1483.6,-15.45
24605,2324,2324-TX-E02,28,1467.1,1451.7,-15.45
6316,2324,2324-TX-E02,29,1483.6,1469.1,-14.5
24605,2324,2324-TX-E02,29,1451.7,1437.2,-14.5
1634,2324,2324-TX-E02,29,1515.7,1530.2,14.5
17073,2324,2324-TX-E02,29,1485.0,1499.5,14.5
21877,2324,2324-TX-E02,30,1515.2,1501.4,-13.89
11144,2324,2324-TX-E02,30,1427.8,1413.9,-13.89
17073,2324,2324-TX-E02,30,1499.5,1513.4,13.89
6590,2324,2324-TX-E02,30,1535.5,1549.4,13.89
5745,2324,2324-TX-E02,31,1454.5,1472.2,17.71
5233,2324,2324-TX-E02,31,1484.4,1502.1,17.71
17073,2324,2324-TX-E02,31,1513.4,1495.7,-17.71
8925,2324,2324-TX-E02,31,1499.9,1482.2,-17.71
15317,2324,2324-TX-E02,32,1472.1,1458.6,-13.49
18968,2324,2324-TX-E02,32,1535.9,1522.4,-13.49
20292,2324,2324-TX-E02,32,1521.0,1534.5,13.49
17330,2324,2324-TX-E02,32,1596.8,1610.3,13.49
23567,2324,2324-TX-E03,1,1500.0,1516.0,16.0
22125,2324,2324-TX-E03,1,1500.0,1516.0,16.0
3170,2324,2324-TX-E03,1,1500.0,1484.0,-16.0
21946,2324,2324-TX-E03,1,1500.0,1484.0,-16.0
3170,2324,2324-TX-E03,1,1484.0,1500.7,16.74
11016,2324,2324-TX-E03,1,1500.0,1516.7,16.74
23567,2324,2324-TX-E03,1,1516.0,1499.3,-16.74
18255,2324,2324-TX-E03,1,1500.0,1483.3,-16.74
1189,2324,2324-TX-E03,1,1500.0,1484.0,-16.0
2539,2324,2324-TX-E03,1,1500.0,1484.0,-16.0
13159,2324,2324-TX-E03,1,1500.0,1516.0,16.0
19074,2324,2324-TX-E03,1,1500.0,1516.0,16.0
3170,2324,2324-TX-E03,1,1500.7,1515.6,14.86
11016,2324,2324-TX-E03,1,1516.7,1531.6,14.86
1189,2324,2324-TX-E03,1,1484.0,1469.1,-14.86
2539,2324,2324-TX-E03,1,1484.0,1469.1,-14.86
8380,2324,2324-TX-E03,2,1500.0,1516.0,16.02
23567,2324,2324-TX-E03,2,1499.3,1515.3,16.02
11579,2324,2324-TX-E03,2,1500.0,1484.0,-16.02
6266,2324,2324-TX-E03,2,1500.0,1484.0,-16.02
3170,2324,2324-TX-E03,2,1515.6,1530.5,14.88
11016,2324,2324-TX-E03,2,1531.6,1546.5,14.88
23567,2324,2324-TX-E03,2,1515.3,1500.4,-14.88
18255,2324,2324-TX-E03,2,1483.3,1468.4,-14.88
1189,2324,2324-TX-E03,2,1469.1,1487.3,18.15
2539,2324,2324-TX-E03,2,1469.1,1487.3,18.15
13159,2324,2324-TX-E03,2,1516.0,1497.9,-18.15
19074,2324,2324-TX-E03,2,1516.0,1497.9,-18.15
3170,2324,2324-TX-E03,2,1530.5,1512.1,-18.34
11016,2324,2324-TX-E03,2,1546.5,1528.1,-18.34
1189,2324,2324-TX-E03,2,1487.3,1505.6,18.34
2539,2324,2324-TX-E03,2,1487.3,1505.6,18.34
19074,2324,2324-TX-E03,3,1497.9,1482.9,-14.94
21946,2324,2324-TX-E03,3,1484.0,1469.1,-14.94
22125,2324,2324-TX-E03,3,1516.0,1530.9,14.94
3170,2324,2324-TX-E03,3,1512.1,1527.1,14.94
1189,2324,2324-TX-E03,3,1505.6,1520.9,15.3
2539,2324,2324-TX-E03,3,1505.6,1520.9,15.3
13159,2324,2324-TX-E03,3,1497.9,1482.6,-15.3
19074,2324,2324-TX-E03,3,1482.9,1467.6,-15.3
3170,2324,2324-TX-E03,3,1527.1,1542.8,15.69
11016,2324,2324-TX-E03,3,1528.1,1543.8,15.69
1189,2324,2324-TX-E03,3,1520.9,1505.2,-15.69
2539,2324,2324-TX-E03,3,1520.9,1505.2,-15.69
3170,2324,2324-TX-E03,4,1542.8,1556.3,13.58
22125,2324,2324-TX-E03,4,1530.9,1544.5,13.58
20245,2324,2324-TX-E03,4,1500.0,1486.4,-13.58
19074,2324,2324-TX-E03,4,1467.6,1454.0,-13.58
1189,2324,2324-TX-E03,5,1505.2,1521.6,16.38
2539,2324,2324-TX-E03,5,1505.2,1521.6,16.38
22125,2324,2324-TX-E03,5,1544.5,1528.1,-16.38
13159,2324,2324-TX-E03,5,1482.6,1466.2,-16.38
19074,2324,2324-TX-E03,6,1454.0,1471.3,17.21
11579,2324,2324-TX-E03,6,1484.0,1501.2,17.21
2539,2324,2324-TX-E03,6,1521.6,1504.4,-17.21
21946,2324,2324-TX-E03,6,1469.1,1451.9,-17.21
2539,2324,2324-TX-E03,7,1504.4,1520.4,15.95
13159,2324,2324-TX-E03,7,1466.2,1482.1,15.95
10425,2324,2324-TX-E03,7,1500.0,1484.1,-15.95
18255,2324,2324-TX-E03,7,1468.4,1452.4,-15.95
3170,2324,2324-TX-E03,8,1556.3,1568.3,11.94
22125,2324,2324-TX-E03,8,1528.1,1540.1,11.94
21946,2324,2324-TX-E03,8,1451.9,1439.9,-11.94
18255,2324,2324-TX-E03,8,1452.4,1440.5,-11.94
10425,2324,2324-TX-E03,9,1484.1,1467.8,-16.24
3170,2324,2324-TX-E03,9,1568.3,1552.0,-16.24
1189,2324,2324-TX-E03,9,1521.6,1537.9,16.24
2539,2324,2324-TX-E03,9,1520.4,1536.6,16.24
1189,2324,2324-TX-E03,10,1537.9,1521.1,-16.7
8380,2324,2324-TX-E03,10,1516.0,1499.3,-16.7
19074,2324,2324-TX-E03,10,1471.3,1488.0,16.7
3170,2324,2324-TX-E03,10,1552.0,1568.8,16.7
10425,2324,2324-TX-E03,11,1467.8,1454.1,-13.71
18255,2324,2324-TX-E03,11,1440.5,1426.8,-13.71
21946,2324,2324-TX-E03,11,1439.9,1453.6,13.71
3170,2324,2324-TX-E03,11,1568.8,1582.5,13.71
22125,2324,2324-TX-E03,12,1540.1,1526.9,-13.14
21946,2324,2324-TX-E03,12,1453.6,1440.5,-13.14
3170,2324,2324-TX-E03,12,1582.5,1595.6,13.14
2539,2324,2324-TX-E03,12,1536.6,1549.7,13.14
23567,2324,2324-TX-E03,13,1500.4,1486.6,-13.77
6266,2324,2324-TX-E03,13,1484.0,1470.2,-13.77
20245,2324,2324-TX-E03,13,1486.4,1500.2,13.77
3170,2324,2324-TX-E03,13,1595.6,1609.4,13.77
18255,2324,2324-TX-E03,14,1426.8,1446.3,19.53
13159,2324,2324-TX-E03,14,1482.1,1501.7,19.53
11016,2324,2324-TX-E03,14,1543.8,1524.3,-19.53
1189,2324,2324-TX-E03,14,1521.1,1501.6,-19.53
10425,2324,2324-TX-E03,15,1454.1,1438.3,-15.83
22125,2324,2324-TX-E03,15,1526.9,1511.1,-15.83
13159,2324,2324-TX-E03,15,1501.7,1517.5,15.83
23567,2324,2324-TX-E03,15,1486.6,1502.5,15.83
6266,2324,2324-TX-E03,16,1470.2,1486.0,15.78
2539,2324,2324-TX-E03,16,1549.7,1565.5,15.78
22125,2324,2324-TX-E03,16,1511.1,1495.3,-15.78
8380,2324,2324-TX-E03,16,1499.3,1483.5,-15.78
20245,2324,2324-TX-E03,17,1500.2,1482.7,-17.53
23567,2324,2324-TX-E03,17,1502.5,1484.9,-17.53
22125,2324,2324-TX-E03,17,1495.3,1512.8,17.53
21946,2324,2324-TX-E03,17,1440.5,1458.0,17.53
18255,2324,2324-TX-E03,18,1446.3,1433.5,-12.8
10425,2324,2324-TX-E03,18,1438.3,1425.5,-12.8
11016,2324,2324-TX-E03,18,1524.3,1537.1,12.8
11579,2324,2324-TX-E03,18,1501.2,1514.0,12.8
3058,2324,2324-TX-E04,1,1500.0,1484.0,-16.0
15093,2324,2324-TX-E04,1,1500.0,1484.0,-16.0
4234,2324,2324-TX-E04,1,1500.0,1516.0,16.0
13338,2324,2324-TX-E04,1,1500.0,1516.0,16.0
4892,2324,2324-TX-E04,1,1500.0,1484.4,-15.63
18877,2324,2324-TX-E04,1,1500.0,1484.4,-15.63
4234,2324,2324-TX-E04,1,1516.0,1531.6,15.63
5550,2324,2324-TX-E04,1,1500.0,1515.6,15.63
15938,2324,2324-TX-E04,1,1500.0,1483.6,-16.37
17646,2324,2324-TX-E04,1,1500.0,1483.6,-16.37
3058,2324,2324-TX-E04,1,1484.0,1500.4,16.37
11010,2324,2324-TX-E04,1,1500.0,1516.4,16.37
4892,2324,2324-TX-E04,1,1484.4,1500.3,15.97
18877,2324,2324-TX-E04,1,1484.4,1500.3,15.97
15938,2324,2324-TX-E04,1,1483.6,1467.7,-15.97
17646,2324,2324-TX-E04,1,1483.6,1467.7,-15.97
19695,2324,2324-TX-E04,2,1500.0,1484.0,-15.99
12453,2324,2324-TX-E04,2,1500.0,1484.0,-15.99
3058,2324,2324-TX-E04,2,1500.4,1516.4,15.99
24626,2324,2324-TX-E04,2,1500.0,1516.0,15.99
4892,2324,2324-TX-E04,2,1500.3,1485.4,-14.93
18877,2324,2324-TX-E04,2,1500.3,1485.4,-14.93
4234,2324,2324-TX-E04,2,1531.6,1546.6,14.93
5550,2324,2324-TX-E04,2,1515.6,1530.6,14.93
15938,2324,2324-TX-E04,2,1467.7,1453.9,-13.77
17646,2324,2324-TX-E04,2,1467.7,1453.9,-13.77
3058,2324,2324-TX-E04,2,1516.4,1530.1,13.77
11010,2324,2324-TX-E04,2,1516.4,1530.1,13.77
4892,2324,2324-TX-E04,2,1485.4,1500.0,14.55
18877,2324,2324-TX-E04,2,1485.4,1500.0,14.55
15938,2324,2324-TX-E04,2,1453.9,1439.3,-14.55
17646,2324,2324-TX-E04,2,1453.9,1439.3,-14.55
9180,2324,2324-TX-E04,3,1500.0,1516.4,16.37
19695,2324,2324-TX-E04,3,1484.0,1500.4,16.37
15176,2324,2324-TX-E04,3,1500.0,1483.6,-16.37
4892,2324,2324-TX-E04,3,1500.0,1483.6,-16.37
4892,2324,2324-TX-E04,3,1483.6,1469.7,-13.86
18877,2324,2324-TX-E04,3,1500.0,1486.1,-13.86
4234,2324,2324-TX-E04,3,1546.6,1560.4,13.86
5550,2324,2324-TX-E04,3,1530.6,1544.4,13.86
4892,2324,2324-TX-E04,3,1469.7,1452.0,-17.77
18877,2324,2324-TX-E04,3,1486.1,1468.3,-17.77
15938,2324,2324-TX-E04,3,1439.3,1457.1,17.77
17646,2324,2324-TX-E04,3,1439.3,1457.1,17.77
15093,2324,2324-TX-E04,4,1484.0,1469.4,-14.56
15176,2324,2324-TX-E04,4,1483.6,1469.1,-14.56
9111,2324,2324-TX-E04,4,1500.0,1514.6,14.56
11010,2324,2324-TX-E04,4,1530.1,1544.7,14.56
13338,2324,2324-TX-E04,5,1516.0,1533.0,16.95
17646,2324,2324-TX-E04,5,1457.1,1474.1,16.95
15967,2324,2324-TX-E04,5,1500.0,1483.0,-16.95
9111,2324,2324-TX-E04,5,1514.6,1497.6,-16.95
5790,2324,2324-TX-E04,6,1500.0,1514.9,14.91
9180,2324,2324-TX-E04,6,1516.4,1531.3,14.91
3726,2324,2324-TX-E04,6,1500.0,1485.1,-14.91
15176,2324,2324-TX-E04,6,1469.1,1454.2,-14.91
14564,2324,2324-TX-E04,7,1500.0,1517.8,17.77
15967,2324,2324-TX-E04,7,1483.0,1500.8,17.77
5550,2324,2324-TX-E04,7,1544.4,1526.6,-17.77
24626,2324,2324-TX-E04,7,1516.0,1498.2,-17.77
5204,2324,2324-TX-E04,8,1500.0,1483.9,-16.12
9984,2324,2324-TX-E04,8,1500.0,1483.9,-16.12
18877,2324,2324-TX-E04,8,1468.3,1484.4,16.12
5550,2324,2324-TX-E04,8,1526.6,1542.8,16.12
14564,2324,2324-TX-E04,9,1517.8,1534.1,16.31
1656,2324,2324-TX-E04,9,1500.0,1516.3,16.31
24626,2324,2324-TX-E04,9,1498.2,1481.9,-16.31
13338,2324,2324-TX-E04,9,1533.0,1516.6,-16.31
5790,2324,2324-TX-E04,10,1514.9,1496.2,-18.67
4234,2324,2324-TX-E04,10,1560.4,1541.7,-18.67
17646,2324,2324-TX-E04,10,1474.1,1492.7,18.67
12453,2324,2324-TX-E04,10,1484.0,1502.7,18.67
5790,2324,2324-TX-E04,11,1496.2,1480.7,-15.55
12453,2324,2324-TX-E04,11,1502.7,1487.1,-15.55
14564,2324,2324-TX-E04,11,1534.1,1549.6,15.55
18877,2324,2324-TX-E04,11,1484.4,1500.0,15.55
4234,2324,2324-TX-E04,12,1541.7,1554.9,13.19
14564,2324,2324-TX-E04,12,1549.6,1562.8,13.19
4892,2324,2324-TX-E04,12,1452.0,1438.8,-13.19
1656,2324,2324-TX-E04,12,1516.3,1503.1,-13.19
11010,2324,2324-TX-E04,13,1544.7,1557.9,13.21
14564,2324,2324-TX-E04,13,1562.8,1576.0,13.21
3726,2324,2324-TX-E04,13,1485.1,1471.9,-13.21
18877,2324,2324-TX-E04,13,1500.0,1486.8,-13.21
15093,2324,2324-TX-E04,14,1469.4,1454.8,-14.67
15938,2324,2324-TX-E04,14,1457.1,1442.4,-14.67
15176,2324,2324-TX-E04,14,1454.2,1468.8,14.67
3058,2324,2324-TX-E04,14,1530.1,1544.8,14.67
14564,2324,2324-TX-E04,15,1576.0,1590.9,14.89
15093,2324,2324-TX-E04,15,1454.8,1469.7,14.89
15967,2324,2324-TX-E04,15,1500.8,1485.9,-14.89
24626,2324,2324-TX-E04,15,1481.9,1467.0,-14.89
14564,2324,2324-TX-E04,16,1590.9,1604.6,13.63
15489,2324,2324-TX-E04,16,1468.9,1482.6,13.63
12453,2324,2324-TX-E04,16,1487.1,1473.5,-13.63
15176,2324,2324-TX-E04,16,1468.8,1455.2,-13.63
24626,2324,2324-TX-E04,17,1467.0,1451.7,-15.3
3726,2324,2324-TX-E04,17,1471.9,1456.6,-15.3
15489,2324,2324-TX-E04,17,1482.6,1497.9,15.3
18877,2324,2324-TX-E04,17,1486.8,1502.1,15.3
19695,2324,2324-TX-E04,18,1500.4,1517.5,17.08
4892,2324,2324-TX-E04,18,1438.8,1455.8,17.08
18877,2324,2324-TX-E04,18,1502.1,1485.0,-17.08
5204,2324,2324-TX-E04,18,1483.9,1466.8,-17.08
15489,2324,2324-TX-E04,19,1497.9,1481.0,-16.85
17646,2324,2324-TX-E04,19,1492.7,1475.9,-16.85
9111,2324,2324-TX-E04,19,1497.6,1514.5,16.85
4892,2324,2324-TX-E04,19,1455.8,1472.7,16.85
4892,2324,2324-TX-E04,20,1472.7,1485.0,12.26
14564,2324,2324-TX-E04,20,1604.6,1616.8,12.26
3726,2324,2324-TX-E04,20,1456.6,1444.3,-12.26
15176,2324,2324-TX-E04,20,1455.2,1442.9,-12.26
15176,2324,2324-TX-E04,21,1442.9,1426.1,-16.83
11010,2324,2324-TX-E04,21,1557.9,1541.1,-16.83
15489,2324,2324-TX-E04,21,1481.0,1497.8,16.83
9984,2324,2324-TX-E04,21,1483.9,1500.7,16.83
18877,2324,2324-TX-E04,22,1485.0,1471.3,-13.71
13338,2324,2324-TX-E04,22,1516.6,1502.9,-13.71
14564,2324,2324-TX-E04,22,1616.8,1630.5,13.71
4892,2324,2324-TX-E04,22,1485.0,1498.7,13.71
5204,2324,2324-TX-E04,23,1466.8,1455.1,-11.69
9111,2324,2324-TX-E04,23,1514.5,1502.8,-11.69
14564,2324,2324-TX-E04,23,1630.5,1642.2,11.69
5550,2324,2324-TX-E04,23,1542.8,1554.4,11.69
15938,2324,2324-TX-E04,24,1442.4,1462.7,20.24
5204,2324,2324-TX-E04,24,1455.1,1475.4,20.24
9180,2324,2324-TX-E04,24,1531.3,1511.0,-20.24
4234,2324,2324-TX-E04,24,1554.9,1534.7,-20.24
17646,2324,2324-TX-E04,25,1475.9,1488.6,12.72
14564,2324,2324-TX-E04,25,1642.2,1654.9,12.72
23347,2324,2324-TX-E04,25,1500.0,1487.3,-12.72
12453,2324,2324-TX-E04,25,1473.5,1460.8,-12.72
3058,2324,2324-TX-E04,26,1544.8,1561.2,16.39
3726,2324,2324-TX-E04,26,1444.3,1460.7,16.39
13338,2324,2324-TX-E04,26,1502.9,1486.5,-16.39
1656,2324,2324-TX-E04,26,1503.1,1486.7,-16.39
15938,2324,2324-TX-E04,27,1462.7,1448.4,-14.24
15093,2324,2324-TX-E04,27,1469.7,1455.4,-14.24
15489,2324,2324-TX-E04,27,1497.8,1512.1,14.24
9180,2324,2324-TX-E04,27,1511.0,1525.3,14.24
19695,2324,2324-TX-E04,28,1517.5,1499.3,-18.13
3058,2324,2324-TX-E04,28,1561.2,1543.1,-18.13
1656,2324,2324-TX-E04,28,1486.7,1504.9,18.13
4892,2324,2324-TX-E04,28,1498.7,1516.8,18.13
12453,2324,2324-TX-E04,29,1460.8,1476.4,15.62
13338,2324,2324-TX-E04,29,1486.5,1502.2,15.62
5204,2324,2324-TX-E04,29,1475.4,1459.7,-15.62
15093,2324,2324-TX-E04,29,1455.4,1439.8,-15.62
5550,2324,2324-TX-E04,30,1554.4,1567.9,13.43
4234,2324,2324-TX-E04,30,1534.7,1548.1,13.43
4892,2324,2324-TX-E04,30,1516.8,1503.4,-13.43
5204,2324,2324-TX-E04,30,1459.7,1446.3,-13.43
15489,2324,2324-TX-E04,31,1512.1,1528.9,16.86
15176,2324,2324-TX-E04,31,1426.1,1443.0,16.86
19695,2324,2324-TX-E04,31,1499.3,1482.5,-16.86
12453,2324,2324-TX-E04,31,1476.4,1459.5,-16.86
