season,event_key,match_number,is_playoff,red_team_1,red_team_2,blue_team_1,blue_team_2,red_score,blue_score,winner,red_opr_sum,blue_opr_sum,opr_favorite,opr_upset,red_elo_avg,blue_elo_avg,elo_favorite,elo_upset
1819,1819-TX-E01,1,False,1949,8171,16062,21517,193,273,blue,185.2,197.8,blue,False,1472.0,1555.0,blue,False
1819,1819-TX-E01,2,False,22746,21517,5289,8171,203,161,red,242.1,171.7,red,False,1556.0,1467.0,red,False
1819,1819-TX-E01,3,False,1949,16062,22746,21729,160,93,red,140.5,107.6,red,False,1513.0,1510.0,red,False
1819,1819-TX-E01,4,False,8171,18170,22030,1949,232,134,red,215.6,146.9,red,False,1481.0,1445.0,red,False
1819,1819-TX-E01,5,False,8171,18170,19905,2113,218,242,blue,215.6,233.3,blue,False,1481.0,1535.0,blue,False
1819,1819-TX-E01,6,False,5289,16062,2113,1949,140,200,blue,127.0,232.1,blue,False,1508.0,1544.0,blue,False
1819,1819-TX-E01,7,False,5626,8171,1949,5289,173,214,blue,174.9,179.1,blue,False,1470.0,1484.0,blue,False
1819,1819-TX-E01,8,False,19905,5626,22030,1949,175,163,red,183.5,146.9,red,False,1479.0,1445.0,red,False
1819,1819-TX-E01,9,False,8171,19905,22746,1949,176,181,blue,186.4,184.8,red,True,1464.0,1514.0,blue,False
1819,1819-TX-E01,10,False,18170,1949,5682,22030,228,166,red,223.0,160.0,red,False,1499.0,1415.0,red,False
1819,1819-TX-E01,11,False,22030,19905,2113,21729,152,156,blue,148.1,154.8,blue,False,1437.0,1540.0,blue,False
1819,1819-TX-E01,12,False,19905,21729,8171,16062,130,164,blue,116.6,133.1,blue,False,1477.0,1496.0,blue,False
1819,1819-TX-E01,13,False,5626,18170,22030,5682,223,156,red,212.6,160.0,red,False,1496.0,1415.0,red,False
1819,1819-TX-E01,14,False,5289,2113,18170,21517,216,246,blue,218.6,280.3,blue,False,1539.0,1540.0,blue,False
1819,1819-TX-E01,15,False,21517,22746,22030,5682,275,158,red,242.1,160.0,red,False,1556.0,1415.0,red,False
1819,1819-TX-E01,16,False,22030,19905,22746,2113,141,249,blue,148.1,224.3,blue,False,1437.0,1568.0,blue,False
1819,1819-TX-E01,1,True,2113,16062,5626,5682,260,224,red,180.0,195.4,blue,True,1568.0,1457.0,red,False
1819,1819-TX-E01,2,True,2113,16062,5626,5682,262,247,red,180.0,195.4,blue,True,1568.0,1457.0,red,False
1819,1819-TX-E01,1,True,21517,5289,18170,1949,243,226,red,236.4,223.0,red,False,1526.0,1499.0,red,False
1819,1819-TX-E01,2,True,21517,5289,18170,1949,257,232,red,236.4,223.0,red,False,1526.0,1499.0,red,False
1819,1819-TX-E01,3,True,21517,5289,18170,1949,253,235,red,236.4,223.0,red,False,1526.0,1499.0,red,False
1819,1819-TX-E01,1,True,2113,16062,21517,5289,249,235,red,180.0,236.4,blue,True,1568.0,1526.0,red,False
1819,1819-TX-E01,2,True,2113,16062,21517,5289,229,227,red,180.0,236.4,blue,True,1568.0,1526.0,red,False
1819,1819-TX-E04,1,False,8696,8028,21396,5613,220,195,red,211.6,191.6,red,False,1533.0,1507.0,red,False
1819,1819-TX-E04,2,False,6066,5613,16928,2739,178,169,red,183.4,160.8,red,False,1508.0,1469.0,red,False
1819,1819-TX-E04,3,False,8696,2770,21170,21396,222,192,red,200.3,178.4,red,False,1541.0,1521.0,red,False
1819,1819-TX-E04,4,False,24116,5613,16362,2739,173,124,red,157.2,142.5,red,False,1492.0,1447.0,red,False
1819,1819-TX-E04,5,False,16362,21170,24116,21396,151,161,blue,163.9,148.4,red,True,1493.0,1512.0,blue,False
1819,1819-TX-E04,6,False,21396,9907,8696,2770,181,215,blue,163.6,200.3,blue,False,1488.0,1541.0,blue,False
1819,1819-TX-E04,7,False,2770,16928,21896,8696,198,153,red,208.3,137.4,red,False,1561.0,1465.0,red,False
1819,1819-TX-E04,8,False,21396,21170,16928,21896,205,152,red,178.4,145.4,red,False,1521.0,1486.0,red,False
1819,1819-TX-E04,9,False,14966,6066,21170,8028,140,212,blue,120.0,211.3,blue,False,1506.0,1554.0,blue,False
1819,1819-TX-E04,10,False,16928,6066,21170,2739,189,174,red,178.4,152.6,red,False,1522.0,1469.0,red,False
1819,1819-TX-E04,11,False,8696,24116,2770,21896,110,145,blue,144.2,163.2,blue,False,1486.0,1532.0,blue,False
1819,1819-TX-E04,12,False,2739,5613,14966,9907,143,151,blue,165.8,109.0,red,True,1455.0,1467.0,blue,False
1819,1819-TX-E04,13,False,21396,9907,2770,2739,152,185,blue,163.6,178.7,blue,False,1488.0,1515.0,blue,False
1819,1819-TX-E04,14,False,8028,10135,21896,14966,262,115,red,271.1,87.0,red,False,1547.0,1470.0,red,False
1819,1819-TX-E04,15,False,16928,21170,2739,21396,167,154,red,182.2,157.0,red,False,1515.0,1474.0,red,False
1819,1819-TX-E04,16,False,5613,10135,9907,21896,256,94,red,246.9,122.3,red,False,1494.0,1453.0,red,False
1819,1819-TX-E04,17,False,16362,21896,24116,9907,150,135,red,127.1,129.2,blue,True,1464.0,1474.0,blue,True
1819,1819-TX-E04,18,False,2770,14966,15172,8696,161,157,red,149.9,157.0,blue,True,1545.0,1466.0,red,False
1819,1819-TX-E04,19,False,21170,21396,21896,8696,144,136,red,178.4,137.4,red,False,1521.0,1465.0,red,False
1819,1819-TX-E04,20,False,21396,8696,16362,2739,154,151,red,178.7,142.5,red,False,1500.0,1447.0,red,False
1819,1819-TX-E04,1,True,10135,8696,2770,6066,206,249,blue,234.0,196.2,red,True,1488.0,1568.0,blue,False
1819,1819-TX-E04,2,True,10135,8696,2770,6066,230,206,red,234.0,196.2,red,False,1488.0,1568.0,blue,True
1819,1819-TX-E04,3,True,10135,8696,2770,6066,225,239,blue,234.0,196.2,red,True,1488.0,1568.0,blue,False
1819,1819-TX-E04,1,True,5613,15172,8028,21396,193,222,blue,170.0,215.8,blue,False,1472.0,1559.0,blue,False
1819,1819-TX-E04,2,True,5613,15172,8028,21396,224,238,blue,170.0,215.8,blue,False,1472.0,1559.0,blue,False
1819,1819-TX-E04,3,True,5613,15172,8028,21396,193,205,blue,170.0,215.8,blue,False,1472.0,1559.0,blue,False
1819,1819-TX-E04,1,True,10135,8696,5613,15172,235,238,blue,234.0,170.0,red,True,1488.0,1472.0,red,True
1819,1819-TX-E04,2,True,10135,8696,5613,15172,199,205,blue,234.0,170.0,red,True,1488.0,1472.0,red,True
1819,1819-TX-E04,3,True,10135,8696,5613,15172,226,209,red,234.0,170.0,red,False,1488.0,1472.0,red,False
1819,1819-TX-E03,1,False,16524,17285,3008,17276,203,186,red,188.1,174.4,red,False,1511.0,1450.0,red,False
1819,1819-TX-E03,2,False,1485,9005,10315,20065,112,262,blue,133.0,218.8,blue,False,1491.0,1522.0,blue,False
1819,1819-TX-E03,3,False,15210,16524,10315,20065,199,197,red,148.0,218.8,blue,True,1517.0,1522.0,blue,True
1819,1819-TX-E03,4,False,20065,15476,3985,19016,267,189,red,259.5,187.5,red,False,1553.0,1456.0,red,False
1819,1819-TX-E03,5,False,10810,1485,11030,9524,123,283,blue,123.7,250.6,blue,False,1480.0,1521.0,blue,False
1819,1819-TX-E03,6,False,11030,19170,21765,11463,241,192,red,240.1,193.3,red,False,1547.0,1500.0,red,False
1819,1819-TX-E03,7,False,12024,10315,1485,16524,234,156,red,222.9,140.2,red,False,1516.0,1468.0,red,False
1819,1819-TX-E03,8,False,15210,17276,19170,9005,165,208,blue,100.9,182.4,blue,False,1468.0,1531.0,blue,False
1819,1819-TX-E03,9,False,17276,3985,5722,3008,102,224,blue,126.7,231.8,blue,False,1404.0,1502.0,blue,False
1819,1819-TX-E03,10,False,15210,12931,24086,15476,245,307,blue,140.9,285.9,blue,False,1511.0,1554.0,blue,False
1819,1819-TX-E03,11,False,19016,15476,6011,21765,260,213,red,265.3,197.4,red,False,1524.0,1492.0,red,False
1819,1819-TX-E03,12,False,18740,11030,19170,19016,171,161,red,215.0,203.2,red,False,1531.0,1510.0,red,False
1819,1819-TX-E03,13,False,18740,9005,17285,1485,145,148,blue,157.2,131.2,red,True,1515.0,1498.0,red,True
1819,1819-TX-E03,14,False,16524,14974,3008,19016,207,235,blue,168.8,235.2,blue,False,1467.0,1502.0,blue,False
1819,1819-TX-E03,15,False,21765,9524,15210,14974,181,157,red,199.2,119.6,red,False,1475.0,1503.0,blue,True
1819,1819-TX-E03,16,False,9524,3985,10810,11463,174,179,blue,176.7,177.6,blue,False,1452.0,1518.0,blue,False
1819,1819-TX-E03,17,False,12931,12024,19735,17285,191,135,red,202.1,154.9,red,False,1501.0,1528.0,blue,True
1819,1819-TX-E03,18,False,5722,12931,15210,10810,182,207,blue,200.4,131.5,red,True,1478.0,1529.0,blue,False
1819,1819-TX-E03,19,False,24086,10147,3008,10315,215,203,red,236.1,235.4,red,False,1532.0,1508.0,red,False
1819,1819-TX-E03,20,False,9524,16524,19170,3985,161,182,blue,200.1,166.2,red,True,1481.0,1479.0,red,True
1819,1819-TX-E03,21,False,15210,11030,18740,17276,277,132,red,198.6,117.3,red,False,1557.0,1442.0,red,False
1819,1819-TX-E03,22,False,6011,19735,18740,3985,167,164,red,165.0,141.1,red,False,1515.0,1463.0,red,False
1819,1819-TX-E03,23,False,3008,3985,5722,17276,227,182,red,198.2,160.3,red,False,1470.0,1435.0,red,False
1819,1819-TX-E03,24,False,6011,20065,10147,17276,205,157,red,206.1,154.8,red,False,1529.0,1450.0,red,False
1819,1819-TX-E03,25,False,10147,3985,18740,9524,144,159,blue,178.6,167.3,red,True,1470.0,1491.0,blue,False
1819,1819-TX-E03,26,False,3985,1485,9005,10147,106,222,blue,116.9,194.7,blue,False,1439.0,1522.0,blue,False
1819,1819-TX-E03,27,False,11475,16524,9005,20065,163,170,blue,161.4,197.8,blue,False,1466.0,1536.0,blue,False
1819,1819-TX-E03,28,False,16524,15476,3985,21765,237,177,red,251.7,173.0,red,False,1521.0,1447.0,red,False
1819,1819-TX-E03,29,False,6011,15476,9524,19016,244,233,red,252.7,213.7,red,False,1537.0,1484.0,red,False
1819,1819-TX-E03,30,False,17285,10147,14974,6011,219,162,red,192.8,169.9,red,False,1528.0,1483.0,red,False
1819,1819-TX-E03,31,False,17276,10810,17285,11463,125,177,blue,133.5,185.1,blue,False,1444.0,1535.0,blue,False
1819,1819-TX-E03,32,False,15210,17285,17276,5722,202,147,red,138.9,160.3,blue,True,1547.0,1435.0,red,False
1819,1819-TX-E03,33,False,18740,19016,9524,11475,205,188,red,178.1,164.3,red,False,1494.0,1466.0,red,False
1819,1819-TX-E03,34,False,12931,9524,9005,11463,186,195,blue,193.0,186.9,red,True,1475.0,1529.0,blue,False
1819,1819-TX-E03,35,False,17285,11475,19735,5722,127,192,blue,152.3,174.2,blue,False,1496.0,1502.0,blue,False
1819,1819-TX-E03,1,True,15476,19016,6011,11030,270,259,red,265.3,248.8,red,False,1524.0,1538.0,blue,True
1819,1819-TX-E03,2,True,15476,19016,6011,11030,264,267,blue,265.3,248.8,red,True,1524.0,1538.0,blue,False
1819,1819-TX-E03,1,True,24086,9524,3008,15210,252,253,blue,234.3,172.3,red,True,1514.0,1534.0,blue,False
1819,1819-TX-E03,2,True,24086,9524,3008,15210,284,238,red,234.3,172.3,red,False,1514.0,1534.0,blue,True
1819,1819-TX-E03,1,True,15476,19016,24086,9524,267,267,blue,265.3,234.3,red,True,1524.0,1514.0,red,True
1819,1819-TX-E03,2,True,15476,19016,24086,9524,276,263,red,265.3,234.3,red,False,1524.0,1514.0,red,False
1819,1819-TX-E03,3,True,15476,19016,24086,9524,262,268,blue,265.3,234.3,red,True,1524.0,1514.0,red,True
1819,1819-TX-E02,1,False,23420,9894,15039,2797,228,129,red,229.7,153.0,red,False,1537.0,1486.0,red,False
1819,1819-TX-E02,2,False,8583,18702,17229,3632,159,195,blue,151.2,207.6,blue,False,1489.0,1497.0,blue,False
1819,1819-TX-E02,3,False,21411,1894,18702,18050,189,191,blue,199.6,200.4,blue,False,1469.0,1488.0,blue,False
1819,1819-TX-E02,4,False,22602,13871,21605,23420,241,236,red,244.9,231.4,red,False,1573.0,1497.0,red,False
1819,1819-TX-E02,5,False,12598,3632,17229,3272,262,180,red,274.9,154.8,red,False,1552.0,1454.0,red,False
1819,1819-TX-E02,6,False,19001,2797,12598,23420,200,240,blue,176.8,247.5,blue,False,1492.0,1552.0,blue,False
1819,1819-TX-E02,7,False,6995,7890,15039,23420,124,226,blue,124.0,205.3,blue,False,1477.0,1513.0,blue,False
1819,1819-TX-E02,8,False,8583,12598,1894,9894,174,199,blue,166.7,194.3,blue,False,1516.0,1502.0,red,True
1819,1819-TX-E02,9,False,3272,18050,15039,3632,211,228,blue,198.2,232.7,blue,False,1460.0,1513.0,blue,False
1819,1819-TX-E02,10,False,7317,18702,15039,21605,195,188,red,135.5,181.3,blue,True,1430.0,1470.0,blue,True
1819,1819-TX-E02,11,False,8583,1392,7317,18050,163,153,red,165.3,127.1,red,False,1511.0,1408.0,red,False
1819,1819-TX-E02,12,False,22602,1392,1894,17229,254,152,red,236.6,144.7,red,False,1542.0,1462.0,red,False
1819,1819-TX-E02,13,False,18702,3272,1392,22602,193,213,blue,206.6,236.6,blue,False,1482.0,1542.0,blue,False
1819,1819-TX-E02,14,False,19001,12598,1392,7890,215,205,red,221.2,183.4,red,False,1532.0,1512.0,red,False
1819,1819-TX-E02,15,False,18050,13871,3272,22602,223,213,red,222.7,220.4,red,False,1541.0,1492.0,red,False
1819,1819-TX-E02,16,False,3632,15039,22602,7317,240,210,red,232.7,149.3,red,False,1513.0,1440.0,red,False
1819,1819-TX-E02,17,False,21605,7317,23420,1894,180,217,blue,134.8,219.9,blue,False,1402.0,1505.0,blue,False
1819,1819-TX-E02,18,False,21411,9894,15039,17229,213,104,red,209.5,130.1,red,False,1501.0,1470.0,red,False
1819,1819-TX-E02,19,False,3632,21605,13871,12598,246,266,blue,258.8,246.6,red,True,1497.0,1590.0,blue,False
1819,1819-TX-E02,20,False,17229,3632,18050,21411,256,217,red,207.6,203.4,red,False,1497.0,1467.0,red,False
1819,1819-TX-E02,21,False,1894,7317,3272,13871,148,212,blue,123.4,229.0,blue,False,1411.0,1536.0,blue,False
1819,1819-TX-E02,22,False,9894,21411,19001,13871,203,231,blue,209.5,228.1,blue,False,1501.0,1558.0,blue,False
1819,1819-TX-E02,23,False,19001,17229,2797,7890,134,141,blue,153.9,140.3,red,True,1476.0,1478.0,blue,False
1819,1819-TX-E02,24,False,8583,3632,18702,13871,189,230,blue,201.9,231.1,blue,False,1504.0,1563.0,blue,False
1819,1819-TX-E02,25,False,21605,13871,17229,7890,230,95,red,230.5,117.4,red,False,1535.0,1462.0,red,False
1819,1819-TX-E02,26,False,1894,15039,23420,1392,190,233,blue,169.9,246.1,blue,False,1478.0,1547.0,blue,False
1819,1819-TX-E02,1,True,3632,18702,22602,12598,266,221,red,259.4,238.0,red,False,1525.0,1547.0,blue,True
1819,1819-TX-E02,2,True,3632,18702,22602,12598,230,235,blue,259.4,238.0,red,True,1525.0,1547.0,blue,False
1819,1819-TX-E02,3,True,3632,18702,22602,12598,255,266,blue,259.4,238.0,red,True,1525.0,1547.0,blue,False
1819,1819-TX-E02,1,True,23420,18050,1392,13871,244,247,blue,223.7,245.2,blue,False,1502.0,1585.0,blue,False
1819,1819-TX-E02,2,True,23420,18050,1392,13871,244,251,blue,223.7,245.2,blue,False,1502.0,1585.0,blue,False
1819,1819-TX-E02,3,True,23420,18050,1392,13871,271,238,red,223.7,245.2,blue,True,1502.0,1585.0,blue,True
1819,1819-TX-E02,1,True,3632,18702,23420,18050,246,241,red,259.4,223.7,red,False,1525.0,1502.0,red,False
1819,1819-TX-E02,2,True,3632,18702,23420,18050,267,243,red,259.4,223.7,red,False,1525.0,1502.0,red,False
1819,1819-TX-E02,3,True,3632,18702,23420,18050,270,272,blue,259.4,223.7,red,True,1525.0,1502.0,red,True
1920,1920-GA-EMN3,1,False,16500,7373,17079,16946,66,45,red,56.0,30.6,red,False,1544.0,1469.0,red,False
1920,1920-GA-EMN3,1,False,16946,12961,4100,17079,20,54,blue,74.4,41.3,red,True,1470.0,1522.0,blue,False
1920,1920-GA-EMN3,1,False,16500,10068,16757,7373,53,37,red,36.1,35.8,red,False,1499.0,1516.0,blue,True
1920,1920-GA-EMN3,1,False,17079,10068,14110,11364,10,52,blue,33.3,43.3,blue,False,1508.0,1532.0,blue,False
1920,1920-GA-EMN3,1,False,12961,7373,16946,11383,52,31,red,97.1,28.6,red,False,1553.0,1447.0,red,False
1920,1920-GA-EMN3,1,False,7153,14110,16500,16757,33,31,red,26.1,29.5,blue,True,1529.0,1500.0,red,False
1920,1920-GA-EMN3,1,False,10068,16946,11750,17079,24,33,blue,19.6,25.7,blue,False,1433.0,1491.0,blue,False
1920,1920-GA-EMN3,1,False,11364,16946,7373,7153,20,21,blue,34.5,40.0,blue,False,1464.0,1545.0,blue,False
1920,1920-GA-EMN3,1,False,14110,11750,16757,12961,7,10,blue,20.8,70.6,blue,False,1483.0,1509.0,blue,False
1920,1920-GA-EMN3,1,False,4100,16500,10068,11383,24,22,red,44.1,31.3,red,False,1513.0,1486.0,red,False
1920,1920-GA-EMN3,1,False,17079,12961,7153,16757,20,14,red,88.1,13.5,red,False,1545.0,1501.0,red,False
1920,1920-GA-EMN3,1,False,4100,14110,11750,11364,38,19,red,36.4,29.6,red,False,1514.0,1485.0,red,False
1920,1920-GA-EMN3,1,False,11383,7153,10068,14110,38,21,red,29.0,28.4,red,False,1515.0,1500.0,red,False
1920,1920-GA-EMN3,1,False,11383,11750,11364,17079,28,55,blue,23.7,48.2,blue,False,1468.0,1540.0,blue,False
1920,1920-GA-EMN3,1,False,14110,16757,16946,4100,26,22,red,21.9,27.6,blue,True,1500.0,1447.0,red,False
1920,1920-GA-EMN3,1,False,11364,10068,12961,16500,56,46,red,37.2,90.8,blue,True,1503.0,1536.0,blue,True
1920,1920-GA-EMN3,1,False,7373,11383,7153,11750,54,30,red,51.2,12.5,red,False,1530.0,1483.0,red,False
1920,1920-GA-EMN3,1,False,11750,4100,7153,16500,18,19,blue,22.8,33.8,blue,False,1468.0,1528.0,blue,False
1920,1920-GA-EMN3,1,False,16757,16946,11383,11364,15,37,blue,13.1,46.2,blue,False,1433.0,1517.0,blue,False
1920,1920-GA-EMN3,1,False,7373,17079,12961,4100,52,50,red,53.2,85.1,blue,True,1553.0,1523.0,red,False
1920,1920-GA-MB&GLM4,1,False,14285,15290,16282,16344,9,13,blue,27.7,9.0,red,True,1500.0,1483.0,red,True
1920,1920-GA-MB&GLM4,1,False,16600,16345,12694,12212,0,14,blue,8.6,27.8,blue,False,1454.0,1548.0,blue,False
1920,1920-GA-MB&GLM4,1,False,14821,14101,12212,15156,21,33,blue,24.0,44.7,blue,False,1468.0,1548.0,blue,False
1920,1920-GA-MB&GLM4,1,False,14470,14471,16600,14966,27,0,red,23.0,30.9,blue,True,1513.0,1454.0,red,False
1920,1920-GA-MB&GLM4,1,False,14468,14116,16767,16282,39,14,red,31.2,22.6,red,False,1532.0,1485.0,red,False
1920,1920-GA-MB&GLM4,1,False,12687,16344,16345,16838,18,8,red,25.9,19.5,red,False,1513.0,1469.0,red,False
1920,1920-GA-MB&GLM4,1,False,16632,14943,12694,16631,23,41,blue,26.6,37.2,blue,False,1470.0,1532.0,blue,False
1920,1920-GA-MB&GLM4,1,False,14285,14100,12689,22,52,36,red,43.4,22.5,red,False,1530.0,1470.0,red,False
1920,1920-GA-MB&GLM4,1,False,16767,16838,15290,16600,50,7,red,22.9,11.5,red,False,1469.0,1470.0,blue,True
1920,1920-GA-MB&GLM4,1,False,12212,16344,14116,12689,11,18,blue,6.7,35.6,blue,False,1515.0,1517.0,blue,False
1920,1920-GA-MB&GLM4,1,False,112,12694,15156,14471,38,74,blue,38.0,55.9,blue,False,1515.0,1546.0,blue,False
1920,1920-GA-MB&GLM4,1,False,14943,22,14101,16633,33,43,blue,32.0,33.5,blue,False,1455.0,1514.0,blue,False
1920,1920-GA-MB&GLM4,1,False,16346,14285,16631,16345,47,26,red,27.4,26.3,red,False,1483.0,1501.0,blue,True
1920,1920-GA-MB&GLM4,1,False,14470,14468,14100,12687,22,61,blue,25.0,54.7,blue,False,1499.0,1561.0,blue,False
1920,1920-GA-MB&GLM4,1,False,22,12694,14821,16838,23,13,red,27.9,11.2,red,False,1500.0,1454.0,red,False
1920,1920-GA-MB&GLM4,1,False,12689,16600,112,12687,28,48,blue,14.1,34.2,blue,False,1455.0,1514.0,blue,False
1920,1920-GA-MB&GLM4,1,False,16767,16633,14966,12212,23,27,blue,33.5,39.2,blue,False,1515.0,1516.0,blue,False
1920,1920-GA-MB&GLM4,1,False,14101,14116,14470,14285,37,15,red,33.5,19.7,red,False,1515.0,1482.0,red,False
1920,1920-GA-MB&GLM4,1,False,14966,12687,12694,14116,35,56,blue,58.4,41.0,red,True,1514.0,1547.0,blue,False
1920,1920-GA-MB&GLM4,1,False,16345,15290,16632,14470,55,7,red,31.9,6.5,red,False,1501.0,1482.0,red,False
1920,1920-GA-MB&GLM4,1,False,14100,14966,14101,112,40,21,red,69.9,30.5,red,False,1530.0,1483.0,red,False
1920,1920-GA-MB&GLM4,1,False,15156,14470,14943,16767,55,42,red,51.7,47.4,red,False,1515.0,1471.0,red,False
1920,1920-GA-MB&GLM4,1,False,16633,16631,14116,14821,33,13,red,27.4,21.8,red,False,1532.0,1501.0,red,False
1920,1920-GA-MB&GLM4,1,False,12687,14471,22,16346,21,9,red,35.2,19.6,red,False,1544.0,1468.0,red,False
1920,1920-GA-MB&GLM4,1,False,16838,12689,14468,16632,15,23,blue,25.0,12.7,red,True,1470.0,1499.0,blue,False
1920,1920-GA-MB&GLM4,1,False,16346,112,15290,16633,28,36,blue,29.8,33.0,blue,False,1484.0,1531.0,blue,False
1920,1920-GA-MB&GLM4,1,False,14821,16282,14966,16632,16,4,red,10.8,34.0,blue,True,1469.0,1483.0,blue,True
1920,1920-GA-MB&GLM4,1,False,15156,16632,16344,16346,37,20,red,39.4,21.5,red,False,1515.0,1483.0,red,False
1920,1920-GA-MB&GLM4,1,False,14100,16345,16282,14943,45,34,red,47.6,34.1,red,False,1531.0,1471.0,red,False
1920,1920-GA-MB&GLM4,1,False,16631,14468,14471,15290,18,28,blue,27.4,31.0,blue,False,1517.0,1530.0,blue,False
1920,1920-GA-MB&GLM4,1,False,16344,22,112,16767,8,28,blue,6.9,30.5,blue,False,1467.0,1484.0,blue,False
1920,1920-GA-MB&GLM4,1,False,16838,15156,16633,14100,40,41,blue,47.3,48.7,blue,False,1501.0,1562.0,blue,False
1920,1920-GA-MB&GLM4,1,False,16600,14821,16346,14468,5,27,blue,0.2,32.7,blue,False,1439.0,1500.0,blue,False
1920,1920-GA-MB&GLM4,1,False,14943,12212,14471,14285,40,19,red,31.9,23.9,red,False,1503.0,1513.0,blue,True
1920,1920-GA-MB&GLM4,1,False,16282,14101,16631,12689,22,32,blue,22.5,31.8,blue,False,1484.0,1502.0,blue,False
1920,1920-TX-E01,2,False,15650,16522,9112,20149,200,243,blue,126.4,218.4,blue,False,1467.0,1568.0,blue,False
1920,1920-TX-E01,3,False,15650,16522,18215,4132,197,145,red,126.4,151.3,blue,True,1467.0,1468.0,blue,True
1920,1920-TX-E01,4,False,4132,7986,18215,16577,246,155,red,201.7,162.3,red,False,1499.0,1473.0,red,False
1920,1920-TX-E01,5,False,16577,15807,9112,9138,129,168,blue,136.5,173.4,blue,False,1460.0,1582.0,blue,False
1920,1920-TX-E01,6,False,2835,7986,12045,16522,172,130,red,166.5,101.3,red,False,1491.0,1505.0,blue,True
1920,1920-TX-E01,7,False,4132,15807,16522,23922,105,141,blue,125.5,140.8,blue,False,1455.0,1501.0,blue,False
1920,1920-TX-E01,8,False,2835,7986,9112,16577,171,205,blue,166.5,213.0,blue,False,1491.0,1559.0,blue,False
1920,1920-TX-E01,9,False,4132,9112,9138,7986,208,148,red,202.0,173.1,red,False,1554.0,1528.0,red,False
1920,1920-TX-E01,10,False,16577,9112,15650,15807,186,155,red,213.0,115.7,red,False,1559.0,1451.0,red,False
1920,1920-TX-E01,11,False,4132,15650,2835,9138,178,77,red,143.2,89.2,red,False,1479.0,1502.0,blue,True
1920,1920-TX-E01,12,False,23922,4132,2835,15807,162,111,red,157.6,90.3,red,False,1513.0,1446.0,red,False
1920,1920-TX-E01,13,False,15650,9138,9112,15807,220,205,red,114.6,174.4,blue,True,1508.0,1526.0,blue,True
1920,1920-TX-E01,14,False,16522,16577,7986,15650,176,244,blue,147.2,191.9,blue,False,1476.0,1496.0,blue,False
1920,1920-TX-E01,15,False,9112,23922,20149,16522,202,128,red,206.6,152.6,red,False,1584.0,1485.0,red,False
1920,1920-TX-E01,16,False,18215,16522,16577,9112,148,234,blue,134.4,213.0,blue,False,1456.0,1559.0,blue,False
1920,1920-TX-E01,1,True,15650,4132,12045,20149,197,212,blue,143.2,134.6,red,True,1479.0,1532.0,blue,False
1920,1920-TX-E01,2,True,15650,4132,12045,20149,214,188,red,143.2,134.6,red,False,1479.0,1532.0,blue,True
1920,1920-TX-E01,3,True,15650,4132,12045,20149,189,199,blue,143.2,134.6,red,True,1479.0,1532.0,blue,False
1920,1920-TX-E01,1,True,7986,23922,9112,9138,188,194,blue,206.4,173.4,red,True,1530.0,1582.0,blue,False
1920,1920-TX-E01,2,True,7986,23922,9112,9138,174,242,blue,206.4,173.4,red,True,1530.0,1582.0,blue,False
1920,1920-TX-E01,3,True,7986,23922,9112,9138,212,212,blue,206.4,173.4,red,True,1530.0,1582.0,blue,False
1920,1920-TX-E01,1,True,15650,4132,7986,23922,199,211,blue,143.2,206.4,blue,False,1479.0,1530.0,blue,False
1920,1920-TX-E01,2,True,15650,4132,7986,23922,191,213,blue,143.2,206.4,blue,False,1479.0,1530.0,blue,False
1920,1920-TX-E01,3,True,15650,4132,7986,23922,188,230,blue,143.2,206.4,blue,False,1479.0,1530.0,blue,False
1920,1920-TX-E04,1,False,22373,12704,3589,6354,210,256,blue,207.5,232.7,blue,False,1521.0,1525.0,blue,False
1920,1920-TX-E04,2,False,22373,12704,5857,6354,205,220,blue,207.5,236.7,blue,False,1521.0,1533.0,blue,False
1920,1920-TX-E04,3,False,12704,13340,24493,12291,274,138,red,253.1,165.4,red,False,1545.0,1487.0,red,False
1920,1920-TX-E04,4,False,19560,3589,5857,19238,205,206,blue,151.7,201.0,blue,False,1455.0,1539.0,blue,False
1920,1920-TX-E04,5,False,12291,5857,6354,24493,270,119,red,260.5,141.5,red,False,1528.0,1492.0,red,False
1920,1920-TX-E04,6,False,3589,12704,3130,24493,265,93,red,263.7,90.2,red,False,1531.0,1424.0,red,False
1920,1920-TX-E04,7,False,12291,3130,13137,24493,193,170,red,207.8,142.3,red,False,1491.0,1437.0,red,False
1920,1920-TX-E04,8,False,12291,3130,13137,12704,252,255,blue,207.8,266.9,blue,False,1491.0,1514.0,blue,False
1920,1920-TX-E04,9,False,19238,12704,13340,3130,273,164,red,230.5,170.8,red,False,1574.0,1472.0,red,False
1920,1920-TX-E04,10,False,13340,12704,3589,3130,230,143,red,253.1,181.4,red,False,1545.0,1458.0,red,False
1920,1920-TX-E04,11,False,12704,3589,5857,3130,265,192,red,263.7,185.3,red,False,1531.0,1465.0,red,False
1920,1920-TX-E04,12,False,12291,5857,19560,3130,256,153,red,260.5,102.9,red,False,1528.0,1425.0,red,False
1920,1920-TX-E04,13,False,13137,19560,12291,13340,183,239,blue,154.9,246.0,blue,False,1438.0,1535.0,blue,False
1920,1920-TX-E04,14,False,19238,3589,12704,24493,200,192,red,197.0,172.5,red,False,1531.0,1497.0,red,False
1920,1920-TX-E04,15,False,6354,13340,19238,12704,238,180,red,222.1,230.5,blue,True,1540.0,1574.0,blue,True
1920,1920-TX-E04,1,True,12704,19238,3589,5857,262,233,red,230.5,234.1,blue,True,1574.0,1495.0,red,False
1920,1920-TX-E04,2,True,12704,19238,3589,5857,239,237,red,230.5,234.1,blue,True,1574.0,1495.0,red,False
1920,1920-TX-E04,3,True,12704,19238,3589,5857,247,236,red,230.5,234.1,blue,True,1574.0,1495.0,red,False
1920,1920-TX-E04,1,True,13340,13137,12291,6354,239,247,blue,222.8,259.1,blue,False,1485.0,1558.0,blue,False
1920,1920-TX-E04,2,True,13340,13137,12291,6354,248,248,blue,222.8,259.1,blue,False,1485.0,1558.0,blue,False
1920,1920-TX-E04,1,True,12704,19238,13340,13137,261,248,red,230.5,222.8,red,False,1574.0,1485.0,red,False
1920,1920-TX-E04,2,True,12704,19238,13340,13137,245,237,red,230.5,222.8,red,False,1574.0,1485.0,red,False
1920,1920-TX-E04,3,True,12704,19238,13340,13137,232,249,blue,230.5,222.8,red,True,1574.0,1485.0,red,True
1920,1920-IA-M3,1,False,7259,7260,7924,8562,27,14,red,21.2,19.4,red,False,1515.0,1483.0,red,False
1920,1920-IA-M3,1,False,6638,7258,13426,9978,12,25,blue,18.5,19.7,blue,False,1485.0,1517.0,blue,False
1920,1920-IA-M3,1,False,7924,13426,7260,6638,2,13,blue,4.1,15.7,blue,False,1439.0,1500.0,blue,False
1920,1920-IA-M3,1,False,8562,13426,7924,9978,8,30,blue,13.8,25.3,blue,False,1485.0,1515.0,blue,False
1920,1920-IA-M3,1,False,13426,6638,8562,7259,9,25,blue,11.8,32.6,blue,False,1470.0,1530.0,blue,False
1920,1920-IA-M3,1,False,9978,8562,7259,7258,37,24,red,35.0,24.1,red,False,1561.0,1500.0,red,False
1920,1920-IA-M3,1,False,6638,7259,7260,7258,39,3,red,30.6,9.1,red,False,1515.0,1485.0,red,False
1920,1920-IA-M3,1,False,7259,7924,9978,6638,28,39,blue,22.9,33.0,blue,False,1483.0,1546.0,blue,False
1920,1920-IA-M3,1,False,8562,7260,7258,13426,22,12,red,17.7,5.2,red,False,1515.0,1456.0,red,False
1920,1920-IA-M3,1,False,7258,9978,7260,7924,20,8,red,26.5,8.0,red,False,1531.0,1469.0,red,False
1920,1920-IA-M3,1,False,9978,7259,13426,7260,27,1,red,38.5,2.4,red,False,1561.0,1471.0,red,False
1920,1920-IA-M3,1,False,7258,8562,6638,7924,33,15,red,20.5,17.4,red,False,1500.0,1468.0,red,False
1920,1920-GA-NGMN1,1,False,14346,13245,10396,14892,27,28,blue,19.1,40.1,blue,False,1487.0,1546.0,blue,False
1920,1920-GA-NGMN1,1,False,16804,12864,14890,9686,62,14,red,42.2,44.1,blue,True,1514.0,1499.0,red,False
1920,1920-GA-NGMN1,1,False,14892,9686,14891,15624,31,5,red,31.1,25.9,red,False,1500.0,1515.0,blue,True
1920,1920-GA-NGMN1,1,False,14419,14644,12420,16804,30,40,blue,17.2,52.7,blue,False,1440.0,1562.0,blue,False
1920,1920-GA-NGMN1,1,False,14890,5161,5898,14891,70,51,red,40.6,37.4,red,False,1498.0,1499.0,blue,True
1920,1920-GA-NGMN1,1,False,14419,14888,15776,14892,12,37,blue,19.8,22.5,blue,False,1426.0,1514.0,blue,False
1920,1920-GA-NGMN1,1,False,10396,5161,12864,14419,40,10,red,39.5,23.0,red,False,1530.0,1456.0,red,False
1920,1920-GA-NGMN1,1,False,11562,12420,9686,14888,68,55,red,54.2,37.1,red,False,1547.0,1455.0,red,False
1920,1920-GA-NGMN1,1,False,14892,14644,14890,7673,26,31,blue,31.7,28.1,red,True,1484.0,1499.0,blue,False
1920,1920-GA-NGMN1,1,False,5898,10396,9686,7673,41,28,red,50.8,18.0,red,False,1546.0,1484.0,red,False
1920,1920-GA-NGMN1,1,False,14888,14891,16804,14346,37,43,blue,32.8,32.5,red,True,1455.0,1545.0,blue,False
1920,1920-GA-NGMN1,1,False,7673,15776,14891,12420,7,44,blue,9.4,46.5,blue,False,1498.0,1532.0,blue,False
1920,1920-GA-NGMN1,1,False,14644,15624,5161,14888,26,12,red,30.8,33.7,blue,True,1499.0,1454.0,red,False
1920,1920-GA-NGMN1,1,False,11562,14419,14889,5898,33,64,blue,20.0,38.6,blue,False,1471.0,1499.0,blue,False
1920,1920-GA-NGMN1,1,False,7673,5161,14346,11562,3,20,blue,14.6,34.0,blue,False,1483.0,1531.0,blue,False
1920,1920-GA-NGMN1,1,False,14889,14890,10396,15776,26,36,blue,40.9,34.4,red,True,1499.0,1546.0,blue,False
1920,1920-GA-NGMN1,1,False,14888,13245,12864,5898,33,43,blue,25.6,48.1,blue,False,1426.0,1499.0,blue,False
1920,1920-GA-NGMN1,1,False,16804,11562,15624,10396,16,59,blue,39.2,39.2,blue,False,1530.0,1562.0,blue,False
1920,1920-GA-NGMN1,1,False,12420,7673,13245,12864,36,30,red,34.9,28.8,red,False,1531.0,1456.0,red,False
1920,1920-GA-NGMN1,1,False,9686,14346,14644,14889,33,32,red,30.6,31.4,blue,True,1516.0,1469.0,red,False
1920,1920-GA-NGMN1,1,False,5898,15776,15624,14346,9,20,blue,33.1,26.8,red,True,1513.0,1546.0,blue,False
1920,1920-GA-NGMN1,1,False,14891,16804,13245,14889,37,8,red,31.5,19.3,red,False,1515.0,1456.0,red,False
1920,1920-GA-NGMN1,1,False,15624,14890,14419,13245,53,0,red,40.3,5.1,red,False,1529.0,1427.0,red,False
1920,1920-GA-NGMN1,1,False,12420,14889,5161,14892,48,31,red,47.7,27.6,red,False,1532.0,1498.0,red,False
1920,1920-GA-NGMN1,1,False,12864,14644,15776,11562,38,39,blue,40.9,28.7,red,True,1469.0,1514.0,blue,False
1920,1920-IA-M41,1,False,6662,6624,15650,9983,4,6,blue,5.4,76.0,blue,False,1492.0,1495.0,blue,False
1920,1920-IA-M41,1,False,6600,9983,9967,7841,8,14,blue,7.6,22.7,blue,False,1477.0,1508.0,blue,False
1920,1920-IA-M41,1,False,6624,9967,6662,7229,7,45,blue,13.2,87.2,blue,False,1501.0,1572.0,blue,False
1920,1920-IA-M41,1,False,15650,8801,6600,16995,1,36,blue,65.3,32.1,red,True,1456.0,1494.0,blue,False
1920,1920-IA-M41,1,False,6600,7841,6624,7229,5,24,blue,7.3,81.1,blue,False,1469.0,1565.0,blue,False
1920,1920-IA-M41,1,False,9983,6662,8801,6600,15,3,red,15.1,-3.1,red,False,1507.0,1438.0,red,False
1920,1920-IA-M41,1,False,9967,6600,16995,6624,0,38,blue,11.9,33.5,blue,False,1478.0,1516.0,blue,False
1920,1920-IA-M41,1,False,7841,7229,8801,16995,47,21,red,90.5,32.5,red,False,1572.0,1492.0,red,False
1920,1920-IA-M41,1,False,16995,9967,15650,6662,59,0,red,47.5,72.5,blue,True,1532.0,1487.0,red,False
1920,1920-IA-M41,1,False,7841,8801,9967,15650,13,33,blue,7.6,80.3,blue,False,1468.0,1496.0,blue,False
1920,1920-IA-M41,1,False,7229,16995,9983,6624,55,20,red,115.3,8.9,red,False,1596.0,1500.0,red,False
1920,1920-IA-M41,1,False,6600,15650,7229,9983,6,35,blue,65.0,90.8,blue,False,1458.0,1579.0,blue,False
1920,1920-TX-E02,1,False,11146,17357,8473,17921,192,143,red,183.6,141.3,red,False,1640.0,1463.0,red,False
1920,1920-TX-E02,2,False,8198,9430,18211,21340,141,205,blue,114.3,188.4,blue,False,1460.0,1547.0,blue,False
1920,1920-TX-E02,3,False,3488,18211,7229,5553,181,213,blue,195.6,146.6,red,True,1538.0,1580.0,blue,False
1920,1920-TX-E02,4,False,1351,6974,17357,19195,134,194,blue,125.8,164.1,blue,False,1449.0,1486.0,blue,False
1920,1920-TX-E02,5,False,21340,4997,18641,23772,245,113,red,244.0,111.8,red,False,1589.0,1470.0,red,False
1920,1920-TX-E02,6,False,6544,11146,12091,17994,254,169,red,224.0,162.6,red,False,1616.0,1503.0,red,False
1920,1920-TX-E02,7,False,7229,17921,8198,8473,192,128,red,149.5,131.3,red,False,1571.0,1442.0,red,False
1920,1920-TX-E02,8,False,3839,8004,21261,6974,175,145,red,182.1,160.0,red,False,1499.0,1478.0,red,False
1920,1920-TX-E02,9,False,18078,2423,23772,11146,182,71,red,162.4,80.1,red,False,1502.0,1590.0,blue,True
1920,1920-TX-E02,10,False,18078,14947,18211,21340,166,176,blue,162.8,188.4,blue,False,1502.0,1547.0,blue,False
1920,1920-TX-E02,11,False,18211,23665,8473,9430,194,122,red,203.9,129.6,red,False,1531.0,1447.0,red,False
1920,1920-TX-E02,12,False,6974,18211,12091,4997,191,243,blue,184.8,228.9,blue,False,1508.0,1565.0,blue,False
1920,1920-TX-E02,13,False,4997,23772,15822,2423,159,134,red,170.6,150.3,red,False,1556.0,1494.0,red,False
1920,1920-TX-E02,14,False,3839,17357,23665,18211,229,218,red,221.3,203.9,red,False,1544.0,1531.0,red,False
1920,1920-TX-E02,15,False,7229,23772,18078,8473,161,145,red,106.0,154.6,blue,True,1558.0,1458.0,red,False
1920,1920-TX-E02,16,False,9430,12091,4997,21261,142,212,blue,139.2,211.7,blue,False,1477.0,1569.0,blue,False
1920,1920-TX-E02,17,False,21811,21340,12091,18078,247,178,red,237.4,164.2,red,False,1549.0,1488.0,red,False
1920,1920-TX-E02,18,False,6974,3839,9375,7229,187,188,blue,187.6,133.8,red,True,1488.0,1579.0,blue,False
1920,1920-TX-E02,19,False,21340,4888,17357,23772,172,174,blue,170.7,152.6,red,True,1521.0,1521.0,blue,False
1920,1920-TX-E02,20,False,21261,13944,8004,16261,132,124,red,117.3,115.8,red,False,1499.0,1475.0,red,False
1920,1920-TX-E02,21,False,1351,6408,21340,18078,104,167,blue,111.5,179.3,blue,False,1461.0,1512.0,blue,False
1920,1920-TX-E02,22,False,7229,23665,17357,19195,229,186,red,194.9,164.1,red,False,1575.0,1486.0,red,False
1920,1920-TX-E02,23,False,8473,5553,17357,17994,144,203,blue,138.4,207.8,blue,False,1472.0,1545.0,blue,False
1920,1920-TX-E02,24,False,8004,18078,6974,23665,169,218,blue,170.1,207.8,blue,False,1485.0,1482.0,red,True
1920,1920-TX-E02,25,False,21811,6408,11146,8198,235,93,red,219.3,113.6,red,False,1522.0,1582.0,blue,True
1920,1920-TX-E02,26,False,23665,9430,7229,17357,157,228,blue,169.8,209.5,blue,False,1485.0,1608.0,blue,False
1920,1920-TX-E02,27,False,16261,6974,14947,12091,113,128,blue,121.2,164.3,blue,False,1463.0,1502.0,blue,False
1920,1920-TX-E02,28,False,18641,17921,6974,4888,154,176,blue,155.2,167.1,blue,False,1483.0,1482.0,red,True
1920,1920-TX-E02,29,False,19195,6892,6544,8473,129,214,blue,116.6,241.8,blue,False,1419.0,1476.0,blue,False
1920,1920-TX-E02,30,False,8473,15822,2423,6974,139,172,blue,142.5,175.4,blue,False,1450.0,1488.0,blue,False
1920,1920-TX-E02,31,False,21811,9430,18078,13944,184,141,red,195.6,132.9,red,False,1514.0,1494.0,red,False
1920,1920-TX-E02,32,False,8198,6974,23665,14947,146,228,blue,152.4,194.9,blue,False,1457.0,1510.0,blue,False
1920,1920-TX-E02,33,False,9430,9375,19195,13944,111,106,red,108.6,87.7,red,False,1490.0,1450.0,red,False
1920,1920-TX-E02,34,False,13944,23665,6892,9375,148,128,red,165.1,132.8,red,False,1503.0,1476.0,red,False
1920,1920-TX-E02,35,False,7229,8473,6892,4997,251,243,red,154.7,226.5,blue,True,1537.0,1540.0,blue,True
1920,1920-TX-E02,36,False,19195,21340,18078,21811,172,207,blue,134.1,220.7,blue,False,1468.0,1525.0,blue,False
1920,1920-TX-E02,37,False,21340,1351,18078,4888,131,146,blue,129.5,154.0,blue,False,1488.0,1497.0,blue,False
1920,1920-TX-E02,38,False,1351,4888,4997,6408,102,245,blue,104.2,226.0,blue,False,1472.0,1562.0,blue,False
1920,1920-TX-E02,39,False,7229,15822,23772,6408,198,93,red,150.7,104.6,red,False,1558.0,1477.0,red,False
1920,1920-TX-E02,40,False,5553,4997,15822,23772,191,118,red,211.2,93.8,red,False,1578.0,1471.0,red,False
1920,1920-TX-E02,41,False,3488,17921,6408,23772,182,89,red,173.2,104.6,red,False,1507.0,1477.0,red,False
1920,1920-TX-E02,42,False,21261,8473,3488,8198,139,169,blue,139.0,163.2,blue,False,1463.0,1486.0,blue,False
1920,1920-TX-E02,43,False,4997,21340,9430,17994,225,137,red,244.0,136.1,red,False,1589.0,1492.0,red,False
1920,1920-TX-E02,1,True,4997,18211,7229,23665,258,239,red,236.5,194.9,red,False,1600.0,1575.0,red,False
1920,1920-TX-E02,2,True,4997,18211,7229,23665,273,235,red,236.5,194.9,red,False,1600.0,1575.0,red,False
1920,1920-TX-E02,3,True,4997,18211,7229,23665,253,243,red,236.5,194.9,red,False,1600.0,1575.0,red,False
1920,1920-TX-E02,1,True,6544,6892,21811,17357,247,256,blue,249.0,267.4,blue,False,1480.0,1566.0,blue,False
1920,1920-TX-E02,2,True,6544,6892,21811,17357,237,232,red,249.0,267.4,blue,True,1480.0,1566.0,blue,True
1920,1920-TX-E02,1,True,4997,18211,6544,6892,240,251,blue,236.5,249.0,blue,False,1600.0,1480.0,red,True
1920,1920-TX-E02,2,True,4997,18211,6544,6892,263,226,red,236.5,249.0,blue,True,1600.0,1480.0,red,False
1920,1920-TX-E02,3,True,4997,18211,6544,6892,272,241,red,236.5,249.0,blue,True,1600.0,1480.0,red,False
1920,1920-TX-E03,1,False,1530,20017,14885,20402,221,215,red,193.9,206.7,blue,True,1521.0,1560.0,blue,True
1920,1920-TX-E03,2,False,5937,20503,19463,11910,105,157,blue,113.6,167.9,blue,False,1476.0,1494.0,blue,False
1920,1920-TX-E03,3,False,5834,19463,20503,22097,200,182,red,198.7,180.5,red,False,1525.0,1531.0,blue,True
1920,1920-TX-E03,4,False,20402,23476,3474,7690,199,161,red,199.8,153.8,red,False,1556.0,1466.0,red,False
1920,1920-TX-E03,5,False,2686,1530,1408,18301,180,146,red,201.7,144.4,red,False,1542.0,1464.0,red,False
1920,1920-TX-E03,6,False,5834,7483,11910,1408,186,149,red,175.9,135.7,red,False,1501.0,1472.0,red,False
1920,1920-TX-E03,7,False,22097,20017,14885,11910,233,189,red,242.1,180.2,red,False,1569.0,1502.0,red,False
1920,1920-TX-E03,8,False,20503,5383,5834,7690,120,209,blue,97.5,216.2,blue,False,1460.0,1490.0,blue,False
1920,1920-TX-E03,9,False,5937,1408,3474,20402,86,147,blue,109.2,154.2,blue,False,1478.0,1552.0,blue,False
1920,1920-TX-E03,10,False,20402,14885,7483,10542,194,54,red,206.7,63.1,red,False,1560.0,1452.0,red,False
1920,1920-TX-E03,11,False,2686,18301,5383,5834,206,125,red,218.1,147.5,red,False,1521.0,1509.0,red,False
1920,1920-TX-E03,12,False,18301,11910,1408,14300,160,177,blue,167.9,194.4,blue,False,1479.0,1517.0,blue,False
1920,1920-TX-E03,13,False,10542,20017,14885,22097,105,207,blue,119.7,220.7,blue,False,1490.0,1563.0,blue,False
1920,1920-TX-E03,14,False,23476,2686,5834,20017,212,231,blue,223.6,232.5,blue,False,1540.0,1539.0,red,True
1920,1920-TX-E03,15,False,20503,22097,19463,11910,145,172,blue,180.5,167.9,red,True,1531.0,1494.0,red,True
1920,1920-TX-E03,16,False,10542,7483,11910,5937,55,130,blue,63.1,132.7,blue,False,1452.0,1493.0,blue,False
1920,1920-TX-E03,17,False,20402,18301,1408,22097,202,199,red,194.4,176.2,red,False,1537.0,1533.0,red,False
1920,1920-TX-E03,18,False,7483,1530,10542,14300,132,165,blue,137.3,135.9,red,True,1483.0,1515.0,blue,False
1920,1920-TX-E03,19,False,18301,19463,2686,5834,207,234,blue,176.6,240.3,blue,False,1486.0,1560.0,blue,False
1920,1920-TX-E03,20,False,18301,5834,2686,20402,232,261,blue,198.7,235.9,blue,False,1511.0,1587.0,blue,False
1920,1920-TX-E03,21,False,7483,5530,14885,22097,122,224,blue,109.5,220.7,blue,False,1460.0,1563.0,blue,False
1920,1920-TX-E03,22,False,14300,18485,23476,2686,250,236,red,250.0,223.6,red,False,1512.0,1540.0,blue,True
1920,1920-TX-E03,23,False,11910,20017,5834,14300,197,237,blue,201.7,248.7,blue,False,1508.0,1564.0,blue,False
1920,1920-TX-E03,24,False,5834,5530,22097,5937,142,183,blue,154.5,173.2,blue,False,1509.0,1554.0,blue,False
1920,1920-TX-E03,25,False,2686,5937,19463,18301,197,144,red,182.9,176.6,red,False,1535.0,1486.0,red,False
1920,1920-TX-E03,26,False,10542,5834,20402,18301,111,174,blue,108.1,194.4,blue,False,1501.0,1537.0,blue,False
1920,1920-TX-E03,27,False,5937,19463,20503,5834,149,185,blue,141.4,170.9,blue,False,1500.0,1502.0,blue,False
1920,1920-TX-E03,1,True,14300,20017,2686,23476,236,263,blue,260.3,223.6,red,True,1553.0,1540.0,red,True
1920,1920-TX-E03,2,True,14300,20017,2686,23476,253,281,blue,260.3,223.6,red,True,1553.0,1540.0,red,True
1920,1920-TX-E03,1,True,18485,7690,22097,20402,244,250,blue,217.5,226.2,blue,False,1438.0,1606.0,blue,False
1920,1920-TX-E03,2,True,18485,7690,22097,20402,229,258,blue,217.5,226.2,blue,False,1438.0,1606.0,blue,False
1920,1920-TX-E03,1,True,14300,20017,18485,7690,257,234,red,260.3,217.5,red,False,1553.0,1438.0,red,False
1920,1920-TX-E03,2,True,14300,20017,18485,7690,257,216,red,260.3,217.5,red,False,1553.0,1438.0,red,False
1920,1920-TX-E03,3,True,14300,20017,18485,7690,259,222,red,260.3,217.5,red,False,1553.0,1438.0,red,False
2021,2021-TX-E04,1,False,2760,24767,19651,2217,114,177,blue,115.3,183.8,blue,False,1465.0,1548.0,blue,False
2021,2021-TX-E04,2,False,2217,19651,5399,9504,175,188,blue,183.8,198.1,blue,False,1548.0,1511.0,red,True
2021,2021-TX-E04,3,False,8319,11119,7611,5491,189,135,red,178.9,152.6,red,False,1493.0,1455.0,red,False
2021,2021-TX-E04,4,False,19350,3335,2217,8319,175,179,blue,161.1,197.4,blue,False,1471.0,1543.0,blue,False
2021,2021-TX-E04,5,False,7611,16688,3275,11119,160,204,blue,137.6,224.6,blue,False,1462.0,1522.0,blue,False
2021,2021-TX-E04,6,False,11339,2760,19651,5399,226,180,red,207.5,164.4,red,False,1557.0,1494.0,red,False
2021,2021-TX-E04,7,False,11119,19350,11339,2217,149,262,blue,156.1,257.0,blue,False,1484.0,1612.0,blue,False
2021,2021-TX-E04,8,False,5491,3275,11339,2217,213,274,blue,209.2,257.0,blue,False,1493.0,1612.0,blue,False
2021,2021-TX-E04,9,False,5491,19114,3275,19407,196,212,blue,197.0,211.1,blue,False,1491.0,1518.0,blue,False
2021,2021-TX-E04,10,False,19407,16688,11119,19350,142,170,blue,147.7,156.1,blue,False,1473.0,1484.0,blue,False
2021,2021-TX-E04,11,False,5491,8957,2760,11339,191,208,blue,176.2,207.5,blue,False,1435.0,1557.0,blue,False
2021,2021-TX-E04,12,False,11339,2760,5399,19651,174,180,blue,207.5,164.4,red,True,1557.0,1494.0,red,True
2021,2021-TX-E04,13,False,19407,8957,2217,11339,198,276,blue,178.2,257.0,blue,False,1460.0,1612.0,blue,False
2021,2021-TX-E04,14,False,11339,2217,3335,5399,261,183,red,257.0,195.6,red,False,1612.0,1482.0,red,False
2021,2021-TX-E04,15,False,19114,9504,19350,16688,215,105,red,219.8,125.7,red,False,1537.0,1462.0,red,False
2021,2021-TX-E04,16,False,3275,2760,8319,19407,196,153,red,193.6,165.5,red,False,1518.0,1489.0,red,False
2021,2021-TX-E04,17,False,18751,11119,3275,2760,210,207,red,211.0,193.6,red,False,1487.0,1518.0,blue,True
2021,2021-TX-E04,18,False,24767,16688,9504,2217,109,212,blue,115.9,217.5,blue,False,1447.0,1565.0,blue,False
2021,2021-TX-E04,19,False,11119,19651,19407,18751,191,199,blue,165.3,197.5,blue,False,1498.0,1483.0,red,True
2021,2021-TX-E04,20,False,9504,2217,22159,3335,238,183,red,217.5,183.2,red,False,1565.0,1488.0,red,False
2021,2021-TX-E04,21,False,7611,8319,19114,14171,182,193,blue,155.4,187.2,blue,False,1478.0,1521.0,blue,False
2021,2021-TX-E04,22,False,22159,19407,18751,2217,165,238,blue,164.8,229.4,blue,False,1497.0,1537.0,blue,False
2021,2021-TX-E04,23,False,11339,16688,8957,11119,219,157,red,208.1,191.6,red,False,1540.0,1464.0,red,False
2021,2021-TX-E04,24,False,8319,14171,11339,19651,148,171,blue,153.8,212.3,blue,False,1494.0,1560.0,blue,False
2021,2021-TX-E04,25,False,24767,11119,3335,19407,163,182,blue,146.3,183.1,blue,False,1469.0,1482.0,blue,False
2021,2021-TX-E04,26,False,24767,5399,2217,7611,137,155,blue,145.4,186.5,blue,False,1465.0,1534.0,blue,False
2021,2021-TX-E04,1,True,3275,22159,8957,2217,253,241,red,211.2,210.1,red,False,1524.0,1514.0,red,False
2021,2021-TX-E04,2,True,3275,22159,8957,2217,239,215,red,211.2,210.1,red,False,1524.0,1514.0,red,False
2021,2021-TX-E04,1,True,11339,19114,18751,9504,266,245,red,259.3,218.4,red,False,1583.0,1503.0,red,False
2021,2021-TX-E04,2,True,11339,19114,18751,9504,275,241,red,259.3,218.4,red,False,1583.0,1503.0,red,False
2021,2021-TX-E04,1,True,3275,22159,11339,19114,269,276,blue,211.2,259.3,blue,False,1524.0,1583.0,blue,False
2021,2021-TX-E04,2,True,3275,22159,11339,19114,283,246,red,211.2,259.3,blue,True,1524.0,1583.0,blue,True
2021,2021-TX-E03,1,False,11806,21762,10302,14699,278,251,red,272.5,262.2,red,False,1501.0,1604.0,blue,True
2021,2021-TX-E03,2,False,14699,21864,14836,16643,223,198,red,222.4,185.5,red,False,1548.0,1475.0,red,False
2021,2021-TX-E03,3,False,12601,17533,14691,24927,167,140,red,151.0,144.5,red,False,1471.0,1515.0,blue,True
2021,2021-TX-E03,4,False,5892,2714,1222,17533,282,204,red,254.0,219.3,red,False,1564.0,1480.0,red,False
2021,2021-TX-E03,5,False,9351,12646,21762,24300,208,174,red,214.1,212.0,red,False,1528.0,1487.0,red,False
2021,2021-TX-E03,6,False,19635,8543,16367,1222,144,152,blue,159.1,181.0,blue,False,1457.0,1500.0,blue,False
2021,2021-TX-E03,7,False,2714,14699,14749,24300,265,117,red,272.0,113.7,red,False,1592.0,1495.0,red,False
2021,2021-TX-E03,8,False,24300,23891,2714,16643,121,239,blue,129.0,230.0,blue,False,1471.0,1526.0,blue,False
2021,2021-TX-E03,9,False,21003,16367,2639,5545,169,136,red,145.6,112.2,red,False,1527.0,1455.0,red,False
2021,2021-TX-E03,10,False,24300,5545,3318,12601,167,100,red,134.9,78.9,red,False,1466.0,1450.0,red,False
2021,2021-TX-E03,11,False,21003,24927,12601,3318,110,63,red,120.8,78.9,red,False,1503.0,1450.0,red,False
2021,2021-TX-E03,12,False,14691,19635,9351,11806,162,246,blue,144.8,251.5,blue,False,1495.0,1537.0,blue,False
2021,2021-TX-E03,13,False,23891,19635,9351,2639,110,180,blue,87.1,168.4,blue,False,1441.0,1512.0,blue,False
2021,2021-TX-E03,14,False,12601,5892,14836,14315,173,147,red,172.4,143.5,red,False,1504.0,1484.0,red,False
2021,2021-TX-E03,15,False,8543,23891,21003,14691,168,197,blue,167.7,187.4,blue,False,1456.0,1535.0,blue,False
2021,2021-TX-E03,16,False,5545,2714,14699,14836,170,234,blue,184.3,227.5,blue,False,1499.0,1541.0,blue,False
2021,2021-TX-E03,17,False,5545,16643,5892,14749,145,147,blue,153.1,155.9,blue,False,1455.0,1523.0,blue,False
2021,2021-TX-E03,18,False,16367,12646,2714,5892,141,226,blue,167.9,254.0,blue,False,1522.0,1564.0,blue,False
2021,2021-TX-E03,19,False,12601,2714,16643,14836,188,163,red,179.5,185.5,blue,True,1509.0,1475.0,red,False
2021,2021-TX-E03,20,False,2714,16643,1222,3318,239,142,red,230.0,147.2,red,False,1526.0,1460.0,red,False
2021,2021-TX-E03,21,False,17533,14315,12601,21864,156,109,red,159.5,129.9,red,False,1497.0,1466.0,red,False
2021,2021-TX-E03,22,False,5545,1222,24300,2714,187,222,blue,170.9,211.7,blue,False,1449.0,1536.0,blue,False
2021,2021-TX-E03,23,False,12601,21003,23891,5892,138,157,blue,130.8,171.3,blue,False,1487.0,1499.0,blue,False
2021,2021-TX-E03,24,False,5892,19635,21003,14691,145,166,blue,162.7,187.4,blue,False,1501.0,1535.0,blue,False
2021,2021-TX-E03,25,False,21003,21864,14749,24927,181,77,red,162.8,71.4,red,False,1502.0,1485.0,red,False
2021,2021-TX-E03,26,False,12601,21864,14691,24300,134,187,blue,129.9,186.7,blue,False,1466.0,1525.0,blue,False
2021,2021-TX-E03,27,False,14691,5892,8543,24927,207,153,red,229.0,158.8,red,False,1553.0,1478.0,red,False
2021,2021-TX-E03,28,False,5545,12601,24927,2714,82,154,blue,102.7,169.5,blue,False,1439.0,1526.0,blue,False
2021,2021-TX-E03,29,False,24927,21864,1222,5892,118,303,blue,119.9,240.7,blue,False,1482.0,1514.0,blue,False
2021,2021-TX-E03,30,False,21003,2639,8543,14691,105,246,blue,140.4,225.4,blue,False,1502.0,1510.0,blue,False
2021,2021-TX-E03,31,False,24927,12646,1222,5545,176,142,red,143.1,170.9,blue,True,1498.0,1449.0,red,False
2021,2021-TX-E03,32,False,23891,21003,17533,19635,139,144,blue,129.7,141.3,blue,False,1481.0,1467.0,red,True
2021,2021-TX-E03,33,False,23891,19635,16367,21762,77,227,blue,87.1,194.5,blue,False,1441.0,1500.0,blue,False
2021,2021-TX-E03,1,True,14699,10302,21762,17533,272,239,red,262.2,232.8,red,False,1604.0,1481.0,red,False
2021,2021-TX-E03,2,True,14699,10302,21762,17533,237,231,red,262.2,232.8,red,False,1604.0,1481.0,red,False
2021,2021-TX-E03,3,True,14699,10302,21762,17533,268,267,red,262.2,232.8,red,False,1604.0,1481.0,red,False
2021,2021-TX-E03,1,True,2714,5892,9351,16643,234,263,blue,254.0,209.3,red,True,1564.0,1513.0,red,True
2021,2021-TX-E03,2,True,2714,5892,9351,16643,246,224,red,254.0,209.3,red,False,1564.0,1513.0,red,False
2021,2021-TX-E03,1,True,14699,10302,2714,5892,250,231,red,262.2,254.0,red,False,1604.0,1564.0,red,False
2021,2021-TX-E03,2,True,14699,10302,2714,5892,268,252,red,262.2,254.0,red,False,1604.0,1564.0,red,False
2021,2021-TX-E03,3,True,14699,10302,2714,5892,263,251,red,262.2,254.0,red,False,1604.0,1564.0,red,False
2021,2021-TX-E02,1,False,18374,9428,12905,24841,302,263,red,275.2,251.4,red,False,1538.0,1539.0,blue,True
2021,2021-TX-E02,2,False,6451,17682,23204,9428,130,270,blue,132.9,293.6,blue,False,1494.0,1580.0,blue,False
2021,2021-TX-E02,3,False,24841,16724,8885,6451,184,154,red,191.8,188.5,red,False,1536.0,1490.0,red,False
2021,2021-TX-E02,4,False,9152,8885,24841,18899,159,289,blue,164.1,273.0,blue,False,1474.0,1551.0,blue,False
2021,2021-TX-E02,5,False,1786,18751,6451,18899,170,298,blue,173.4,267.5,blue,False,1466.0,1530.0,blue,False
2021,2021-TX-E02,6,False,3124,2780,8364,18899,174,266,blue,143.5,273.7,blue,False,1496.0,1544.0,blue,False
2021,2021-TX-E02,7,False,2780,2365,24841,9428,179,273,blue,188.5,266.0,blue,False,1523.0,1577.0,blue,False
2021,2021-TX-E02,8,False,16724,6034,18899,10747,152,225,blue,128.0,229.9,blue,False,1474.0,1504.0,blue,False
2021,2021-TX-E02,9,False,1786,10747,24841,18374,174,254,blue,139.5,258.0,blue,False,1463.0,1522.0,blue,False
2021,2021-TX-E02,10,False,18751,1786,6034,18899,188,184,red,173.4,209.1,blue,True,1466.0,1490.0,blue,True
2021,2021-TX-E02,11,False,6034,23204,18899,1786,219,198,red,212.6,206.8,red,False,1504.0,1499.0,red,False
2021,2021-TX-E02,12,False,9428,6034,1786,3124,178,105,red,202.2,129.1,red,False,1515.0,1474.0,red,False
2021,2021-TX-E02,13,False,21987,10747,2780,6451,119,183,blue,105.8,191.6,blue,False,1480.0,1510.0,blue,False
2021,2021-TX-E02,14,False,16724,24841,8364,10465,187,150,red,191.8,161.3,red,False,1536.0,1493.0,red,False
2021,2021-TX-E02,15,False,9152,23204,8885,6034,268,154,red,246.5,130.1,red,False,1528.0,1450.0,red,False
2021,2021-TX-E02,16,False,24841,18588,2365,8364,185,235,blue,178.1,241.0,blue,False,1521.0,1546.0,blue,False
2021,2021-TX-E02,17,False,9152,6034,2780,9428,152,202,blue,155.0,214.3,blue,False,1462.0,1547.0,blue,False
2021,2021-TX-E02,18,False,18588,9428,6451,8885,213,180,red,195.3,188.5,red,False,1537.0,1490.0,red,False
2021,2021-TX-E02,19,False,2365,6034,6451,8364,181,269,blue,176.4,244.1,blue,False,1492.0,1533.0,blue,False
2021,2021-TX-E02,20,False,18751,8885,23204,16724,217,195,red,184.8,219.5,blue,True,1468.0,1540.0,blue,True
2021,2021-TX-E02,21,False,9152,10465,2365,8275,112,174,blue,130.7,163.1,blue,False,1462.0,1514.0,blue,False
2021,2021-TX-E02,22,False,18751,17682,9428,1786,140,202,blue,129.1,199.8,blue,False,1472.0,1525.0,blue,False
2021,2021-TX-E02,23,False,1786,3124,10465,23204,130,233,blue,129.1,188.2,blue,False,1474.0,1504.0,blue,False
2021,2021-TX-E02,24,False,16252,12905,8275,10747,223,103,red,220.8,128.5,red,False,1501.0,1475.0,red,False
2021,2021-TX-E02,25,False,12905,3124,10465,18374,184,147,red,197.8,169.8,red,False,1504.0,1461.0,red,False
2021,2021-TX-E02,26,False,8275,10465,24841,21987,98,124,blue,83.4,148.9,blue,False,1461.0,1528.0,blue,False
2021,2021-TX-E02,27,False,10465,6034,21987,16724,90,105,blue,96.7,91.9,red,True,1438.0,1502.0,blue,False
2021,2021-TX-E02,28,False,10747,9152,16252,21987,181,117,red,175.8,118.4,red,False,1477.0,1489.0,blue,True
2021,2021-TX-E02,29,False,16252,6451,18751,10747,212,182,red,212.8,196.5,red,False,1501.0,1471.0,red,False
2021,2021-TX-E02,30,False,9428,3124,23204,18588,219,181,red,212.5,205.7,red,False,1541.0,1525.0,red,False
2021,2021-TX-E02,1,True,9428,18751,23204,2365,298,299,blue,256.8,267.9,blue,False,1533.0,1557.0,blue,False
2021,2021-TX-E02,2,True,9428,18751,23204,2365,257,283,blue,256.8,267.9,blue,False,1533.0,1557.0,blue,False
2021,2021-TX-E02,3,True,9428,18751,23204,2365,274,297,blue,256.8,267.9,blue,False,1533.0,1557.0,blue,False
2021,2021-TX-E02,1,True,18374,16252,18899,8364,296,277,red,227.5,273.7,blue,True,1484.0,1544.0,blue,True
2021,2021-TX-E02,2,True,18374,16252,18899,8364,271,271,blue,227.5,273.7,blue,False,1484.0,1544.0,blue,False
2021,2021-TX-E02,3,True,18374,16252,18899,8364,256,292,blue,227.5,273.7,blue,False,1484.0,1544.0,blue,False
2021,2021-TX-E02,1,True,9428,18751,18374,16252,288,247,red,256.8,227.5,red,False,1533.0,1484.0,red,False
2021,2021-TX-E02,2,True,9428,18751,18374,16252,261,250,red,256.8,227.5,red,False,1533.0,1484.0,red,False
2021,2021-TX-E02,3,True,9428,18751,18374,16252,269,284,blue,256.8,227.5,red,True,1533.0,1484.0,red,True
2021,2021-TX-E01,1,False,2908,20791,9874,23460,134,183,blue,122.2,190.1,blue,False,1469.0,1476.0,blue,False
2021,2021-TX-E01,2,False,7586,7252,2349,14305,161,174,blue,182.3,189.7,blue,False,1554.0,1533.0,red,True
2021,2021-TX-E01,3,False,21018,14305,1590,8643,204,171,red,191.2,163.5,red,False,1529.0,1456.0,red,False
2021,2021-TX-E01,4,False,23460,15489,4304,14305,178,228,blue,188.6,247.8,blue,False,1490.0,1604.0,blue,False
2021,2021-TX-E01,5,False,10800,23517,5583,9874,184,222,blue,182.6,217.9,blue,False,1478.0,1544.0,blue,False
2021,2021-TX-E01,6,False,2506,2349,15489,5583,143,228,blue,138.6,216.4,blue,False,1488.0,1559.0,blue,False
2021,2021-TX-E01,7,False,20791,7009,9582,8451,110,179,blue,117.8,172.9,blue,False,1451.0,1541.0,blue,False
2021,2021-TX-E01,8,False,8643,2506,11878,9582,175,241,blue,179.5,250.1,blue,False,1477.0,1562.0,blue,False
2021,2021-TX-E01,9,False,3755,7613,8643,7009,222,175,red,231.9,176.0,red,False,1517.0,1450.0,red,False
2021,2021-TX-E01,10,False,1590,5583,20791,21018,152,121,red,147.1,141.0,red,False,1507.0,1495.0,red,False
2021,2021-TX-E01,11,False,2908,2728,7613,8643,189,219,blue,196.3,233.8,blue,False,1469.0,1510.0,blue,False
2021,2021-TX-E01,12,False,9874,7252,5583,7586,185,224,blue,173.7,226.5,blue,False,1496.0,1603.0,blue,False
2021,2021-TX-E01,13,False,8451,7009,14305,11878,100,259,blue,110.3,242.0,blue,False,1463.0,1556.0,blue,False
2021,2021-TX-E01,14,False,18768,7009,8451,20791,139,146,blue,129.3,114.7,red,True,1434.0,1500.0,blue,False
2021,2021-TX-E01,15,False,24577,18579,7586,9582,61,278,blue,84.3,242.9,blue,False,1485.0,1593.0,blue,False
2021,2021-TX-E01,16,False,7586,20791,1590,10800,202,154,red,184.6,155.0,red,False,1553.0,1471.0,red,False
2021,2021-TX-E01,17,False,24577,23460,11878,9582,116,267,blue,110.0,250.1,blue,False,1460.0,1562.0,blue,False
2021,2021-TX-E01,18,False,2349,7586,3755,7009,190,184,red,202.0,174.1,red,False,1564.0,1457.0,red,False
2021,2021-TX-E01,19,False,14305,11878,2728,23517,235,216,red,242.0,207.0,red,False,1556.0,1464.0,red,False
2021,2021-TX-E01,20,False,9874,8451,20791,11878,148,169,blue,168.6,191.9,blue,False,1506.0,1522.0,blue,False
2021,2021-TX-E01,21,False,7252,9582,15489,24577,170,161,red,178.1,148.4,red,False,1530.0,1499.0,red,False
2021,2021-TX-E01,22,False,14305,23517,10800,9874,184,223,blue,183.0,225.8,blue,False,1498.0,1508.0,blue,False
2021,2021-TX-E01,23,False,5583,9582,7009,7252,197,115,red,222.2,115.4,red,False,1579.0,1452.0,red,False
2021,2021-TX-E01,24,False,2728,18579,23517,9874,208,202,red,184.6,186.8,blue,True,1495.0,1471.0,red,False
2021,2021-TX-E01,25,False,7613,8451,17099,1590,167,149,red,168.1,156.0,red,False,1523.0,1467.0,red,False
2021,2021-TX-E01,26,False,5583,2349,1590,7613,198,164,red,181.3,158.7,red,False,1549.0,1480.0,red,False
2021,2021-TX-E01,27,False,9582,5583,20791,11878,227,182,red,222.2,191.9,red,False,1579.0,1522.0,red,False
2021,2021-TX-E01,28,False,2728,23517,2349,23460,202,160,red,207.0,153.4,red,False,1464.0,1481.0,blue,True
2021,2021-TX-E01,29,False,15831,7613,10800,8643,194,243,blue,194.0,230.1,blue,False,1508.0,1501.0,red,True
2021,2021-TX-E01,30,False,9582,2908,7252,17099,176,189,blue,180.5,170.5,red,True,1510.0,1499.0,red,True
2021,2021-TX-E01,31,False,18768,1590,24577,14305,106,152,blue,116.8,146.2,blue,False,1441.0,1512.0,blue,False
2021,2021-TX-E01,32,False,7586,11878,5583,23460,267,184,red,254.3,177.9,red,False,1587.0,1520.0,red,False
2021,2021-TX-E01,33,False,1590,18768,8451,17099,118,174,blue,116.8,165.4,blue,False,1441.0,1510.0,blue,False
2021,2021-TX-E01,34,False,23517,5583,7586,21018,153,190,blue,174.7,203.5,blue,False,1514.0,1560.0,blue,False
2021,2021-TX-E01,35,False,15489,10800,17099,2728,215,227,blue,224.3,247.0,blue,False,1522.0,1497.0,red,True
2021,2021-TX-E01,36,False,21018,7613,7586,9582,215,227,blue,194.4,242.9,blue,False,1517.0,1593.0,blue,False
2021,2021-TX-E01,37,False,8451,14305,5583,11878,151,236,blue,164.9,233.7,blue,False,1534.0,1572.0,blue,False
2021,2021-TX-E01,1,True,4304,7613,17099,9582,275,266,red,251.0,231.2,red,False,1593.0,1538.0,red,False
2021,2021-TX-E01,2,True,4304,7613,17099,9582,257,245,red,251.0,231.2,red,False,1593.0,1538.0,red,False
2021,2021-TX-E01,1,True,11878,2728,7586,10800,256,289,blue,266.0,234.4,red,True,1522.0,1567.0,blue,False
2021,2021-TX-E01,2,True,11878,2728,7586,10800,246,263,blue,266.0,234.4,red,True,1522.0,1567.0,blue,False
2021,2021-TX-E01,1,True,4304,7613,11878,2728,286,252,red,251.0,266.0,blue,True,1593.0,1522.0,red,False
2021,2021-TX-E01,2,True,4304,7613,11878,2728,233,242,blue,251.0,266.0,blue,False,1593.0,1522.0,red,True
2021,2021-TX-E01,3,True,4304,7613,11878,2728,282,277,red,251.0,266.0,blue,True,1593.0,1522.0,red,False
2122,2122-TX-E01,1,False,20616,21145,13185,5870,173,177,blue,160.0,189.0,blue,False,1476.0,1524.0,blue,False
2122,2122-TX-E01,2,False,1705,21145,5040,6376,265,127,red,228.8,142.9,red,False,1553.0,1427.0,red,False
2122,2122-TX-E01,3,False,13185,8088,1705,10282,180,236,blue,181.9,227.6,blue,False,1478.0,1548.0,blue,False
2122,2122-TX-E01,4,False,17306,5040,13185,20616,165,95,red,118.1,111.9,red,False,1429.0,1447.0,blue,True
2122,2122-TX-E01,5,False,8088,6376,21145,5040,191,158,red,207.4,165.5,red,False,1479.0,1455.0,red,False
2122,2122-TX-E01,6,False,17306,1705,20616,5870,173,164,red,181.3,145.9,red,False,1527.0,1507.0,red,False
2122,2122-TX-E01,7,False,5040,13185,5870,8088,136,202,blue,117.4,216.0,blue,False,1426.0,1538.0,blue,False
2122,2122-TX-E01,8,False,1705,4732,5040,17306,137,74,red,151.3,118.1,red,False,1546.0,1429.0,red,False
2122,2122-TX-E01,9,False,5040,13185,6376,5870,120,242,blue,117.4,214.5,blue,False,1426.0,1525.0,blue,False
2122,2122-TX-E01,10,False,21145,4732,20616,17306,165,104,red,173.6,112.5,red,False,1516.0,1450.0,red,False
2122,2122-TX-E01,11,False,5870,1705,8088,20616,222,175,red,214.7,138.9,red,False,1584.0,1461.0,red,False
2122,2122-TX-E01,12,False,5870,11296,10282,4732,195,164,red,226.3,172.4,red,False,1564.0,1510.0,red,False
2122,2122-TX-E01,13,False,1705,5040,21145,20616,109,122,blue,143.2,160.0,blue,False,1485.0,1476.0,red,True
2122,2122-TX-E01,14,False,4732,11296,5870,17306,182,194,blue,162.9,189.6,blue,False,1527.0,1527.0,blue,False
2122,2122-TX-E01,15,False,11296,4732,8088,20616,175,135,red,162.9,138.9,red,False,1527.0,1461.0,red,False
2122,2122-TX-E01,1,True,6376,17306,21145,5870,230,240,blue,181.1,237.1,blue,False,1468.0,1553.0,blue,False
2122,2122-TX-E01,2,True,6376,17306,21145,5870,205,230,blue,181.1,237.1,blue,False,1468.0,1553.0,blue,False
2122,2122-TX-E01,3,True,6376,17306,21145,5870,256,218,red,181.1,237.1,blue,True,1468.0,1553.0,blue,True
2122,2122-TX-E01,1,True,10282,13185,11296,1705,231,245,blue,201.8,218.0,blue,False,1488.0,1564.0,blue,False
2122,2122-TX-E01,2,True,10282,13185,11296,1705,217,221,blue,201.8,218.0,blue,False,1488.0,1564.0,blue,False
2122,2122-TX-E01,1,True,6376,17306,10282,13185,227,235,blue,181.1,201.8,blue,False,1468.0,1488.0,blue,False
2122,2122-TX-E01,2,True,6376,17306,10282,13185,235,242,blue,181.1,201.8,blue,False,1468.0,1488.0,blue,False
2122,2122-TX-E01,3,True,6376,17306,10282,13185,187,239,blue,181.1,201.8,blue,False,1468.0,1488.0,blue,False
2122,2122-TX-E04,1,False,10697,1944,10056,15573,187,215,blue,185.2,193.0,blue,False,1495.0,1531.0,blue,False
2122,2122-TX-E04,2,False,5931,9099,10056,21750,204,118,red,210.4,144.4,red,False,1547.0,1468.0,red,False
2122,2122-TX-E04,3,False,21590,10697,7113,1907,126,116,red,133.1,140.4,blue,True,1482.0,1459.0,red,False
2122,2122-TX-E04,4,False,6235,8849,8600,8143,214,184,red,216.4,188.3,red,False,1535.0,1491.0,red,False
2122,2122-TX-E04,5,False,19455,4336,5931,9338,173,71,red,166.1,117.0,red,False,1504.0,1491.0,red,False
2122,2122-TX-E04,6,False,4073,15571,9099,21750,214,196,red,252.2,191.3,red,False,1546.0,1495.0,red,False
2122,2122-TX-E04,7,False,10697,8143,5931,1944,179,181,blue,153.3,191.4,blue,False,1461.0,1525.0,blue,False
2122,2122-TX-E04,8,False,10056,5931,1907,15573,157,178,blue,163.6,192.6,blue,False,1520.0,1499.0,red,True
2122,2122-TX-E04,9,False,21337,4336,9099,15571,140,215,blue,144.0,226.0,blue,False,1496.0,1556.0,blue,False
2122,2122-TX-E04,10,False,4073,10056,24681,8078,258,164,red,234.9,183.7,red,False,1528.0,1472.0,red,False
2122,2122-TX-E04,11,False,21590,8849,5931,9338,117,168,blue,147.1,117.0,red,True,1495.0,1491.0,red,True
2122,2122-TX-E04,12,False,8849,9338,7113,15573,96,198,blue,124.7,171.9,blue,False,1475.0,1510.0,blue,False
2122,2122-TX-E04,13,False,21750,24681,9099,6235,185,243,blue,185.5,253.8,blue,False,1450.0,1570.0,blue,False
2122,2122-TX-E04,14,False,10056,10697,8600,15571,137,214,blue,157.4,209.7,blue,False,1490.0,1538.0,blue,False
2122,2122-TX-E04,15,False,8849,5931,21337,7113,195,128,red,173.0,124.1,red,False,1513.0,1469.0,red,False
2122,2122-TX-E04,16,False,4336,4073,15571,9338,246,144,red,233.7,132.6,red,False,1534.0,1500.0,red,False
2122,2122-TX-E04,17,False,15573,8143,15571,9338,174,145,red,188.9,132.6,red,False,1502.0,1500.0,red,False
2122,2122-TX-E04,18,False,6235,9099,4336,19455,267,150,red,253.8,166.1,red,False,1570.0,1504.0,red,False
2122,2122-TX-E04,19,False,10056,15573,8078,1907,191,162,red,193.0,142.3,red,False,1531.0,1459.0,red,False
2122,2122-TX-E04,20,False,8143,4336,15571,5931,159,183,blue,156.6,180.9,blue,False,1488.0,1538.0,blue,False
2122,2122-TX-E04,21,False,21590,15573,4073,4336,176,225,blue,168.8,233.7,blue,False,1522.0,1534.0,blue,False
2122,2122-TX-E04,22,False,8849,21590,21750,8143,177,151,red,147.1,140.3,red,False,1495.0,1439.0,red,False
2122,2122-TX-E04,23,False,8849,19455,15571,1907,186,198,blue,176.7,178.8,blue,False,1491.0,1498.0,blue,False
2122,2122-TX-E04,24,False,1944,7113,4336,4073,163,241,blue,168.7,233.7,blue,False,1495.0,1534.0,blue,False
2122,2122-TX-E04,25,False,21750,24681,9099,10056,197,219,blue,185.5,208.7,blue,False,1450.0,1538.0,blue,False
2122,2122-TX-E04,26,False,4073,8143,24681,5931,235,199,red,230.8,204.6,red,False,1500.0,1502.0,blue,True
2122,2122-TX-E04,27,False,8143,15573,24681,1944,165,245,blue,188.9,230.7,blue,False,1502.0,1498.0,red,True
2122,2122-TX-E04,1,True,4073,1907,6235,8600,232,238,blue,234.4,237.5,blue,False,1497.0,1551.0,blue,False
2122,2122-TX-E04,2,True,4073,1907,6235,8600,205,231,blue,234.4,237.5,blue,False,1497.0,1551.0,blue,False
2122,2122-TX-E04,1,True,9099,15573,24681,1944,237,240,blue,239.8,230.7,red,True,1557.0,1498.0,red,True
2122,2122-TX-E04,2,True,9099,15573,24681,1944,244,243,red,239.8,230.7,red,False,1557.0,1498.0,red,False
2122,2122-TX-E04,3,True,9099,15573,24681,1944,232,233,blue,239.8,230.7,red,True,1557.0,1498.0,red,True
2122,2122-TX-E04,1,True,4073,1907,9099,15573,248,248,blue,234.4,239.8,blue,False,1497.0,1557.0,blue,False
2122,2122-TX-E04,2,True,4073,1907,9099,15573,243,259,blue,234.4,239.8,blue,False,1497.0,1557.0,blue,False
2122,2122-TX-E03,1,False,1302,23753,21096,15737,188,183,red,150.8,193.0,blue,True,1483.0,1553.0,blue,True
2122,2122-TX-E03,2,False,17586,22399,24581,17939,167,254,blue,171.2,233.0,blue,False,1486.0,1539.0,blue,False
2122,2122-TX-E03,3,False,21096,10469,24581,1113,237,142,red,232.8,152.4,red,False,1560.0,1537.0,red,False
2122,2122-TX-E03,4,False,17586,23753,10567,6609,133,126,red,137.3,126.0,red,False,1513.0,1442.0,red,False
2122,2122-TX-E03,5,False,23753,9691,20130,24581,166,195,blue,181.1,206.0,blue,False,1504.0,1552.0,blue,False
2122,2122-TX-E03,6,False,20130,22399,17586,9691,235,145,red,226.5,136.4,red,False,1516.0,1476.0,red,False
2122,2122-TX-E03,7,False,6609,21096,24581,1823,178,198,blue,158.2,197.6,blue,False,1489.0,1530.0,blue,False
2122,2122-TX-E03,8,False,24581,15737,23753,1302,185,123,red,186.5,150.8,red,False,1544.0,1483.0,red,False
2122,2122-TX-E03,9,False,9691,24581,21096,24144,190,161,red,194.5,162.2,red,False,1513.0,1522.0,blue,True
2122,2122-TX-E03,10,False,15737,24581,1823,6609,191,158,red,186.5,140.6,red,False,1544.0,1451.0,red,False
2122,2122-TX-E03,11,False,3757,1302,10469,1823,156,198,blue,155.1,215.2,blue,False,1454.0,1522.0,blue,False
2122,2122-TX-E03,12,False,9691,6609,21096,20130,129,215,blue,137.4,212.5,blue,False,1434.0,1561.0,blue,False
2122,2122-TX-E03,13,False,24581,9691,22399,21096,196,233,blue,194.5,235.8,blue,False,1513.0,1532.0,blue,False
2122,2122-TX-E03,14,False,1302,3757,21096,17939,159,242,blue,155.1,239.5,blue,False,1454.0,1548.0,blue,False
2122,2122-TX-E03,15,False,3789,1302,3757,1113,114,147,blue,104.7,143.3,blue,False,1447.0,1500.0,blue,False
2122,2122-TX-E03,16,False,21096,23753,22399,24144,216,194,red,201.9,176.2,red,False,1559.0,1477.0,red,False
2122,2122-TX-E03,17,False,22399,6609,21096,23753,153,182,blue,172.3,201.9,blue,False,1444.0,1559.0,blue,False
2122,2122-TX-E03,18,False,1113,3757,24144,1823,150,144,red,143.3,144.5,blue,True,1500.0,1483.0,red,False
2122,2122-TX-E03,19,False,24144,21096,1302,6609,146,107,red,162.2,107.1,red,False,1522.0,1412.0,red,False
2122,2122-TX-E03,20,False,23753,3757,15737,21096,171,200,blue,186.3,193.0,blue,False,1513.0,1553.0,blue,False
2122,2122-TX-E03,21,False,9691,23753,17939,1302,199,165,red,181.1,188.4,blue,True,1504.0,1471.0,red,False
2122,2122-TX-E03,22,False,10469,23753,6609,3789,226,83,red,212.9,92.3,red,False,1542.0,1436.0,red,False
2122,2122-TX-E03,1,True,22399,10567,10469,24581,224,228,blue,203.6,226.3,blue,False,1486.0,1551.0,blue,False
2122,2122-TX-E03,2,True,22399,10567,10469,24581,236,215,red,203.6,226.3,blue,True,1486.0,1551.0,blue,True
2122,2122-TX-E03,1,True,17939,21096,3757,20130,232,261,blue,239.5,196.9,red,True,1548.0,1515.0,red,True
2122,2122-TX-E03,2,True,17939,21096,3757,20130,268,219,red,239.5,196.9,red,False,1548.0,1515.0,red,False
2122,2122-TX-E03,1,True,22399,10567,17939,21096,247,236,red,203.6,239.5,blue,True,1486.0,1548.0,blue,True
2122,2122-TX-E03,2,True,22399,10567,17939,21096,245,254,blue,203.6,239.5,blue,False,1486.0,1548.0,blue,False
2122,2122-TX-E02,1,False,11682,9755,21469,17659,251,174,red,245.3,175.8,red,False,1507.0,1480.0,red,False
2122,2122-TX-E02,2,False,6906,9755,3623,4304,215,259,blue,197.1,234.2,blue,False,1489.0,1605.0,blue,False
2122,2122-TX-E02,3,False,21469,4304,3572,23645,201,191,red,178.2,196.8,blue,True,1560.0,1535.0,red,False
2122,2122-TX-E02,4,False,3623,19104,6282,9756,151,163,blue,139.3,174.3,blue,False,1479.0,1515.0,blue,False
2122,2122-TX-E02,5,False,15393,9755,4304,19104,147,208,blue,149.9,178.1,blue,False,1503.0,1527.0,blue,False
2122,2122-TX-E02,6,False,22097,19771,12579,21469,232,107,red,202.2,88.2,red,False,1543.0,1442.0,red,False
2122,2122-TX-E02,7,False,17659,6282,24242,4331,172,184,blue,187.3,198.7,blue,False,1480.0,1526.0,blue,False
2122,2122-TX-E02,8,False,17659,5416,4304,11682,234,281,blue,257.3,266.9,blue,False,1473.0,1588.0,blue,False
2122,2122-TX-E02,9,False,6906,11227,9756,23645,208,267,blue,226.1,254.8,blue,False,1483.0,1564.0,blue,False
2122,2122-TX-E02,10,False,15902,4331,22347,17659,297,225,red,257.1,229.4,red,False,1493.0,1490.0,red,False
2122,2122-TX-E02,11,False,19102,4304,9755,11227,255,286,blue,271.7,258.8,red,True,1557.0,1484.0,red,True
2122,2122-TX-E02,12,False,19771,5416,11227,9756,216,255,blue,205.3,264.9,blue,False,1465.0,1519.0,blue,False
2122,2122-TX-E02,13,False,22347,6282,3572,21469,155,93,red,148.5,104.8,red,False,1479.0,1484.0,blue,True
2122,2122-TX-E02,14,False,21469,19104,15393,19771,100,115,blue,83.3,117.1,blue,False,1434.0,1497.0,blue,False
2122,2122-TX-E02,15,False,6906,19102,7590,9755,220,174,red,217.4,177.2,red,False,1474.0,1481.0,blue,True
2122,2122-TX-E02,16,False,3623,4304,9756,19104,245,149,red,234.2,162.7,red,False,1605.0,1480.0,red,False
2122,2122-TX-E02,17,False,11227,7590,4304,5416,207,317,blue,206.2,259.7,blue,False,1475.0,1553.0,blue,False
2122,2122-TX-E02,18,False,24242,4331,5416,12579,201,167,red,198.7,169.7,red,False,1526.0,1435.0,red,False
2122,2122-TX-E02,19,False,4331,19104,6906,4304,173,250,blue,185.8,218.7,blue,False,1469.0,1570.0,blue,False
2122,2122-TX-E02,20,False,22097,21469,19104,15902,148,146,red,161.8,154.5,red,False,1538.0,1425.0,red,False
2122,2122-TX-E02,21,False,17659,3623,19771,22097,240,184,red,231.8,202.2,red,False,1525.0,1543.0,blue,True
2122,2122-TX-E02,22,False,19104,6282,3572,9756,87,198,blue,94.8,184.1,blue,False,1435.0,1530.0,blue,False
2122,2122-TX-E02,23,False,15902,7590,4331,9756,146,274,blue,175.2,265.3,blue,False,1460.0,1549.0,blue,False
2122,2122-TX-E02,24,False,4304,3623,22347,15902,252,206,red,234.2,208.2,red,False,1605.0,1469.0,red,False
2122,2122-TX-E02,25,False,17659,15393,19104,6906,174,110,red,169.1,123.8,red,False,1504.0,1444.0,red,False
2122,2122-TX-E02,26,False,6282,19102,23645,9755,204,231,blue,188.4,248.6,blue,False,1466.0,1530.0,blue,False
2122,2122-TX-E02,27,False,19102,19104,22097,23645,195,268,blue,176.8,253.8,blue,False,1431.0,1589.0,blue,False
2122,2122-TX-E02,28,False,4304,3623,9755,4331,240,232,red,234.2,259.1,blue,True,1605.0,1514.0,red,False
2122,2122-TX-E02,29,False,19771,5416,7590,17659,191,228,blue,205.3,196.4,red,True,1465.0,1482.0,blue,False
2122,2122-TX-E02,30,False,24242,6282,4331,3572,120,211,blue,107.7,207.3,blue,False,1492.0,1519.0,blue,False
2122,2122-TX-E02,1,True,4304,11682,19102,4331,277,294,blue,266.9,279.4,blue,False,1588.0,1500.0,red,True
2122,2122-TX-E02,2,True,4304,11682,19102,4331,303,275,red,266.9,279.4,blue,True,1588.0,1500.0,red,False
2122,2122-TX-E02,3,True,4304,11682,19102,4331,303,249,red,266.9,279.4,blue,True,1588.0,1500.0,red,False
2122,2122-TX-E02,1,True,23645,22097,11227,15902,259,251,red,253.8,256.8,blue,True,1589.0,1463.0,red,False
2122,2122-TX-E02,2,True,23645,22097,11227,15902,279,276,red,253.8,256.8,blue,True,1589.0,1463.0,red,False
2122,2122-TX-E02,1,True,4304,11682,23645,22097,281,255,red,266.9,253.8,red,False,1588.0,1589.0,blue,True
2122,2122-TX-E02,2,True,4304,11682,23645,22097,270,293,blue,266.9,253.8,red,True,1588.0,1589.0,blue,False
2122,2122-TX-E02,3,True,4304,11682,23645,22097,272,289,blue,266.9,253.8,red,True,1588.0,1589.0,blue,False
2223,2223-TX-E04,1,False,19305,15117,21332,15409,194,157,red,219.9,170.3,red,False,1499.0,1516.0,blue,True
2223,2223-TX-E04,2,False,11675,9141,22032,15591,269,128,red,283.8,123.9,red,False,1567.0,1454.0,red,False
2223,2223-TX-E04,3,False,13880,10709,15591,1410,288,147,red,278.7,144.7,red,False,1549.0,1441.0,red,False
2223,2223-TX-E04,4,False,15591,18328,20780,22032,152,182,blue,147.6,175.8,blue,False,1432.0,1512.0,blue,False
2223,2223-TX-E04,5,False,15970,3326,11675,21332,182,219,blue,160.6,236.0,blue,False,1461.0,1571.0,blue,False
2223,2223-TX-E04,6,False,2882,4741,19305,18751,194,235,blue,193.2,240.1,blue,False,1462.0,1501.0,blue,False
2223,2223-TX-E04,7,False,9141,20780,21481,4595,226,210,red,236.4,197.3,red,False,1518.0,1470.0,red,False
2223,2223-TX-E04,8,False,15409,3326,22032,21826,105,127,blue,138.8,121.0,red,True,1450.0,1490.0,blue,False
2223,2223-TX-E04,9,False,4741,21129,23484,21332,137,216,blue,149.9,227.7,blue,False,1439.0,1515.0,blue,False
2223,2223-TX-E04,10,False,10709,20780,7495,2882,225,255,blue,221.6,255.0,blue,False,1504.0,1499.0,red,True
2223,2223-TX-E04,11,False,15970,21481,11675,1410,144,262,blue,184.6,243.8,blue,False,1489.0,1549.0,blue,False
2223,2223-TX-E04,12,False,21129,23484,5983,15970,202,221,blue,207.4,223.1,blue,False,1468.0,1548.0,blue,False
2223,2223-TX-E04,13,False,18157,13880,3326,15117,285,157,red,286.7,160.8,red,False,1600.0,1436.0,red,False
2223,2223-TX-E04,14,False,3326,3175,15591,21826,191,75,red,185.8,76.1,red,False,1466.0,1432.0,red,False
2223,2223-TX-E04,15,False,3326,4741,13880,19111,160,193,blue,138.7,207.8,blue,False,1421.0,1538.0,blue,False
2223,2223-TX-E04,16,False,10709,15970,11675,13597,197,209,blue,225.1,215.8,red,True,1509.0,1576.0,blue,False
2223,2223-TX-E04,17,False,15117,15591,2882,5983,127,237,blue,134.5,248.6,blue,False,1433.0,1529.0,blue,False
2223,2223-TX-E04,18,False,20780,5983,2882,18328,244,224,red,219.6,228.4,blue,True,1544.0,1476.0,red,False
2223,2223-TX-E04,19,False,18157,5127,2882,21129,207,171,red,198.7,197.3,red,False,1533.0,1459.0,red,False
2223,2223-TX-E04,20,False,15970,21481,2882,15409,183,220,blue,184.6,193.2,blue,False,1489.0,1491.0,blue,False
2223,2223-TX-E04,21,False,21481,1410,18157,4595,192,225,blue,194.9,245.8,blue,False,1472.0,1541.0,blue,False
2223,2223-TX-E04,22,False,23484,10709,9141,3326,233,201,red,260.6,210.9,red,False,1498.0,1462.0,red,False
2223,2223-TX-E04,23,False,5127,21826,15409,11675,86,232,blue,97.0,211.7,blue,False,1468.0,1555.0,blue,False
2223,2223-TX-E04,24,False,19305,22032,18157,15970,195,223,blue,209.4,233.0,blue,False,1520.0,1559.0,blue,False
2223,2223-TX-E04,25,False,10709,15970,21129,23484,268,252,red,225.1,207.4,red,False,1509.0,1468.0,red,False
2223,2223-TX-E04,26,False,4741,19305,3326,15591,200,107,red,197.9,105.3,red,False,1484.0,1399.0,red,False
2223,2223-TX-E04,27,False,3175,19111,18751,21826,174,147,red,179.3,151.8,red,False,1503.0,1472.0,red,False
2223,2223-TX-E04,28,False,15117,18157,21332,3326,272,170,red,233.2,163.1,red,False,1535.0,1467.0,red,False
2223,2223-TX-E04,29,False,18751,4741,13597,11675,165,200,blue,188.1,215.8,blue,False,1458.0,1576.0,blue,False
2223,2223-TX-E04,30,False,9141,21332,1410,3326,277,162,red,242.4,171.0,red,False,1528.0,1444.0,red,False
2223,2223-TX-E04,31,False,1410,13880,4741,19111,245,133,red,253.6,132.2,red,False,1544.0,1458.0,red,False
2223,2223-TX-E04,32,False,11675,13880,19111,2882,303,199,red,287.2,179.6,red,False,1606.0,1478.0,red,False
2223,2223-TX-E04,33,False,13597,22032,5127,4595,184,176,red,161.5,167.9,blue,True,1527.0,1475.0,red,False
2223,2223-TX-E04,34,False,2882,22032,9141,21332,200,243,blue,204.7,242.4,blue,False,1497.0,1528.0,blue,False
2223,2223-TX-E04,35,False,21481,19305,15117,5127,247,150,red,214.7,155.4,red,False,1492.0,1469.0,red,False
2223,2223-TX-E04,36,False,22032,5983,19111,15591,193,95,red,212.7,98.8,red,False,1544.0,1435.0,red,False
2223,2223-TX-E04,37,False,15970,18157,15117,19111,242,158,red,233.0,154.3,red,False,1559.0,1473.0,red,False
2223,2223-TX-E04,38,False,15970,5983,20780,18157,232,206,red,223.1,229.6,blue,True,1548.0,1555.0,blue,True
2223,2223-TX-E04,1,True,10709,19305,13880,18157,279,288,blue,255.2,286.7,blue,False,1512.0,1600.0,blue,False
2223,2223-TX-E04,2,True,10709,19305,13880,18157,274,281,blue,255.2,286.7,blue,False,1512.0,1600.0,blue,False
2223,2223-TX-E04,1,True,11591,9141,11675,2882,278,287,blue,145.1,259.0,blue,False,1501.0,1546.0,blue,False
2223,2223-TX-E04,2,True,11591,9141,11675,2882,284,293,blue,145.1,259.0,blue,False,1501.0,1546.0,blue,False
2223,2223-TX-E04,3,True,11591,9141,11675,2882,288,266,red,145.1,259.0,blue,True,1501.0,1546.0,blue,True
2223,2223-TX-E04,1,True,10709,19305,11591,9141,278,265,red,255.2,145.1,red,False,1512.0,1501.0,red,False
2223,2223-TX-E04,2,True,10709,19305,11591,9141,268,260,red,255.2,145.1,red,False,1512.0,1501.0,red,False
2223,2223-TX-E04,3,True,10709,19305,11591,9141,260,263,blue,255.2,145.1,red,True,1512.0,1501.0,red,True
2223,2223-TX-E03,1,False,5463,13666,1982,17254,152,179,blue,168.8,195.2,blue,False,1485.0,1557.0,blue,False
2223,2223-TX-E03,2,False,2764,12579,13276,12821,153,207,blue,201.8,213.0,blue,False,1465.0,1493.0,blue,False
2223,2223-TX-E03,3,False,6988,6602,22212,17994,146,104,red,141.2,126.4,red,False,1522.0,1508.0,red,False
2223,2223-TX-E03,4,False,2481,2855,2764,5463,248,254,blue,245.8,231.5,red,True,1480.0,1500.0,blue,False
2223,2223-TX-E03,5,False,13276,20589,7922,5082,136,167,blue,151.4,163.6,blue,False,1478.0,1522.0,blue,False
2223,2223-TX-E03,6,False,24560,18478,1982,20589,192,129,red,195.9,116.6,red,False,1538.0,1484.0,red,False
2223,2223-TX-E03,7,False,17994,18224,2481,1982,171,129,red,183.4,172.4,red,False,1533.0,1498.0,red,False
2223,2223-TX-E03,8,False,18478,17254,16428,20589,213,145,red,217.3,169.6,red,False,1564.0,1482.0,red,False
2223,2223-TX-E03,9,False,24173,2855,13666,16428,250,230,red,229.8,221.9,red,False,1526.0,1505.0,red,False
2223,2223-TX-E03,10,False,5082,13873,24560,13276,139,195,blue,179.8,208.6,blue,False,1514.0,1525.0,blue,False
2223,2223-TX-E03,11,False,12579,16061,6602,20589,112,129,blue,116.2,113.9,red,True,1436.0,1485.0,blue,False
2223,2223-TX-E03,12,False,13873,16061,7922,20589,229,168,red,218.5,172.8,red,False,1499.0,1498.0,red,False
2223,2223-TX-E03,13,False,20412,24560,17254,22212,127,176,blue,126.6,165.4,blue,False,1469.0,1541.0,blue,False
2223,2223-TX-E03,14,False,17554,5463,18478,7922,221,216,red,221.0,231.1,blue,True,1502.0,1551.0,blue,True
2223,2223-TX-E03,15,False,12821,12579,16428,5082,126,188,blue,148.3,160.4,blue,False,1443.0,1506.0,blue,False
2223,2223-TX-E03,16,False,23173,18194,24173,7922,173,186,blue,112.9,212.7,blue,False,1436.0,1558.0,blue,False
2223,2223-TX-E03,17,False,20412,12821,1982,24173,147,159,blue,131.1,156.4,blue,False,1438.0,1544.0,blue,False
2223,2223-TX-E03,18,False,18224,16428,16119,13276,241,233,red,233.0,214.7,red,False,1537.0,1502.0,red,False
2223,2223-TX-E03,19,False,20412,17254,23173,18478,147,194,blue,148.1,130.0,red,True,1495.0,1490.0,red,True
2223,2223-TX-E03,20,False,14257,19870,13873,6988,225,232,blue,212.0,216.2,blue,False,1457.0,1528.0,blue,False
2223,2223-TX-E03,21,False,19870,14257,17254,19847,199,209,blue,212.0,206.5,red,True,1457.0,1545.0,blue,False
2223,2223-TX-E03,22,False,5463,19847,17994,6988,133,145,blue,163.9,147.2,red,True,1496.0,1516.0,blue,False
2223,2223-TX-E03,23,False,19870,20589,1982,2481,150,193,blue,172.5,172.4,red,True,1449.0,1498.0,blue,False
2223,2223-TX-E03,24,False,5463,18194,22212,24560,159,161,blue,157.7,143.9,red,True,1462.0,1515.0,blue,False
2223,2223-TX-E03,25,False,11470,20412,19847,24173,115,159,blue,132.9,167.7,blue,False,1454.0,1532.0,blue,False
2223,2223-TX-E03,26,False,11408,24173,13873,6602,223,237,blue,213.9,222.5,blue,False,1509.0,1537.0,blue,False
2223,2223-TX-E03,27,False,19870,12821,2764,5463,223,262,blue,234.1,231.5,red,True,1464.0,1500.0,blue,False
2223,2223-TX-E03,28,False,17994,6988,24853,2764,152,224,blue,147.2,231.9,blue,False,1516.0,1523.0,blue,False
2223,2223-TX-E03,29,False,12579,16119,2855,17254,133,277,blue,149.9,268.5,blue,False,1452.0,1539.0,blue,False
2223,2223-TX-E03,30,False,13276,20412,13666,19847,168,189,blue,140.5,180.2,blue,False,1462.0,1495.0,blue,False
2223,2223-TX-E03,31,False,5463,18194,13276,17994,151,197,blue,157.7,191.0,blue,False,1462.0,1518.0,blue,False
2223,2223-TX-E03,32,False,23173,16061,1982,7922,204,233,blue,101.2,209.0,blue,False,1445.0,1543.0,blue,False
2223,2223-TX-E03,33,False,19870,18478,16061,11408,254,182,red,230.8,203.6,red,False,1502.0,1457.0,red,False
2223,2223-TX-E03,34,False,5082,12579,20589,7922,86,192,blue,77.5,172.8,blue,False,1451.0,1498.0,blue,False
2223,2223-TX-E03,35,False,2764,16119,18224,2855,211,257,blue,258.7,253.4,red,True,1500.0,1521.0,blue,False
2223,2223-TX-E03,36,False,12821,17994,19847,18194,203,190,red,181.6,169.1,red,False,1494.0,1472.0,red,False
2223,2223-TX-E03,37,False,2855,6602,11470,18478,189,220,blue,223.4,202.1,red,True,1512.0,1523.0,blue,False
2223,2223-TX-E03,38,False,6988,20412,19870,16119,72,266,blue,96.8,235.7,blue,False,1459.0,1473.0,blue,False
2223,2223-TX-E03,39,False,16428,19847,2481,20589,212,157,red,217.0,136.3,red,False,1516.0,1453.0,red,False
2223,2223-TX-E03,40,False,18478,22212,13276,16428,139,223,blue,145.1,240.6,blue,False,1521.0,1522.0,blue,False
2223,2223-TX-E03,41,False,5082,12821,16428,24173,126,213,blue,132.8,209.4,blue,False,1478.0,1542.0,blue,False
2223,2223-TX-E03,42,False,16061,19870,16119,24853,182,188,blue,202.0,180.1,red,True,1457.0,1510.0,blue,False
2223,2223-TX-E03,43,False,11408,19847,2764,12579,234,237,blue,221.5,201.8,red,True,1483.0,1465.0,red,True
2223,2223-TX-E03,1,True,2855,14257,17254,7922,274,288,blue,229.5,251.4,blue,False,1475.0,1571.0,blue,False
2223,2223-TX-E03,2,True,2855,14257,17254,7922,271,278,blue,229.5,251.4,blue,False,1475.0,1571.0,blue,False
2223,2223-TX-E03,1,True,2764,16428,13873,11408,265,265,blue,284.6,282.6,red,True,1520.0,1501.0,red,True
2223,2223-TX-E03,2,True,2764,16428,13873,11408,261,276,blue,284.6,282.6,red,True,1520.0,1501.0,red,True
2223,2223-TX-E03,3,True,2764,16428,13873,11408,268,242,red,284.6,282.6,red,False,1520.0,1501.0,red,False
2223,2223-TX-E03,1,True,2855,14257,2764,16428,271,257,red,229.5,284.6,blue,True,1475.0,1520.0,blue,True
2223,2223-TX-E03,2,True,2855,14257,2764,16428,273,284,blue,229.5,284.6,blue,False,1475.0,1520.0,blue,False
2223,2223-TX-E03,3,True,2855,14257,2764,16428,264,260,red,229.5,284.6,blue,True,1475.0,1520.0,blue,True
2223,2223-TX-E02,1,False,3136,19436,10296,22439,150,234,blue,170.1,226.2,blue,False,1472.0,1557.0,blue,False
2223,2223-TX-E02,2,False,19595,20560,11460,19436,167,192,blue,150.7,181.4,blue,False,1478.0,1490.0,blue,False
2223,2223-TX-E02,3,False,3136,11460,22439,5865,81,275,blue,93.3,248.1,blue,False,1428.0,1536.0,blue,False
2223,2223-TX-E02,4,False,22439,19595,11460,9214,195,109,red,204.8,130.3,red,False,1543.0,1449.0,red,False
2223,2223-TX-E02,5,False,22439,20823,9214,10296,217,201,red,235.5,192.2,red,False,1579.0,1498.0,red,False
2223,2223-TX-E02,6,False,10296,20560,19595,8624,146,165,blue,172.1,138.0,red,True,1492.0,1538.0,blue,False
2223,2223-TX-E02,7,False,14549,9214,2151,3136,169,89,red,190.3,90.1,red,False,1469.0,1431.0,red,False
2223,2223-TX-E02,8,False,20823,10296,22439,14549,253,218,red,237.6,224.4,red,False,1566.0,1528.0,red,False
2223,2223-TX-E02,9,False,5865,8624,14549,2151,168,165,red,181.3,161.3,red,False,1530.0,1469.0,red,False
2223,2223-TX-E02,10,False,11460,10296,20823,2151,162,166,blue,166.4,172.5,blue,False,1495.0,1520.0,blue,False
2223,2223-TX-E02,11,False,10296,9214,19595,2151,226,130,red,192.2,141.8,red,False,1498.0,1484.0,red,False
2223,2223-TX-E02,12,False,11460,2151,8624,19436,117,184,blue,101.3,174.5,blue,False,1449.0,1546.0,blue,False
2223,2223-TX-E02,13,False,19595,10296,14549,3136,185,178,red,206.8,153.3,red,False,1530.0,1449.0,red,False
2223,2223-TX-E02,14,False,14549,10296,3136,20560,213,96,red,226.4,99.0,red,False,1515.0,1425.0,red,False
2223,2223-TX-E02,15,False,20560,14549,20823,5865,183,269,blue,170.2,259.4,blue,False,1463.0,1546.0,blue,False
2223,2223-TX-E02,16,False,3136,11460,8624,5865,105,158,blue,93.3,181.3,blue,False,1428.0,1530.0,blue,False
2223,2223-TX-E02,1,True,5865,9214,22439,20823,188,244,blue,214.0,235.5,blue,False,1477.0,1579.0,blue,False
2223,2223-TX-E02,2,True,5865,9214,22439,20823,189,230,blue,214.0,235.5,blue,False,1477.0,1579.0,blue,False
2223,2223-TX-E02,1,True,10296,19595,19436,14549,230,219,red,206.8,241.4,blue,True,1530.0,1511.0,red,False
2223,2223-TX-E02,2,True,10296,19595,19436,14549,230,233,blue,206.8,241.4,blue,False,1530.0,1511.0,red,True
2223,2223-TX-E02,3,True,10296,19595,19436,14549,209,223,blue,206.8,241.4,blue,False,1530.0,1511.0,red,True
2223,2223-TX-E02,1,True,5865,9214,10296,19595,207,221,blue,214.0,206.8,red,True,1477.0,1530.0,blue,False
2223,2223-TX-E02,2,True,5865,9214,10296,19595,194,233,blue,214.0,206.8,red,True,1477.0,1530.0,blue,False
2223,2223-TX-E01,1,False,9249,11264,10264,17424,110,114,blue,96.3,105.2,blue,False,1439.0,1437.0,red,True
2223,2223-TX-E01,2,False,10264,21153,11311,1320,175,263,blue,186.3,257.5,blue,False,1511.0,1585.0,blue,False
2223,2223-TX-E01,3,False,10264,12099,19956,3076,134,204,blue,122.7,212.8,blue,False,1471.0,1535.0,blue,False
2223,2223-TX-E01,4,False,17424,5170,1320,19956,143,263,blue,149.5,245.7,blue,False,1453.0,1580.0,blue,False
2223,2223-TX-E01,5,False,4727,11311,17424,13625,226,131,red,220.8,161.5,red,False,1562.0,1466.0,red,False
2223,2223-TX-E01,6,False,7312,5541,18593,1220,174,148,red,179.3,142.6,red,False,1522.0,1508.0,red,False
2223,2223-TX-E01,7,False,18593,5170,1220,8055,179,233,blue,173.9,233.0,blue,False,1497.0,1495.0,red,True
2223,2223-TX-E01,8,False,3076,11264,18831,19956,175,128,red,152.8,166.5,blue,True,1468.0,1513.0,blue,True
2223,2223-TX-E01,9,False,11264,3200,5170,10264,148,128,red,160.8,156.8,red,False,1475.0,1477.0,blue,True
2223,2223-TX-E01,10,False,11264,5541,18637,21153,178,180,blue,171.7,201.6,blue,False,1477.0,1517.0,blue,False
2223,2223-TX-E01,11,False,15305,5541,13625,17424,180,144,red,186.8,161.5,red,False,1506.0,1466.0,red,False
2223,2223-TX-E01,12,False,5541,18637,19956,4727,182,203,blue,182.0,209.0,blue,False,1494.0,1557.0,blue,False
2223,2223-TX-E01,13,False,19899,11311,21891,1220,243,147,red,253.6,143.5,red,False,1573.0,1485.0,red,False
2223,2223-TX-E01,14,False,16684,8762,11264,10311,210,69,red,210.9,92.0,red,False,1498.0,1416.0,red,False
2223,2223-TX-E01,15,False,11264,9249,10264,13625,83,199,blue,96.3,168.8,blue,False,1439.0,1490.0,blue,False
2223,2223-TX-E01,16,False,18637,17424,21926,1320,143,197,blue,120.5,208.2,blue,False,1443.0,1537.0,blue,False
2223,2223-TX-E01,17,False,12177,5170,10311,21153,206,195,red,198.2,160.7,red,False,1491.0,1478.0,red,False
2223,2223-TX-E01,18,False,10264,3200,19956,18831,117,192,blue,155.7,166.5,blue,False,1487.0,1513.0,blue,False
2223,2223-TX-E01,19,False,11264,5170,19899,21153,170,249,blue,161.9,250.6,blue,False,1465.0,1562.0,blue,False
2223,2223-TX-E01,20,False,15305,3076,14186,10264,192,207,blue,167.9,186.0,blue,False,1497.0,1504.0,blue,False
2223,2223-TX-E01,21,False,17424,5170,21153,3200,172,281,blue,149.5,229.5,blue,False,1453.0,1537.0,blue,False
2223,2223-TX-E01,22,False,5170,18593,8762,10311,145,140,red,173.9,148.3,red,False,1497.0,1453.0,red,False
2223,2223-TX-E01,23,False,21926,23195,18593,13625,169,183,blue,185.7,185.9,blue,False,1506.0,1510.0,blue,False
2223,2223-TX-E01,24,False,12099,3076,15305,23195,152,188,blue,157.9,178.3,blue,False,1490.0,1511.0,blue,False
2223,2223-TX-E01,25,False,5170,8762,18831,4727,227,121,red,218.2,133.1,red,False,1502.0,1497.0,red,False
2223,2223-TX-E01,26,False,10311,12177,4727,23195,116,182,blue,128.4,189.8,blue,False,1442.0,1534.0,blue,False
2223,2223-TX-E01,27,False,21153,12099,17424,11264,191,109,red,196.4,110.2,red,False,1521.0,1425.0,red,False
2223,2223-TX-E01,28,False,19956,23195,18831,21926,238,143,red,223.2,129.0,red,False,1550.0,1470.0,red,False
2223,2223-TX-E01,29,False,21926,21891,1320,5170,166,237,blue,158.0,225.1,blue,False,1472.0,1540.0,blue,False
2223,2223-TX-E01,30,False,19956,19699,18831,18637,200,116,red,204.4,116.9,red,False,1527.0,1463.0,red,False
2223,2223-TX-E01,31,False,18831,19899,15305,17424,170,127,red,165.8,125.3,red,False,1508.0,1455.0,red,False
2223,2223-TX-E01,32,False,21926,5541,19699,16684,200,189,red,194.2,176.5,red,False,1501.0,1484.0,red,False
2223,2223-TX-E01,33,False,21891,16684,4727,13625,156,221,blue,167.6,200.3,blue,False,1471.0,1530.0,blue,False
2223,2223-TX-E01,34,False,1320,15305,10264,18593,164,127,red,200.8,129.6,red,False,1542.0,1481.0,red,False
2223,2223-TX-E01,35,False,3076,14186,18831,9249,195,88,red,221.3,80.3,red,False,1523.0,1446.0,red,False
2223,2223-TX-E01,36,False,15305,19899,8762,21153,205,224,blue,196.9,247.6,blue,False,1530.0,1536.0,blue,False
2223,2223-TX-E01,37,False,14186,7312,10264,10311,204,97,red,198.7,87.0,red,False,1538.0,1428.0,red,False
2223,2223-TX-E01,38,False,1320,1220,12177,10311,207,133,red,193.7,128.4,red,False,1551.0,1442.0,red,False
2223,2223-TX-E01,39,False,9249,19699,21153,1220,110,177,blue,118.2,199.2,blue,False,1461.0,1537.0,blue,False
2223,2223-TX-E01,40,False,3076,10311,8762,18593,117,215,blue,122.2,191.0,blue,False,1446.0,1506.0,blue,False
2223,2223-TX-E01,1,True,11311,19899,21153,14186,268,260,red,253.6,259.8,blue,True,1573.0,1554.0,red,False
2223,2223-TX-E01,2,True,11311,19899,21153,14186,266,273,blue,253.6,259.8,blue,False,1573.0,1554.0,red,True
2223,2223-TX-E01,1,True,8762,8055,19956,23195,213,268,blue,281.4,223.2,red,True,1494.0,1550.0,blue,False
2223,2223-TX-E01,2,True,8762,8055,19956,23195,253,232,red,281.4,223.2,red,False,1494.0,1550.0,blue,True
2223,2223-TX-E01,1,True,11311,19899,8762,8055,241,223,red,253.6,281.4,blue,True,1573.0,1494.0,red,False
2223,2223-TX-E01,2,True,11311,19899,8762,8055,250,243,red,253.6,281.4,blue,True,1573.0,1494.0,red,False
2223,2223-TX-E01,3,True,11311,19899,8762,8055,259,235,red,253.6,281.4,blue,True,1573.0,1494.0,red,False
2223,2223-OK-OT,1,False,11572,5141,4155,7242,61,32,red,0.0,0.0,tie,False,1516.0,1484.0,red,False
2223,2223-OK-OT,1,False,7242,11572,4155,5141,89,107,blue,0.0,0.0,tie,False,1484.0,1516.0,blue,False
2223,2223-MN-MFVLM,1,False,19892,12045,11586,22110,6,3,red,46.4,11.0,red,False,1503.0,1462.0,red,False
2223,2223-MN-MFVLM,1,False,22110,16917,10466,16981,3,28,blue,15.2,22.1,blue,False,1468.0,1524.0,blue,False
2223,2223-MN-MFVLM,1,False,11586,15183,12045,16981,10,28,blue,15.2,57.7,blue,False,1487.0,1534.0,blue,False
2223,2223-MN-MFVLM,1,False,9536,10468,19892,16917,24,17,red,13.5,13.0,red,False,1516.0,1454.0,red,False
2223,2223-MN-MFVLM,1,False,10466,11586,9536,12045,5,18,blue,10.1,51.3,blue,False,1487.0,1558.0,blue,False
2223,2223-MN-MFVLM,1,False,15183,16981,19892,10468,22,12,red,27.2,8.6,red,False,1524.0,1461.0,red,False
2223,2223-MN-MFVLM,1,False,10468,16917,22110,12045,11,22,blue,12.1,48.6,blue,False,1461.0,1517.0,blue,False
2223,2223-MN-MFVLM,1,False,22110,16981,15183,9536,16,19,blue,23.0,20.7,red,True,1499.0,1548.0,blue,False
2223,2223-MN-MFVLM,1,False,10466,16917,11586,19892,12,6,red,14.3,8.8,red,False,1493.0,1448.0,red,False
2223,2223-MN-MFVLM,1,False,22110,15183,16917,11586,43,24,red,18.0,12.3,red,False,1506.0,1448.0,red,False
2223,2223-MN-MFVLM,1,False,19892,16981,10466,12045,28,34,blue,20.8,47.7,blue,False,1485.0,1541.0,blue,False
2223,2223-MN-MFVLM,1,False,9536,11586,10468,12045,23,17,red,13.7,45.5,blue,True,1503.0,1509.0,blue,True
2324,2324-AUS-WOQ,1,False,24404,23636,18359,23331,39,65,blue,72.7,95.3,blue,False,1565.0,1508.0,red,True
2324,2324-AUS-WOQ,1,False,18306,16188,24615,23875,21,15,red,45.3,39.7,red,False,1484.0,1412.0,red,False
2324,2324-AUS-WOQ,1,False,23369,18360,24961,11143,34,28,red,72.6,55.9,red,False,1478.0,1484.0,blue,True
2324,2324-AUS-WOQ,1,False,18362,18363,12554,24405,14,38,blue,65.6,46.5,red,True,1501.0,1567.0,blue,False
2324,2324-AUS-WOQ,1,False,24669,24615,23331,24766,6,84,blue,29.0,83.7,blue,False,1468.0,1555.0,blue,False
2324,2324-AUS-WOQ,1,False,18360,24961,18359,16188,42,11,red,26.9,30.5,blue,True,1459.0,1397.0,red,False
2324,2324-AUS-WOQ,1,False,24405,18363,11143,18306,21,30,blue,31.8,91.4,blue,False,1517.0,1528.0,blue,False
2324,2324-AUS-WOQ,1,False,12554,24669,24404,23875,32,8,red,45.0,33.2,red,False,1565.0,1425.0,red,False
2324,2324-AUS-WOQ,1,False,23636,23369,18362,24766,31,4,red,104.8,53.3,red,False,1569.0,1456.0,red,False
2324,2324-AUS-WOQ,1,False,23331,18363,18360,18359,87,30,red,96.0,47.6,red,False,1600.0,1416.0,red,False
2324,2324-AUS-WOQ,1,False,24961,23875,24405,24404,5,28,blue,19.7,23.9,blue,False,1410.0,1483.0,blue,False
2324,2324-AUS-WOQ,1,False,16188,23369,18306,24669,29,23,red,55.5,44.4,red,False,1459.0,1510.0,blue,True
2324,2324-AUS-WOQ,1,False,24615,11143,12554,23636,57,62,blue,75.9,95.2,blue,False,1486.0,1649.0,blue,False
2324,2324-AUS-WOQ,1,False,18362,18360,24766,23875,33,15,red,64.6,28.8,red,False,1460.0,1414.0,red,False
2324,2324-AUS-WOQ,1,False,16188,23331,23369,24405,56,15,red,78.0,56.1,red,False,1540.0,1487.0,red,False
2324,2324-AUS-WOQ,1,False,24669,23636,18363,24961,46,10,red,61.6,27.8,red,False,1564.0,1501.0,red,False
2324,2324-AUS-WOQ,1,False,24404,11143,24615,18362,48,16,red,69.4,64.2,red,False,1499.0,1455.0,red,False
2324,2324-AUS-WOQ,1,False,18359,24766,12554,18306,4,65,blue,36.2,78.0,blue,False,1412.0,1595.0,blue,False
2324,2324-AUS-WOQ,1,False,24669,24405,18360,23636,25,67,blue,12.9,79.6,blue,False,1482.0,1557.0,blue,False
2324,2324-AUS-WOQ,1,False,24615,23331,24961,18362,133,15,red,94.7,44.2,red,False,1554.0,1453.0,red,False
2324,2324-AUS-WOQ,1,False,23875,18359,23369,11143,31,72,blue,40.4,101.6,blue,False,1367.0,1503.0,blue,False
2324,2324-AUS-WOQ,1,False,24766,24404,18363,16188,46,58,blue,29.1,31.2,blue,False,1470.0,1489.0,blue,False
2324,2324-AUS-WOQ,1,False,12554,23331,18306,18360,96,22,red,110.7,62.4,red,False,1651.0,1503.0,red,False
2324,2324-AUS-WOQ,1,True,23331,12554,23369,18306,135,67,red,110.7,87.6,red,False,1651.0,1515.0,red,False
2324,2324-AUS-WOQ,1,True,23636,11143,16188,18360,36,31,red,108.6,30.3,red,False,1582.0,1447.0,red,False
2324,2324-AUS-WOQ,1,True,23331,12554,23369,18306,71,53,red,110.7,87.6,red,False,1651.0,1515.0,red,False
2324,2324-AUS-WOQ,1,True,23636,11143,16188,18360,77,26,red,108.6,30.3,red,False,1582.0,1447.0,red,False
2324,2324-AUS-WOQ,1,True,23331,12554,23636,11143,100,52,red,110.7,108.6,red,False,1651.0,1582.0,red,False
2324,2324-AUS-WOQ,1,True,23331,12554,23636,11143,60,123,blue,110.7,108.6,red,True,1651.0,1582.0,red,True
2324,2324-AUS-WOQ,1,True,23331,12554,23636,11143,105,74,red,110.7,108.6,red,False,1651.0,1582.0,red,False
2324,2324-TX-E04,1,False,3058,15093,4234,13338,191,221,blue,190.5,225.9,blue,False,1491.0,1525.0,blue,False
2324,2324-TX-E04,2,False,19695,12453,3058,24626,138,170,blue,135.7,174.8,blue,False,1471.0,1497.0,blue,False
2324,2324-TX-E04,3,False,9180,19695,15176,4892,200,193,red,177.0,189.6,blue,True,1504.0,1473.0,red,False
2324,2324-TX-E04,4,False,15093,15176,9111,11010,90,239,blue,91.8,231.3,blue,False,1441.0,1522.0,blue,False
2324,2324-TX-E04,5,False,13338,17646,15967,9111,187,127,red,196.4,139.1,red,False,1495.0,1494.0,red,False
2324,2324-TX-E04,6,False,5790,9180,3726,15176,129,112,red,128.3,108.6,red,False,1503.0,1452.0,red,False
2324,2324-TX-E04,7,False,14564,15967,5550,24626,183,154,red,162.7,146.1,red,False,1570.0,1510.0,red,False
2324,2324-TX-E04,8,False,5204,9984,18877,5550,166,257,blue,178.9,234.1,blue,False,1474.0,1520.0,blue,False
2324,2324-TX-E04,9,False,14564,1656,24626,13338,208,132,red,207.2,113.8,red,False,1580.0,1477.0,red,False
2324,2324-TX-E04,10,False,5790,4234,17646,12453,175,191,blue,175.6,181.1,blue,False,1514.0,1474.0,red,True
2324,2324-TX-E04,11,False,5790,12453,14564,18877,87,234,blue,87.1,239.3,blue,False,1470.0,1563.0,blue,False
2324,2324-TX-E04,12,False,4234,14564,4892,1656,291,256,red,263.4,244.1,red,False,1602.0,1504.0,red,False
2324,2324-TX-E04,13,False,11010,14564,3726,18877,243,197,red,254.9,195.2,red,False,1598.0,1466.0,red,False
2324,2324-TX-E04,14,False,15093,15938,15176,3058,177,186,blue,182.2,176.3,red,True,1444.0,1493.0,blue,False
2324,2324-TX-E04,15,False,14564,15093,15967,24626,193,78,red,166.9,86.2,red,False,1547.0,1469.0,red,False
2324,2324-TX-E04,16,False,14564,15489,12453,15176,219,84,red,227.4,99.9,red,False,1592.0,1451.0,red,False
2324,2324-TX-E04,17,False,24626,3726,15489,18877,94,234,blue,107.2,238.9,blue,False,1456.0,1500.0,blue,False
2324,2324-TX-E04,18,False,19695,4892,18877,5204,237,233,red,225.5,228.7,blue,True,1493.0,1459.0,red,False
2324,2324-TX-E04,19,False,15489,17646,9111,4892,239,244,blue,233.6,241.1,blue,False,1509.0,1503.0,red,True
2324,2324-TX-E04,20,False,4892,14564,3726,15176,271,105,red,264.8,108.6,red,False,1579.0,1452.0,red,False
2324,2324-TX-E04,21,False,15176,11010,15489,9984,184,201,blue,179.8,189.2,blue,False,1492.0,1515.0,blue,False
2324,2324-TX-E04,22,False,18877,13338,14564,4892,182,239,blue,201.8,264.8,blue,False,1487.0,1579.0,blue,False
2324,2324-TX-E04,23,False,5204,9111,14564,5550,195,199,blue,193.5,222.6,blue,False,1475.0,1611.0,blue,False
2324,2324-TX-E04,24,False,15938,5204,9180,4234,251,237,red,232.5,251.9,blue,True,1447.0,1537.0,blue,True
2324,2324-TX-E04,25,False,17646,14564,23347,12453,227,102,red,233.9,102.0,red,False,1572.0,1473.0,red,False
2324,2324-TX-E04,26,False,3058,3726,13338,1656,219,162,red,207.3,169.7,red,False,1502.0,1504.0,blue,True
2324,2324-TX-E04,27,False,15938,15093,15489,9180,169,206,blue,182.2,215.9,blue,False,1444.0,1527.0,blue,False
2324,2324-TX-E04,28,False,19695,3058,1656,4892,195,239,blue,212.1,244.1,blue,False,1513.0,1504.0,red,True
2324,2324-TX-E04,29,False,12453,13338,5204,15093,161,150,red,137.5,156.3,blue,True,1481.0,1443.0,red,False
2324,2324-TX-E04,30,False,5550,4234,4892,5204,251,249,red,258.2,254.1,red,False,1558.0,1475.0,red,False
2324,2324-TX-E04,31,False,15489,15176,19695,12453,152,116,red,152.3,135.7,red,False,1486.0,1471.0,red,False
2324,2324-TX-E04,1,True,4892,18877,4234,5550,242,275,blue,276.2,258.2,red,True,1487.0,1558.0,blue,False
2324,2324-TX-E04,2,True,4892,18877,4234,5550,276,285,blue,276.2,258.2,red,True,1487.0,1558.0,blue,False
2324,2324-TX-E04,3,True,4892,18877,4234,5550,252,256,blue,276.2,258.2,red,True,1487.0,1558.0,blue,False
2324,2324-TX-E04,1,True,15938,17646,3058,11010,237,250,blue,249.3,278.5,blue,False,1468.0,1542.0,blue,False
2324,2324-TX-E04,2,True,15938,17646,3058,11010,269,280,blue,249.3,278.5,blue,False,1468.0,1542.0,blue,False
2324,2324-TX-E04,1,True,4892,18877,15938,17646,287,279,red,276.2,249.3,red,False,1487.0,1468.0,red,False
2324,2324-TX-E04,2,True,4892,18877,15938,17646,277,245,red,276.2,249.3,red,False,1487.0,1468.0,red,False
2324,2324-TX-E04,3,True,4892,18877,15938,17646,249,271,blue,276.2,249.3,red,True,1487.0,1468.0,red,True
2324,2324-TX-E03,1,False,23567,22125,3170,21946,203,169,red,230.4,210.1,red,False,1499.0,1534.0,blue,True
2324,2324-TX-E03,2,False,8380,23567,11579,6266,212,181,red,179.6,181.4,blue,True,1484.0,1500.0,blue,True
2324,2324-TX-E03,3,False,19074,21946,22125,3170,169,278,blue,162.1,254.6,blue,False,1473.0,1561.0,blue,False
2324,2324-TX-E03,4,False,3170,22125,20245,19074,252,169,red,254.6,165.3,red,False,1561.0,1485.0,red,False
2324,2324-TX-E03,5,False,1189,2539,22125,13159,265,244,red,263.0,225.0,red,False,1534.0,1515.0,red,False
2324,2324-TX-E03,6,False,19074,11579,2539,21946,209,173,red,222.3,180.2,red,False,1501.0,1512.0,blue,True
2324,2324-TX-E03,7,False,2539,13159,10425,18255,229,214,red,233.9,184.6,red,False,1542.0,1430.0,red,False
2324,2324-TX-E03,8,False,3170,22125,21946,18255,260,193,red,254.6,185.8,red,False,1561.0,1446.0,red,False
2324,2324-TX-E03,9,False,10425,3170,1189,2539,225,283,blue,209.0,263.0,blue,False,1517.0,1534.0,blue,False
2324,2324-TX-E03,10,False,1189,8380,19074,3170,195,248,blue,203.3,245.3,blue,False,1493.0,1549.0,blue,False
2324,2324-TX-E03,11,False,10425,18255,21946,3170,190,218,blue,184.6,210.1,blue,False,1430.0,1534.0,blue,False
2324,2324-TX-E03,12,False,22125,21946,3170,2539,170,253,blue,171.3,263.4,blue,False,1485.0,1587.0,blue,False
2324,2324-TX-E03,13,False,23567,6266,20245,3170,180,212,blue,180.2,213.4,blue,False,1485.0,1546.0,blue,False
2324,2324-TX-E03,14,False,18255,13159,11016,1189,228,218,red,239.4,231.7,red,False,1476.0,1519.0,blue,True
2324,2324-TX-E03,15,False,10425,22125,13159,23567,150,237,blue,170.2,239.6,blue,False,1469.0,1501.0,blue,False
2324,2324-TX-E03,16,False,6266,2539,22125,8380,175,141,red,174.4,165.0,red,False,1526.0,1498.0,red,False
2324,2324-TX-E03,17,False,20245,23567,22125,21946,187,199,blue,189.2,171.3,red,True,1484.0,1485.0,blue,False
2324,2324-TX-E03,18,False,18255,10425,11016,11579,154,223,blue,184.6,209.3,blue,False,1430.0,1526.0,blue,False
2324,2324-TX-E03,1,True,3170,11016,23567,18255,258,247,red,232.2,244.8,blue,True,1573.0,1459.0,red,False
2324,2324-TX-E03,2,True,3170,11016,23567,18255,246,229,red,232.2,244.8,blue,True,1573.0,1459.0,red,False
2324,2324-TX-E03,1,True,1189,2539,13159,19074,243,261,blue,263.0,215.7,red,True,1534.0,1503.0,red,True
2324,2324-TX-E03,2,True,1189,2539,13159,19074,270,252,red,263.0,215.7,red,False,1534.0,1503.0,red,False
2324,2324-TX-E03,3,True,1189,2539,13159,19074,256,252,red,263.0,215.7,red,False,1534.0,1503.0,red,False
2324,2324-TX-E03,1,True,3170,11016,1189,2539,271,242,red,232.2,263.0,blue,True,1573.0,1534.0,red,False
2324,2324-TX-E03,2,True,3170,11016,1189,2539,234,267,blue,232.2,263.0,blue,False,1573.0,1534.0,red,True
2324,2324-TX-E03,3,True,3170,11016,1189,2539,260,255,red,232.2,263.0,blue,True,1573.0,1534.0,red,False
2324,2324-TX-E02,1,False,17073,7359,16202,6382,133,229,blue,102.7,223.9,blue,False,1468.0,1481.0,blue,False
2324,2324-TX-E02,2,False,8925,5233,11889,21877,133,196,blue,140.5,177.3,blue,False,1492.0,1502.0,blue,False
2324,2324-TX-E02,3,False,15317,6382,14804,5252,158,205,blue,179.3,221.2,blue,False,1465.0,1547.0,blue,False
2324,2324-TX-E02,4,False,5233,7359,16202,11144,171,169,red,163.9,156.6,red,False,1471.0,1453.0,red,False
2324,2324-TX-E02,5,False,8925,24605,18968,5252,118,221,blue,90.2,214.4,blue,False,1460.0,1526.0,blue,False
2324,2324-TX-E02,6,False,11144,11889,15579,7359,104,168,blue,137.2,168.6,blue,False,1458.0,1484.0,blue,False
2324,2324-TX-E02,7,False,16202,7359,5745,5252,151,231,blue,180.3,216.8,blue,False,1466.0,1501.0,blue,False
2324,2324-TX-E02,8,False,21877,14804,11144,5745,246,165,red,221.1,176.5,red,False,1532.0,1443.0,red,False
2324,2324-TX-E02,9,False,16202,11889,15317,24605,203,89,red,197.5,105.6,red,False,1497.0,1448.0,red,False
2324,2324-TX-E02,10,False,6975,20292,15317,1634,156,192,blue,168.4,196.4,blue,False,1508.0,1494.0,red,True
2324,2324-TX-E02,11,False,14804,8925,15317,5233,182,180,red,181.2,155.9,red,False,1523.0,1480.0,red,False
2324,2324-TX-E02,12,False,18968,1634,5233,6590,287,208,red,258.6,222.1,red,False,1526.0,1526.0,red,False
2324,2324-TX-E02,13,False,7359,11144,12961,8925,144,161,blue,120.0,114.4,red,True,1427.0,1514.0,blue,False
2324,2324-TX-E02,14,False,11889,5233,6847,7359,170,98,red,181.1,110.7,red,False,1502.0,1453.0,red,False
2324,2324-TX-E02,15,False,18968,14804,9843,1634,241,133,red,258.8,139.6,red,False,1543.0,1491.0,red,False
2324,2324-TX-E02,16,False,15579,17330,21788,7359,213,156,red,222.5,156.0,red,False,1570.0,1505.0,red,False
2324,2324-TX-E02,17,False,9843,6590,5252,11144,158,131,red,137.0,136.6,red,False,1501.0,1472.0,red,False
2324,2324-TX-E02,18,False,5745,6316,7359,6382,186,196,blue,191.2,187.3,red,True,1471.0,1455.0,red,True
2324,2324-TX-E02,19,False,6382,6847,20292,16202,167,227,blue,154.3,210.3,blue,False,1469.0,1513.0,blue,False
2324,2324-TX-E02,20,False,11144,15317,12961,14804,124,242,blue,112.0,198.7,blue,False,1436.0,1555.0,blue,False
2324,2324-TX-E02,21,False,7359,17330,20292,6590,168,212,blue,197.6,231.8,blue,False,1525.0,1542.0,blue,False
2324,2324-TX-E02,22,False,18968,15579,17073,6382,233,141,red,222.7,146.2,red,False,1526.0,1483.0,red,False
2324,2324-TX-E02,23,False,9843,11889,6590,20292,114,221,blue,96.1,231.8,blue,False,1477.0,1542.0,blue,False
2324,2324-TX-E02,24,False,21877,9843,6590,16202,56,227,blue,95.3,238.4,blue,False,1477.0,1520.0,blue,False
2324,2324-TX-E02,25,False,15579,6975,15317,12961,163,194,blue,163.3,129.8,red,True,1505.0,1502.0,red,True
2324,2324-TX-E02,26,False,9843,6590,14804,6316,144,212,blue,137.0,195.6,blue,False,1501.0,1516.0,blue,False
2324,2324-TX-E02,27,False,11889,7359,17330,6975,162,205,blue,160.9,192.3,blue,False,1471.0,1546.0,blue,False
2324,2324-TX-E02,28,False,18968,17073,6316,24605,137,108,red,156.8,104.6,red,False,1509.0,1453.0,red,False
2324,2324-TX-E02,29,False,6316,24605,1634,17073,90,146,blue,104.6,163.4,blue,False,1453.0,1513.0,blue,False
2324,2324-TX-E02,30,False,21877,11144,17073,6590,131,189,blue,136.4,160.8,blue,False,1458.0,1523.0,blue,False
2324,2324-TX-E02,31,False,5745,5233,17073,8925,222,63,red,220.5,79.2,red,False,1487.0,1489.0,blue,True
2324,2324-TX-E02,32,False,15317,18968,20292,17330,182,254,blue,189.8,227.6,blue,False,1490.0,1572.0,blue,False
2324,2324-TX-E02,1,True,14804,5745,20292,6382,251,248,red,261.2,217.3,red,False,1518.0,1503.0,red,False
2324,2324-TX-E02,2,True,14804,5745,20292,6382,271,255,red,261.2,217.3,red,False,1518.0,1503.0,red,False
2324,2324-TX-E02,3,True,14804,5745,20292,6382,233,260,blue,261.2,217.3,red,True,1518.0,1503.0,red,True
2324,2324-TX-E02,1,True,17330,21788,18968,16202,270,241,red,209.9,234.4,blue,True,1590.0,1507.0,red,False
2324,2324-TX-E02,2,True,17330,21788,18968,16202,258,249,red,209.9,234.4,blue,True,1590.0,1507.0,red,False
2324,2324-TX-E02,3,True,17330,21788,18968,16202,245,243,red,209.9,234.4,blue,True,1590.0,1507.0,red,False
2324,2324-TX-E02,1,True,14804,5745,17330,21788,243,247,blue,261.2,209.9,red,True,1518.0,1590.0,blue,False
2324,2324-TX-E02,2,True,14804,5745,17330,21788,247,268,blue,261.2,209.9,red,True,1518.0,1590.0,blue,False
2324,2324-TX-E02,3,True,14804,5745,17330,21788,254,271,blue,261.2,209.9,red,True,1518.0,1590.0,blue,False
2324,2324-AUS-ADQ,1,False,15215,19377,15210,18003,22,41,blue,52.5,96.4,blue,False,1433.0,1611.0,blue,False
2324,2324-AUS-ADQ,1,False,21531,22116,23686,22407,87,18,red,89.4,44.5,red,False,1578.0,1550.0,red,False
2324,2324-AUS-ADQ,1,False,24736,18611,22407,15216,18,29,blue,30.1,41.6,blue,False,1426.0,1468.0,blue,False
2324,2324-AUS-ADQ,1,False,22116,23686,18003,18611,69,19,red,78.4,52.4,red,False,1601.0,1499.0,red,False
2324,2324-AUS-ADQ,1,False,21531,15216,19377,15210,20,37,blue,41.5,74.6,blue,False,1442.0,1489.0,blue,False
2324,2324-AUS-ADQ,1,False,15215,15210,22116,24736,23,87,blue,76.7,86.5,blue,False,1496.0,1588.0,blue,False
2324,2324-AUS-ADQ,1,False,18611,19377,24736,23686,22,36,blue,30.6,41.5,blue,False,1378.0,1535.0,blue,False
2324,2324-AUS-ADQ,1,False,15215,18003,21531,22407,65,29,red,74.3,55.5,red,False,1554.0,1527.0,red,False
2324,2324-AUS-ADQ,1,False,15210,15216,23686,15215,31,35,blue,63.2,44.1,red,True,1468.0,1494.0,blue,False
2324,2324-AUS-ADQ,1,False,22407,22116,15216,19377,67,19,red,89.5,39.0,red,False,1603.0,1404.0,red,False
2324,2324-AUS-ADQ,1,False,24736,18003,18611,21531,46,21,red,71.8,33.1,red,False,1595.0,1416.0,red,False
2324,2324-AUS-ADQ,1,False,22407,18003,15210,23686,58,34,red,74.8,66.1,red,False,1611.0,1550.0,red,False
2324,2324-AUS-ADQ,1,False,21531,24736,15216,22116,80,78,red,52.5,75.5,blue,True,1511.0,1518.0,blue,True
2324,2324-AUS-ADQ,1,False,18611,15215,19377,21531,43,53,blue,32.7,52.9,blue,False,1385.0,1464.0,blue,False
2324,2324-AUS-ADQ,1,False,18003,19377,15216,24736,99,25,red,72.2,38.6,red,False,1547.0,1452.0,red,False
2324,2324-AUS-ADQ,1,False,15210,22407,18611,22116,56,36,red,77.2,67.1,red,False,1553.0,1492.0,red,False
2324,2324-AUS-ADQ,1,False,18611,23686,24736,15215,34,24,red,22.1,52.1,blue,True,1439.0,1480.0,blue,True
2324,2324-AUS-ADQ,1,True,18003,22116,24736,19377,80,46,red,108.7,50.0,red,False,1661.0,1474.0,red,False
2324,2324-AUS-ADQ,1,True,23686,15215,22407,21531,75,20,red,44.1,55.5,blue,True,1494.0,1527.0,blue,True
2324,2324-AUS-ADQ,1,True,18003,22116,24736,19377,57,63,blue,108.7,50.0,red,True,1661.0,1474.0,red,True
2324,2324-AUS-ADQ,1,True,23686,15215,22407,21531,30,47,blue,44.1,55.5,blue,False,1494.0,1527.0,blue,False
2324,2324-AUS-ADQ,1,True,18003,22116,24736,19377,87,29,red,108.7,50.0,red,False,1661.0,1474.0,red,False
2324,2324-AUS-ADQ,1,True,23686,15215,22407,21531,51,52,blue,44.1,55.5,blue,False,1494.0,1527.0,blue,False
2324,2324-AUS-ADQ,1,True,18003,22116,22407,21531,90,51,red,108.7,55.5,red,False,1661.0,1527.0,red,False
2324,2324-AUS-ADQ,1,True,18003,22116,22407,21531,72,59,red,108.7,55.5,red,False,1661.0,1527.0,red,False
2324,2324-TX-E01,1,False,18439,20493,8883,22443,167,84,red,123.9,76.3,red,False,1514.0,1455.0,red,False
2324,2324-TX-E01,2,False,8381,20886,6129,18816,193,87,red,200.0,98.8,red,False,1515.0,1488.0,red,False
2324,2324-TX-E01,3,False,21741,18816,7238,8381,153,127,red,158.6,141.2,red,False,1494.0,1470.0,red,False
2324,2324-TX-E01,4,False,8381,22083,14122,22406,222,290,blue,207.5,286.8,blue,False,1497.0,1566.0,blue,False
2324,2324-TX-E01,5,False,8883,9266,8381,22443,162,145,red,158.9,135.2,red,False,1542.0,1441.0,red,False
2324,2324-TX-E01,6,False,20886,9266,18816,5040,268,66,red,248.8,64.1,red,False,1573.0,1437.0,red,False
2324,2324-TX-E01,7,False,8883,6930,21741,4541,41,249,blue,46.2,264.1,blue,False,1454.0,1541.0,blue,False
2324,2324-TX-E01,8,False,10302,8883,9859,8479,152,149,red,146.3,151.0,blue,True,1546.0,1484.0,red,False
2324,2324-TX-E01,9,False,5692,20886,7238,22443,198,110,red,178.1,107.5,red,False,1538.0,1442.0,red,False
2324,2324-TX-E01,10,False,17265,9859,20493,16759,186,141,red,171.9,152.3,red,False,1500.0,1467.0,red,False
2324,2324-TX-E01,11,False,7238,5040,6930,8479,87,69,red,96.7,82.1,red,False,1429.0,1438.0,blue,True
2324,2324-TX-E01,12,False,18816,22406,15101,16759,160,98,red,170.3,113.7,red,False,1542.0,1463.0,red,False
2324,2324-TX-E01,13,False,17470,9266,20886,8479,236,176,red,247.1,176.9,red,False,1531.0,1513.0,red,False
2324,2324-TX-E01,14,False,8381,20493,8479,4541,181,207,blue,181.9,191.1,blue,False,1489.0,1523.0,blue,False
2324,2324-TX-E01,15,False,17470,6129,9266,22083,221,255,blue,188.4,256.3,blue,False,1482.0,1555.0,blue,False
2324,2324-TX-E01,16,False,21741,20493,5040,6129,253,98,red,231.9,114.6,red,False,1505.0,1438.0,red,False
2324,2324-TX-E01,17,False,22406,9859,7238,18816,254,100,red,235.8,80.9,red,False,1550.0,1478.0,red,False
2324,2324-TX-E01,18,False,9859,6930,14122,6129,98,212,blue,110.2,215.2,blue,False,1456.0,1511.0,blue,False
2324,2324-TX-E01,19,False,20493,22443,17470,5692,138,158,blue,148.2,176.5,blue,False,1460.0,1495.0,blue,False
2324,2324-TX-E01,20,False,17265,5040,20493,4541,108,229,blue,122.3,227.1,blue,False,1443.0,1543.0,blue,False
2324,2324-TX-E01,21,False,22443,5692,18816,4541,112,151,blue,113.4,153.8,blue,False,1464.0,1532.0,blue,False
2324,2324-TX-E01,22,False,8381,6930,17265,18816,103,86,red,105.1,106.4,blue,True,1440.0,1492.0,blue,True
2324,2324-TX-E01,23,False,20493,15101,21741,6930,172,166,red,156.3,155.1,red,False,1504.0,1456.0,red,False
2324,2324-TX-E01,24,False,20886,7238,9266,9859,179,213,blue,172.2,222.9,blue,False,1515.0,1544.0,blue,False
2324,2324-TX-E01,25,False,9859,22443,10302,7238,132,189,blue,140.3,177.5,blue,False,1457.0,1532.0,blue,False
2324,2324-TX-E01,26,False,5040,18816,20886,20493,127,171,blue,64.1,212.9,blue,False,1437.0,1534.0,blue,False
2324,2324-TX-E01,27,False,21741,17470,20493,6930,237,135,red,248.3,118.1,red,False,1489.0,1459.0,red,False
2324,2324-TX-E01,28,False,6930,16759,22406,22083,89,256,blue,75.5,269.2,blue,False,1418.0,1561.0,blue,False
2324,2324-TX-E01,29,False,17470,16759,22406,17265,177,254,blue,168.7,228.5,blue,False,1450.0,1548.0,blue,False
2324,2324-TX-E01,30,False,22406,18816,18439,6930,147,73,red,170.3,47.1,red,False,1542.0,1466.0,red,False
2324,2324-TX-E01,31,False,16759,10302,20886,6129,192,194,blue,175.6,190.1,blue,False,1510.0,1524.0,blue,False
2324,2324-TX-E01,1,True,22406,22083,21741,17470,272,256,red,269.2,248.3,red,False,1561.0,1489.0,red,False
2324,2324-TX-E01,2,True,22406,22083,21741,17470,272,230,red,269.2,248.3,red,False,1561.0,1489.0,red,False
2324,2324-TX-E01,3,True,22406,22083,21741,17470,266,229,red,269.2,248.3,red,False,1561.0,1489.0,red,False
2324,2324-TX-E01,1,True,4541,20886,9266,10302,244,259,blue,245.1,254.1,blue,False,1569.0,1590.0,blue,False
2324,2324-TX-E01,2,True,4541,20886,9266,10302,253,243,red,245.1,254.1,blue,True,1569.0,1590.0,blue,True
2324,2324-TX-E01,3,True,4541,20886,9266,10302,245,254,blue,245.1,254.1,blue,False,1569.0,1590.0,blue,False
2324,2324-TX-E01,1,True,22406,22083,4541,20886,237,248,blue,269.2,245.1,red,True,1561.0,1569.0,blue,False
2324,2324-TX-E01,2,True,22406,22083,4541,20886,258,258,blue,269.2,245.1,red,True,1561.0,1569.0,blue,False
2324,2324-AUS-BRQ,1,False,19451,11324,24089,19480,67,28,red,48.9,41.1,red,False,1486.0,1461.0,red,False
2324,2324-AUS-BRQ,1,False,23173,11323,24528,14380,15,120,blue,51.3,92.6,blue,False,1395.0,1654.0,blue,False
2324,2324-AUS-BRQ,1,False,16492,19450,11506,17556,53,71,blue,66.8,60.3,red,True,1486.0,1540.0,blue,False
2324,2324-AUS-BRQ,1,False,16637,21511,15145,19636,78,76,red,56.4,68.3,blue,True,1541.0,1477.0,red,False
2324,2324-AUS-BRQ,1,False,11325,14579,23335,11505,51,48,red,64.4,48.2,red,False,1599.0,1426.0,red,False
2324,2324-AUS-BRQ,1,False,23332,23334,13626,12993,34,38,blue,32.2,116.0,blue,False,1397.0,1611.0,blue,False
2324,2324-AUS-BRQ,1,False,14340,11322,23065,17101,10,44,blue,23.1,48.0,blue,False,1509.0,1534.0,blue,False
2324,2324-AUS-BRQ,1,False,16337,23454,11323,13710,36,39,blue,35.7,37.1,blue,False,1422.0,1393.0,red,True
2324,2324-AUS-BRQ,1,False,14380,19480,14466,17556,129,75,red,112.6,74.1,red,False,1640.0,1592.0,red,False
2324,2324-AUS-BRQ,1,False,19450,15145,19560,11325,47,56,blue,77.2,69.8,red,True,1499.0,1516.0,blue,False
2324,2324-AUS-BRQ,1,False,24089,11506,23173,23335,13,40,blue,14.1,57.2,blue,False,1423.0,1417.0,red,True
2324,2324-AUS-BRQ,1,False,11322,24528,11324,16492,48,26,red,41.8,47.3,blue,True,1524.0,1498.0,red,False
2324,2324-AUS-BRQ,1,False,17101,18439,12993,16637,32,28,red,57.3,101.5,blue,True,1521.0,1617.0,blue,True
2324,2324-AUS-BRQ,1,False,14579,23065,23454,23332,44,39,red,48.3,41.2,red,False,1568.0,1411.0,red,False
2324,2324-AUS-BRQ,1,False,21511,14340,16337,19451,36,34,red,41.1,34.7,red,False,1571.0,1420.0,red,False
2324,2324-AUS-BRQ,1,False,19636,11505,13710,13626,52,35,red,58.5,41.2,red,False,1457.0,1421.0,red,False
2324,2324-AUS-BRQ,1,False,11326,17556,11323,23334,91,40,red,79.5,35.3,red,False,1575.0,1385.0,red,False
2324,2324-AUS-BRQ,1,True,14380,11325,11322,17101,110,31,red,113.0,59.8,red,False,1704.0,1528.0,red,False
2324,2324-AUS-BRQ,1,True,17556,21511,19480,19450,116,40,red,101.5,77.8,red,False,1665.0,1496.0,red,False
2324,2324-AUS-BRQ,1,True,14380,11325,11322,17101,101,36,red,113.0,59.8,red,False,1704.0,1528.0,red,False
2324,2324-AUS-BRQ,1,True,17556,21511,19480,19450,113,35,red,101.5,77.8,red,False,1665.0,1496.0,red,False
2324,2324-AUS-BRQ,1,True,14380,11325,17556,21511,101,104,blue,113.0,101.5,red,True,1704.0,1665.0,red,True
2324,2324-AUS-BRQ,1,True,14380,11325,17556,21511,84,125,blue,113.0,101.5,red,True,1704.0,1665.0,red,True
2324,2324-BRA-CMP,1,False,21077,17729,22660,22708,97,115,blue,124.1,126.5,blue,False,1517.0,1554.0,blue,False
2324,2324-BRA-CMP,1,False,23560,21069,23500,16051,40,66,blue,35.9,75.6,blue,False,1471.0,1510.0,blue,False
2324,2324-BRA-CMP,1,False,16052,23072,22977,21222,20,72,blue,81.8,62.5,red,True,1526.0,1463.0,red,True
2324,2324-BRA-CMP,1,False,19191,17792,21036,23501,101,95,red,127.0,50.4,red,False,1522.0,1499.0,red,False
2324,2324-BRA-CMP,1,False,16043,23504,18613,16053,45,48,blue,53.6,55.2,blue,False,1452.0,1467.0,blue,False
2324,2324-BRA-CMP,1,False,23502,25135,24529,21342,9,119,blue,64.1,105.5,blue,False,1485.0,1524.0,blue,False
2324,2324-BRA-CMP,1,False,16055,17800,21178,24527,151,96,red,128.2,56.2,red,False,1530.0,1457.0,red,False
2324,2324-BRA-CMP,1,False,16050,16049,14391,16041,7,106,blue,48.0,85.8,blue,False,1463.0,1492.0,blue,False
2324,2324-BRA-CMP,1,False,17742,23061,19192,24993,74,26,red,73.6,53.6,red,False,1521.0,1463.0,red,False
2324,2324-BRA-CMP,1,False,16058,23073,23311,20858,28,56,blue,21.0,54.6,blue,False,1512.0,1510.0,red,True
2324,2324-BRA-CMP,1,False,16786,23060,19193,21083,136,101,red,141.1,126.5,red,False,1550.0,1553.0,blue,True
2324,2324-BRA-CMP,1,False,23069,23055,17730,16054,69,52,red,79.0,126.0,blue,True,1492.0,1517.0,blue,True
2324,2324-BRA-CMP,1,False,19188,17731,21085,17801,73,23,red,111.9,61.0,red,False,1608.0,1427.0,red,False
2324,2324-BRA-CMP,1,False,23059,17728,16062,19194,58,17,red,92.6,52.7,red,False,1618.0,1497.0,red,False
2324,2324-BRA-CMP,1,False,18613,16051,23072,22660,56,126,blue,55.0,85.9,blue,False,1481.0,1515.0,blue,False
2324,2324-BRA-CMP,1,False,23560,22708,16043,22977,71,40,red,90.1,48.1,red,False,1537.0,1441.0,red,False
2324,2324-BRA-CMP,1,False,16049,25135,21069,19191,138,54,red,96.5,101.5,blue,True,1493.0,1473.0,red,False
2324,2324-BRA-CMP,1,False,17800,16050,24529,16052,34,58,blue,28.0,130.2,blue,False,1454.0,1564.0,blue,False
2324,2324-BRA-CMP,1,False,17729,20858,23502,17792,77,103,blue,57.5,85.0,blue,False,1477.0,1507.0,blue,False
2324,2324-BRA-CMP,1,False,23311,24993,21178,19193,56,51,red,71.6,76.2,blue,True,1524.0,1480.0,red,False
2324,2324-BRA-CMP,1,False,14391,17742,21036,23073,82,95,blue,70.2,37.5,red,True,1534.0,1507.0,red,True
2324,2324-BRA-CMP,1,False,16058,23060,19192,23069,102,72,red,104.4,67.0,red,False,1543.0,1467.0,red,False
2324,2324-BRA-CMP,1,False,17801,16786,16054,17728,6,197,blue,111.6,188.3,blue,False,1503.0,1634.0,blue,False
2324,2324-BRA-CMP,1,False,23055,16041,19188,21083,71,116,blue,67.0,127.4,blue,False,1454.0,1554.0,blue,False
2324,2324-BRA-CMP,1,False,19194,21222,21077,23504,112,129,blue,52.2,103.8,blue,False,1446.0,1526.0,blue,False
2324,2324-BRA-CMP,1,False,17731,16053,17730,16062,134,18,red,100.5,75.5,red,False,1568.0,1496.0,red,False
2324,2324-BRA-CMP,1,False,23061,23059,21085,16055,94,90,red,57.2,124.0,blue,True,1544.0,1488.0,red,False
2324,2324-BRA-CMP,1,False,22977,19191,24527,24529,99,121,blue,85.9,117.7,blue,False,1503.0,1525.0,blue,False
2324,2324-BRA-CMP,1,False,16043,23500,25135,16050,71,23,red,74.2,29.5,red,False,1462.0,1454.0,red,False
2324,2324-BRA-CMP,1,False,23311,17729,17800,18613,69,12,red,86.4,61.8,red,False,1529.0,1480.0,red,False
2324,2324-BRA-CMP,1,False,17792,23072,17742,22708,59,119,blue,107.8,104.0,red,True,1506.0,1531.0,blue,False
2324,2324-BRA-CMP,1,False,23560,21036,20858,21342,114,31,red,65.3,22.0,red,False,1521.0,1473.0,red,False
2324,2324-BRA-CMP,1,False,16052,17728,21069,16058,139,89,red,127.4,81.6,red,False,1629.0,1485.0,red,False
2324,2324-BRA-CMP,1,False,16054,19188,21178,23073,57,50,red,137.1,8.5,red,False,1559.0,1454.0,red,False
2324,2324-BRA-CMP,1,False,21083,22660,19194,16049,90,5,red,123.0,66.0,red,False,1557.0,1480.0,red,False
2324,2324-BRA-CMP,1,False,19192,17730,23504,16051,25,37,blue,55.0,55.0,blue,False,1448.0,1501.0,blue,False
2324,2324-BRA-CMP,1,False,21077,19193,21085,23055,105,75,red,120.9,69.2,red,False,1538.0,1446.0,red,False
2324,2324-BRA-CMP,1,False,17801,16053,21222,23059,35,101,blue,58.5,42.8,red,True,1455.0,1490.0,blue,False
2324,2324-BRA-CMP,1,False,23502,24993,23060,14391,92,139,blue,55.0,111.7,blue,False,1485.0,1558.0,blue,False
2324,2324-BRA-CMP,1,False,17731,23061,16041,23069,89,78,red,127.6,74.4,red,False,1609.0,1454.0,red,False
2324,2324-BRA-CMP,1,False,23501,16062,16786,16055,25,202,blue,30.9,174.6,blue,False,1503.0,1564.0,blue,False
2324,2324-BRA-CMP,1,False,24527,16043,17742,23311,27,102,blue,50.8,57.3,blue,False,1440.0,1531.0,blue,False
2324,2324-BRA-CMP,1,False,24529,22708,21069,21036,215,134,red,184.8,98.1,red,False,1561.0,1479.0,red,False
2324,2324-BRA-CMP,1,False,19192,21342,17792,16052,20,126,blue,32.9,93.7,blue,False,1464.0,1548.0,blue,False
2324,2324-AUS-SYQ,1,False,24963,19296,23300,15144,4,2,red,33.3,18.8,red,False,1493.0,1493.0,tie,False
2324,2324-AUS-SYQ,1,False,11145,23636,12554,18363,69,43,red,68.0,63.9,red,False,1549.0,1600.0,blue,True
2324,2324-AUS-SYQ,1,False,18359,19584,14339,21657,51,3,red,30.7,18.5,red,False,1429.0,1422.0,red,False
2324,2324-AUS-SYQ,1,False,19457,21472,18360,23331,10,66,blue,36.2,95.1,blue,False,1465.0,1558.0,blue,False
2324,2324-AUS-SYQ,1,False,19341,11146,11148,11147,51,38,red,97.0,120.7,blue,True,1637.0,1561.0,red,False
2324,2324-AUS-SYQ,1,False,18362,23875,19218,21035,39,116,blue,57.5,64.9,blue,False,1411.0,1494.0,blue,False
2324,2324-AUS-SYQ,1,False,23636,24963,11145,19584,92,29,red,70.3,18.9,red,False,1578.0,1471.0,red,False
2324,2324-AUS-SYQ,1,False,18360,21657,12554,23300,42,53,blue,32.1,24.2,red,True,1429.0,1556.0,blue,False
2324,2324-AUS-SYQ,1,False,19457,11146,18363,14339,43,17,red,76.1,34.7,red,False,1602.0,1500.0,red,False
2324,2324-AUS-SYQ,1,False,23875,23331,19296,11147,134,86,red,87.9,65.7,red,False,1509.0,1489.0,red,False
2324,2324-AUS-SYQ,1,False,18362,18359,19341,15144,32,66,blue,64.9,75.3,blue,False,1409.0,1545.0,blue,False
2324,2324-AUS-SYQ,1,False,11148,19218,21035,21472,153,27,red,120.1,34.4,red,False,1562.0,1461.0,red,False
2324,2324-AUS-SYQ,1,False,21657,24963,11146,18360,42,54,blue,22.8,79.2,blue,False,1450.0,1587.0,blue,False
2324,2324-AUS-SYQ,1,False,18359,12554,19296,18362,102,71,red,63.2,59.9,red,False,1508.0,1466.0,red,False
2324,2324-AUS-SYQ,1,False,19341,11145,23331,21035,65,58,red,53.6,90.1,blue,True,1507.0,1569.0,blue,True
2324,2324-AUS-SYQ,1,False,19218,18363,11148,19584,86,50,red,70.8,80.7,blue,True,1525.0,1558.0,blue,True
2324,2324-AUS-SYQ,1,False,15144,14339,23636,21472,116,105,red,44.0,71.6,blue,True,1487.0,1542.0,blue,True
2324,2324-AUS-SYQ,1,False,19457,11147,21657,18362,38,53,blue,67.2,49.4,red,True,1496.0,1423.0,red,True
2324,2324-AUS-SYQ,1,False,11146,11145,23875,18359,69,56,red,67.6,40.4,red,False,1579.0,1367.0,red,False
2324,2324-AUS-SYQ,1,False,21035,18360,19296,18363,32,68,blue,42.4,43.5,blue,False,1477.0,1514.0,blue,False
2324,2324-AUS-SYQ,1,False,23300,21472,19584,19341,25,40,blue,0.6,48.3,blue,False,1449.0,1529.0,blue,False
2324,2324-AUS-SYQ,1,False,14339,12554,24963,11148,38,48,blue,49.4,88.3,blue,False,1550.0,1565.0,blue,False
2324,2324-AUS-SYQ,1,False,15144,23636,23331,19218,90,65,red,89.8,117.6,blue,True,1586.0,1576.0,red,False
2324,2324-AUS-SYQ,1,False,19296,11146,11145,19457,86,33,red,74.5,32.6,red,False,1594.0,1472.0,red,False
2324,2324-AUS-SYQ,1,False,18363,21472,23875,21657,88,21,red,40.3,24.9,red,False,1492.0,1380.0,red,False
2324,2324-AUS-SYQ,1,False,11147,21035,18359,24963,31,18,red,65.4,38.3,red,False,1493.0,1436.0,red,False
2324,2324-AUS-SYQ,1,False,12554,19584,15144,23331,37,104,blue,46.1,105.2,blue,False,1572.0,1588.0,blue,False
2324,2324-AUS-SYQ,1,False,14339,18360,19218,19341,21,114,blue,33.8,87.7,blue,False,1458.0,1533.0,blue,False
2324,2324-AUS-SYQ,1,False,23300,11148,18362,23636,29,134,blue,58.8,96.9,blue,False,1543.0,1551.0,blue,False
2324,2324-AUS-SYQ,1,True,19341,23331,11145,11148,79,41,red,112.9,86.0,red,False,1608.0,1536.0,red,False
2324,2324-AUS-SYQ,1,True,11146,23636,15144,19218,124,62,red,111.5,80.0,red,False,1679.0,1512.0,red,False
2324,2324-AUS-SYQ,1,True,19341,23331,11145,11148,176,61,red,112.9,86.0,red,False,1608.0,1536.0,red,False
2324,2324-AUS-SYQ,1,True,11146,23636,15144,19218,63,19,red,111.5,80.0,red,False,1679.0,1512.0,red,False
2324,2324-AUS-SYQ,1,True,19341,23331,11146,23636,91,109,blue,112.9,111.5,red,True,1608.0,1679.0,blue,False
2324,2324-AUS-SYQ,1,True,19341,23331,11146,23636,69,70,blue,112.9,111.5,red,True,1608.0,1679.0,blue,False
1920,1920-USIL-19ILM2,1,False,15005,12644,7317,8648,60,39,red,77.3,58.2,red,False,1605.0,1405.0,red,False
1920,1920-USIL-19ILM2,2,False,16244,11235,16277,14723,29,32,blue,48.9,53.5,blue,False,1520.0,1535.0,blue,False
1920,1920-USIL-19ILM2,3,False,9985,9788,8899,9163,24,41,blue,37.1,37.0,red,True,1486.0,1476.0,red,True
1920,1920-USIL-19ILM2,4,False,14469,13310,14167,11283,47,24,red,53.2,42.1,red,False,1548.0,1437.0,red,False
1920,1920-USIL-19ILM2,5,False,7317,12644,9985,16277,22,34,blue,64.4,34.4,red,True,1463.0,1494.0,blue,False
1920,1920-USIL-19ILM2,6,False,8648,9163,14469,16244,24,39,blue,45.1,56.4,blue,False,1468.0,1578.0,blue,False
1920,1920-USIL-19ILM2,7,False,13310,8899,15005,14723,24,71,blue,42.4,75.9,blue,False,1489.0,1614.0,blue,False
1920,1920-USIL-19ILM2,8,False,9788,11283,11235,14167,59,20,red,47.1,41.7,red,False,1433.0,1471.0,blue,True
1920,1920-USIL-19ILM2,9,False,14723,13310,9163,7317,54,14,red,55.3,49.1,red,False,1549.0,1414.0,red,False
1920,1920-USIL-19ILM2,10,False,14167,9788,8648,16277,7,18,blue,43.8,48.7,blue,False,1465.0,1467.0,blue,False
1920,1920-USIL-19ILM2,11,False,8899,16244,12644,11283,49,37,red,45.6,56.0,blue,True,1520.0,1490.0,red,False
1920,1920-USIL-19ILM2,12,False,15005,11235,9985,14469,62,49,red,66.4,42.6,red,False,1554.0,1551.0,red,False
1920,1920-USIL-19ILM2,13,False,16244,12644,13310,9788,36,26,red,59.8,47.8,red,False,1571.0,1483.0,red,False
1920,1920-USIL-19ILM2,14,False,7317,16277,14469,8899,36,50,blue,52.7,48.8,red,True,1413.0,1532.0,blue,False
1920,1920-USIL-19ILM2,15,False,14723,9985,11283,8648,30,26,red,44.6,49.8,blue,True,1553.0,1432.0,red,False
1920,1920-USIL-19ILM2,16,False,11235,9163,14167,15005,45,50,blue,40.3,63.5,blue,False,1475.0,1552.0,blue,False
1920,1920-USIL-19ILM2,17,False,14723,14469,12644,9788,52,40,red,61.7,57.6,red,False,1591.0,1518.0,red,False
1920,1920-USIL-19ILM2,18,False,11283,16277,9163,15005,34,52,blue,44.4,62.1,blue,False,1441.0,1556.0,blue,False
1920,1920-USIL-19ILM2,19,False,8899,8648,13310,11235,16,30,blue,46.0,45.8,red,True,1466.0,1489.0,blue,False
1920,1920-USIL-19ILM2,20,False,9985,7317,16244,14167,4,41,blue,43.9,46.0,blue,False,1432.0,1518.0,blue,False
1920,1920-USIL-19ILM3,1,False,11235,14167,15005,13310,32,72,blue,41.7,67.5,blue,False,1471.0,1570.0,blue,False
1920,1920-USIL-19ILM3,2,False,8648,16277,9788,11283,54,58,blue,48.7,47.1,red,True,1467.0,1433.0,red,True
1920,1920-USIL-19ILM3,3,False,16244,9163,9985,7317,39,19,red,44.6,43.9,red,False,1522.0,1432.0,red,False
1920,1920-USIL-19ILM3,4,False,12644,8899,14469,14723,49,69,blue,52.3,61.7,blue,False,1524.0,1591.0,blue,False
1920,1920-USIL-19ILM3,5,False,15005,9985,7317,16277,48,36,red,56.8,52.7,red,False,1574.0,1413.0,red,False
1920,1920-USIL-19ILM3,6,False,14469,8648,11235,9163,35,26,red,56.8,40.3,red,False,1524.0,1475.0,red,False
1920,1920-USIL-19ILM3,7,False,13310,12644,8899,9788,74,52,red,56.7,43.3,red,False,1540.0,1467.0,red,False
1920,1920-USIL-19ILM3,8,False,14723,11283,14167,16244,56,47,red,54.6,46.0,red,False,1499.0,1518.0,blue,True
1920,1920-USIL-19ILM3,9,False,8899,9163,15005,9788,22,70,blue,37.0,68.4,blue,False,1476.0,1547.0,blue,False
1920,1920-USIL-19ILM3,10,False,11283,11235,9985,12644,31,56,blue,45.0,46.0,blue,False,1439.0,1544.0,blue,False
1920,1920-USIL-19ILM3,11,False,7317,8648,14167,14723,47,69,blue,58.2,51.3,red,True,1405.0,1531.0,blue,False
1920,1920-USIL-19ILM3,12,False,13310,14469,16277,16244,34,45,blue,53.2,48.2,red,True,1548.0,1521.0,red,True
1920,1920-USIL-19ILM3,13,False,9788,14723,11235,15005,50,81,blue,56.2,66.4,blue,False,1527.0,1554.0,blue,False
1920,1920-USIL-19ILM3,14,False,9163,14167,16277,12644,41,60,blue,37.4,54.9,blue,False,1474.0,1526.0,blue,False
1920,1920-USIL-19ILM3,15,False,16244,9985,8899,8648,49,41,red,39.3,46.0,blue,True,1540.0,1466.0,red,False
1920,1920-USIL-19ILM3,16,False,14469,7317,13310,11283,81,47,red,60.9,46.2,red,False,1470.0,1455.0,red,False
1920,1920-USIL-19ILM3,17,False,12644,15005,8648,16244,89,53,red,77.3,53.6,red,False,1605.0,1512.0,red,False
1920,1920-USIL-19ILM3,18,False,14167,9788,14469,9985,51,71,blue,43.8,42.6,red,True,1465.0,1551.0,blue,False
1920,1920-USIL-19ILM3,19,False,16277,11235,8899,7317,25,31,blue,43.9,50.1,blue,False,1474.0,1412.0,red,True
1920,1920-USIL-19ILM3,20,False,13310,14723,9163,11283,63,27,red,55.3,40.8,red,False,1549.0,1442.0,red,False
1920,1920-USIL-19ILLT1,1,False,14832,15005,7869,11177,33,58,blue,52.1,73.9,blue,False,1545.0,1547.0,blue,False
1920,1920-USIL-19ILLT1,2,False,3640,7317,13310,11235,12,57,blue,37.4,45.8,blue,False,1386.0,1489.0,blue,False
1920,1920-USIL-19ILLT1,3,False,16277,14167,9985,16905,58,27,red,41.0,21.3,red,False,1473.0,1467.0,red,False
1920,1920-USIL-19ILLT1,4,False,12644,9788,15387,8648,60,57,red,57.6,34.9,red,False,1518.0,1455.0,red,False
1920,1920-USIL-19ILLT1,5,False,11283,9189,14723,16244,14,72,blue,32.9,58.4,blue,False,1447.0,1580.0,blue,False
1920,1920-USIL-19ILLT1,6,False,15356,14469,6596,10101,23,88,blue,42.4,96.4,blue,False,1552.0,1551.0,red,True
1920,1920-USIL-19ILLT1,7,False,9163,8899,13594,8648,27,63,blue,37.0,42.6,blue,False,1476.0,1472.0,red,True
1920,1920-USIL-19ILLT1,8,False,7317,9189,9788,9985,19,52,blue,41.3,37.1,red,True,1419.0,1486.0,blue,False
1920,1920-USIL-19ILLT1,9,False,16905,13310,14832,14469,45,55,blue,32.0,37.9,blue,False,1463.0,1523.0,blue,False
1920,1920-USIL-19ILLT1,10,False,11177,9163,10101,3640,67,52,red,53.0,45.6,red,False,1512.0,1482.0,red,False
1920,1920-USIL-19ILLT1,11,False,6596,8899,15005,11283,94,63,red,76.1,66.8,red,False,1517.0,1520.0,blue,True
1920,1920-USIL-19ILLT1,12,False,7869,14723,16277,13594,72,51,red,70.8,37.2,red,False,1570.0,1480.0,red,False
1920,1920-USIL-19ILLT1,13,False,16244,15356,11235,15387,41,25,red,39.1,30.2,red,False,1540.0,1462.0,red,False
1920,1920-USIL-19ILLT1,14,False,12644,3640,14167,9189,24,59,blue,39.5,29.6,red,True,1498.0,1479.0,red,True
1920,1920-USIL-19ILLT1,15,False,16277,11177,8648,13310,46,96,blue,56.6,50.5,red,True,1511.0,1482.0,red,True
1920,1920-USIL-19ILLT1,16,False,16905,8899,15356,9788,13,36,blue,27.6,36.9,blue,False,1447.0,1487.0,blue,False
1920,1920-USIL-19ILLT1,17,False,12644,13594,16244,14832,47,27,red,48.8,34.6,red,False,1530.0,1511.0,red,False
1920,1920-USIL-19ILLT1,18,False,15005,14723,14167,10101,56,60,blue,75.9,58.8,red,True,1614.0,1505.0,red,True
1920,1920-USIL-19ILLT1,19,False,11283,15387,14469,9163,29,62,blue,30.6,47.8,blue,False,1428.0,1534.0,blue,False
1920,1920-USIL-19ILLT1,20,False,9985,6596,11235,7869,50,95,blue,69.8,61.2,red,True,1537.0,1510.0,red,True
1920,1920-USIL-19ILLT1,21,False,7317,14167,8899,11177,38,72,blue,50.5,53.9,blue,False,1410.0,1510.0,blue,False
1920,1920-USIL-19ILLT1,22,False,10101,16905,11283,12644,50,85,blue,47.9,56.0,blue,False,1481.0,1490.0,blue,False
1920,1920-USIL-19ILLT1,23,False,9788,14469,16244,7869,44,59,blue,54.1,65.5,blue,False,1525.0,1557.0,blue,False
1920,1920-USIL-19ILLT1,24,False,13594,13310,6596,9189,45,72,blue,39.0,67.2,blue,False,1495.0,1524.0,blue,False
1920,1920-USIL-19ILLT1,25,False,9163,11235,14723,14832,64,48,red,40.3,39.9,red,False,1475.0,1524.0,blue,True
1920,1920-USIL-19ILLT1,26,False,8648,9985,3640,15356,72,34,red,39.8,18.8,red,False,1486.0,1468.0,red,False
1920,1920-USIL-19ILLT1,27,False,15387,16277,15005,7317,40,80,blue,29.5,75.2,blue,False,1463.0,1493.0,blue,False
1920,1920-USIL-19ILLT1,28,False,7869,13310,8899,12644,79,89,blue,62.4,52.3,red,True,1526.0,1524.0,red,True
1920,1920-USIL-19ILLT1,29,False,14832,11283,15356,14167,28,46,blue,30.8,32.0,blue,False,1430.0,1492.0,blue,False
1920,1920-USIL-19ILLT1,30,False,10101,11235,9189,16277,84,45,red,61.7,31.8,red,False,1507.0,1482.0,red,False
1920,1920-USIL-19ILLT1,31,False,15387,11177,13594,16905,63,39,red,42.8,24.1,red,False,1499.0,1453.0,red,False
1920,1920-USIL-19ILLT1,32,False,8648,14469,14723,7317,66,60,red,56.8,63.0,blue,True,1524.0,1472.0,red,False
1920,1920-USIL-19ILLT1,33,False,9985,16244,9163,15005,56,81,blue,39.3,62.1,blue,False,1540.0,1556.0,blue,False
1920,1920-USIL-19ILLT1,34,False,3640,9788,6596,16277,48,104,blue,30.6,78.7,blue,False,1441.0,1518.0,blue,False
1920,1920-USIL-19ILLT1,1,True,10101,6596,14469,14723,81,52,red,96.4,61.7,red,False,1551.0,1591.0,blue,True
1920,1920-USIL-19ILLT1,2,True,6596,8899,14469,8648,47,81,blue,76.1,56.8,red,True,1517.0,1524.0,blue,False
1920,1920-USIL-19ILLT1,3,True,6596,10101,14469,8648,99,66,red,96.4,56.8,red,False,1551.0,1524.0,red,False
2021,2021-AU-AUNSWPYQT01,2,False,18609,11144,16551,18608,128,0,red,77.1,-2.6,red,False,1480.0,1508.0,blue,True
2021,2021-AU-AUNSWPYQT01,3,False,18361,18359,11148,17752,130,146,blue,100.8,84.0,red,True,1449.0,1568.0,blue,False
2021,2021-AU-AUNSWPYQT01,4,False,18362,11258,11147,11146,10,138,blue,83.0,102.3,blue,False,1471.0,1604.0,blue,False
2021,2021-AU-AUNSWPYQT01,5,False,11145,14349,11143,18043,29,0,red,103.1,53.5,red,False,1596.0,1478.0,red,False
2021,2021-AU-AUNSWPYQT01,6,False,18609,18359,18360,11258,4,14,blue,52.9,65.7,blue,False,1455.0,1477.0,blue,False
2021,2021-AU-AUNSWPYQT01,7,False,14349,11148,18306,11147,121,51,red,165.0,85.5,red,False,1683.0,1519.0,red,False
2021,2021-AU-AUNSWPYQT01,9,False,11145,11146,12554,11144,2,17,blue,67.6,87.5,blue,False,1579.0,1532.0,red,True
2021,2021-AU-AUNSWPYQT01,10,False,11143,16551,18363,17752,0,6,blue,43.9,34.7,red,True,1517.0,1532.0,blue,False
2021,2021-AU-AUNSWPYQT01,11,False,18306,18043,18609,11146,30,39,blue,39.5,84.5,blue,False,1491.0,1627.0,blue,False
2021,2021-AU-AUNSWPYQT01,12,False,11144,18362,11143,11148,56,128,blue,89.1,126.6,blue,False,1434.0,1570.0,blue,False
2021,2021-AU-AUNSWPYQT01,13,False,11147,18363,18359,11145,82,0,red,71.3,36.0,red,False,1524.0,1407.0,red,False
2021,2021-AU-AUNSWPYQT01,14,False,11258,14349,18608,17752,72,10,red,133.0,16.2,red,False,1615.0,1507.0,red,False
2021,2021-AU-AUNSWPYQT01,15,False,18360,12554,18361,16551,0,46,blue,63.0,68.2,blue,False,1558.0,1525.0,red,True
2021,2021-AU-AUNSWPYQT01,16,False,18043,17752,11147,11144,4,115,blue,10.9,94.9,blue,False,1477.0,1456.0,red,True
2021,2021-AU-AUNSWPYQT01,17,False,18608,11143,11146,18360,53,43,red,58.8,79.2,blue,True,1508.0,1587.0,blue,True
2021,2021-AU-AUNSWPYQT01,18,False,16551,11148,11258,11145,120,55,red,65.2,54.1,red,False,1570.0,1469.0,red,False
2021,2021-AU-AUNSWPYQT01,19,False,18306,18362,18359,12554,4,6,blue,79.7,63.2,red,True,1497.0,1508.0,blue,False
2021,2021-AU-AUNSWPYQT01,20,False,18363,14349,18361,18609,19,116,blue,115.6,105.9,red,True,1646.0,1539.0,red,True
2021,2021-AU-AUNSWPYQT01,21,False,17752,18360,18362,11145,7,6,red,33.8,53.1,blue,True,1490.0,1451.0,red,False
2021,2021-AU-AUNSWPYQT01,22,False,18359,11146,16551,14349,25,40,blue,79.5,82.3,blue,False,1537.0,1630.0,blue,False
2021,2021-AU-AUNSWPYQT01,23,False,18361,11144,18306,11258,163,23,red,125.1,80.7,red,False,1473.0,1514.0,blue,True
2021,2021-AU-AUNSWPYQT01,24,False,18608,11148,18043,18363,109,23,red,80.1,25.4,red,False,1561.0,1495.0,red,False
2021,2021-AU-AUNSWPYQT01,25,False,18609,11147,11143,12554,106,59,red,75.7,92.0,blue,True,1522.0,1583.0,blue,True
2021,2021-AU-AUNSWPYQT01,1,True,11148,11147,14349,11143,182,127,red,120.7,143.7,blue,True,1561.0,1629.0,blue,True
2021,2021-AU-AUNSWPYQT01,2,True,11148,11147,14349,11143,95,85,red,120.7,143.7,blue,True,1561.0,1629.0,blue,True
2021,2021-AU-AUQLDROQT01,2,False,12576,18228,18500,11323,11,0,red,53.0,20.1,red,False,1468.0,1400.0,red,False
2021,2021-AU-AUQLDROQT01,3,False,14579,18449,14380,12993,13,43,blue,32.4,171.9,blue,False,1521.0,1804.0,blue,False
2021,2021-AU-AUQLDROQT01,4,False,14340,13710,18294,18267,20,26,blue,11.4,21.2,blue,False,1457.0,1518.0,blue,False
2021,2021-AU-AUQLDROQT01,5,False,14705,16492,16068,11322,7,0,red,19.3,37.7,blue,True,1474.0,1511.0,blue,True
2021,2021-AU-AUQLDROQT01,6,False,15145,17707,16637,18248,5,0,red,48.5,15.5,red,False,1489.0,1402.0,red,False
2021,2021-AU-AUQLDROQT01,7,False,15710,11506,17101,17556,14,32,blue,24.4,85.3,blue,False,1454.0,1595.0,blue,False
2021,2021-AU-AUQLDROQT01,8,False,18500,13710,16492,13036,0,5,blue,17.5,18.1,blue,False,1438.0,1482.0,blue,False
2021,2021-AU-AUQLDROQT01,9,False,14380,16068,18267,13626,65,0,red,88.5,30.9,red,False,1641.0,1454.0,red,False
2021,2021-AU-AUQLDROQT01,10,False,18248,12993,17556,18228,37,26,red,98.1,102.5,blue,True,1597.0,1567.0,red,False
2021,2021-AU-AUQLDROQT01,11,False,11506,11322,14340,14466,22,0,red,34.8,13.8,red,False,1472.0,1498.0,blue,True
2021,2021-AU-AUQLDROQT01,12,False,14579,15710,17707,12576,0,11,blue,49.8,21.2,red,True,1543.0,1479.0,red,True
2021,2021-AU-AUQLDROQT01,13,False,15145,18294,16337,11323,1,0,red,46.5,31.1,red,False,1514.0,1378.0,red,False
2021,2021-AU-AUQLDROQT01,14,False,16637,14705,17101,18449,0,27,blue,6.9,32.0,blue,False,1452.0,1488.0,blue,False
2021,2021-AU-AUQLDROQT01,15,False,13036,18267,14579,18228,4,41,blue,3.2,79.2,blue,False,1498.0,1526.0,blue,False
2021,2021-AU-AUQLDROQT01,16,False,13626,12993,12576,16492,16,14,red,116.0,26.9,red,False,1611.0,1468.0,red,False
2021,2021-AU-AUQLDROQT01,17,False,11506,11323,13710,17707,6,19,blue,25.7,33.4,blue,False,1382.0,1459.0,blue,False
2021,2021-AU-AUQLDROQT01,18,False,14340,17101,15145,16068,33,0,red,25.0,41.0,blue,True,1502.0,1488.0,red,False
2021,2021-AU-AUQLDROQT01,19,False,18500,14466,16637,15710,5,8,blue,19.9,28.1,blue,False,1479.0,1461.0,red,True
2021,2021-AU-AUQLDROQT01,20,False,11322,16337,18248,18449,9,0,red,40.2,7.2,red,False,1468.0,1419.0,red,False
2021,2021-AU-AUQLDROQT01,21,False,17556,18294,14380,14705,60,30,red,68.7,77.2,blue,True,1604.0,1640.0,blue,True
2021,2021-AU-AUQLDROQT01,22,False,12993,15145,11506,13036,35,8,red,124.4,2.0,red,False,1651.0,1454.0,red,False
2021,2021-AU-AUQLDROQT01,23,False,16068,18449,18228,15710,6,99,blue,9.9,66.6,blue,False,1471.0,1482.0,blue,False
2021,2021-AU-AUQLDROQT01,24,False,14579,14466,13710,14705,27,6,red,50.8,14.7,red,False,1550.0,1457.0,red,False
2021,2021-AU-AUQLDROQT01,26,False,12576,16337,17556,14340,17,37,blue,16.2,48.7,blue,False,1436.0,1576.0,blue,False
2021,2021-AU-AUQLDROQT01,27,False,18248,13626,18500,18294,0,11,blue,30.0,14.5,red,True,1397.0,1492.0,blue,False
2021,2021-AU-AUQLDROQT01,28,False,17707,17101,16492,14380,36,59,blue,47.0,101.7,blue,False,1503.0,1630.0,blue,False
2021,2021-AU-AUQLDROQT01,29,False,17556,15145,14466,18449,12,5,red,86.8,20.8,red,False,1581.0,1484.0,red,False
2021,2021-AU-AUQLDROQT01,30,False,12576,16637,13036,16068,0,5,blue,14.5,4.9,red,True,1447.0,1493.0,blue,False
2021,2021-AU-AUQLDROQT01,31,False,11322,17101,12993,13710,0,26,blue,59.8,109.3,blue,False,1528.0,1621.0,blue,False
2021,2021-AU-AUQLDROQT01,32,False,14705,18267,18500,16337,6,2,red,4.4,11.5,blue,True,1490.0,1423.0,red,False
2021,2021-AU-AUQLDROQT01,33,False,11323,14380,18248,15710,66,24,red,99.6,24.6,red,False,1576.0,1441.0,red,False
2021,2021-AU-AUQLDROQT01,34,False,16492,18294,14579,11506,0,29,blue,36.1,37.0,blue,False,1501.0,1498.0,red,True
2021,2021-AU-AUQLDROQT01,35,False,18228,14340,13626,17707,27,24,red,42.2,40.2,red,False,1473.0,1449.0,red,False
2021,2021-AU-AUQLDROQT01,1,True,14380,16492,17707,17101,111,48,red,101.7,47.0,red,False,1630.0,1503.0,red,False
2021,2021-AU-AUQLDROQT01,2,True,14380,18228,15710,17101,0,73,blue,127.8,49.4,red,True,1630.0,1510.0,red,True
2021,2021-AU-AUQLDROQT01,3,True,16492,18228,17707,17101,106,16,red,69.9,47.0,red,False,1464.0,1503.0,blue,True
2122,2122-BR-BRCMP,1,False,17893,17728,16062,16049,155,60,red,128.5,101.8,red,False,1564.0,1520.0,red,False
2122,2122-BR-BRCMP,2,False,19194,17801,16058,16051,80,66,red,36.0,78.0,blue,True,1455.0,1514.0,blue,True
2122,2122-BR-BRCMP,3,False,21084,17731,21222,18613,89,16,red,103.3,68.0,red,False,1611.0,1455.0,red,False
2122,2122-BR-BRCMP,4,False,14391,21069,21077,19192,0,78,blue,89.0,103.2,blue,False,1499.0,1490.0,red,True
2122,2122-BR-BRCMP,5,False,21081,19188,16056,17799,87,0,red,44.4,41.4,red,False,1504.0,1441.0,red,False
2122,2122-BR-BRCMP,6,False,16043,17742,17739,16055,51,112,blue,44.9,119.1,blue,False,1445.0,1537.0,blue,False
2122,2122-BR-BRCMP,7,False,17729,19193,16050,19195,59,0,red,86.1,26.5,red,False,1517.0,1412.0,red,False
2122,2122-BR-BRCMP,8,False,21036,21223,20858,19191,1,0,red,70.7,80.0,blue,True,1498.0,1487.0,red,False
2122,2122-BR-BRCMP,9,False,16786,21085,16054,16053,149,106,red,117.5,125.8,blue,True,1477.0,1518.0,blue,True
2122,2122-BR-BRCMP,10,False,21178,18066,21078,21086,29,0,red,72.0,31.3,red,False,1476.0,1456.0,red,False
2122,2122-BR-BRCMP,11,False,16041,17730,21083,16052,113,122,blue,62.4,118.9,blue,False,1436.0,1568.0,blue,False
2122,2122-BR-BRCMP,12,False,19195,21222,19188,16043,36,40,blue,79.8,71.7,red,True,1417.0,1465.0,blue,False
2122,2122-BR-BRCMP,13,False,16050,21084,16056,16049,17,67,blue,24.2,60.9,blue,False,1485.0,1470.0,red,True
2122,2122-BR-BRCMP,14,False,18613,19191,21077,17739,108,52,red,91.4,108.1,blue,True,1495.0,1518.0,blue,True
2122,2122-BR-BRCMP,15,False,21081,21178,19193,16053,0,122,blue,36.9,72.4,blue,False,1446.0,1498.0,blue,False
2122,2122-BR-BRCMP,16,False,17742,16786,18066,16041,95,72,red,99.6,68.4,red,False,1527.0,1472.0,red,False
2122,2122-BR-BRCMP,17,False,17729,16058,21078,17799,66,27,red,91.9,67.7,red,False,1518.0,1428.0,red,False
2122,2122-BR-BRCMP,18,False,16054,20858,16062,14391,141,90,red,107.6,98.9,red,False,1518.0,1553.0,blue,True
2122,2122-BR-BRCMP,19,False,17731,16052,17893,17801,99,94,red,103.4,62.5,red,False,1622.0,1445.0,red,False
2122,2122-BR-BRCMP,20,False,16055,21036,21069,21085,107,99,red,154.3,67.8,red,False,1552.0,1415.0,red,False
2122,2122-BR-BRCMP,21,False,17730,19194,17728,21223,66,80,blue,39.7,100.5,blue,False,1456.0,1578.0,blue,False
2122,2122-BR-BRCMP,22,False,21083,21086,16051,19192,80,38,red,86.7,54.5,red,False,1533.0,1464.0,red,False
2122,2122-BR-BRCMP,23,False,16062,21178,16058,18613,48,76,blue,79.0,71.5,red,True,1480.0,1507.0,blue,False
2122,2122-BR-BRCMP,24,False,17729,17742,19191,17731,90,176,blue,60.1,136.7,blue,False,1498.0,1596.0,blue,False
2122,2122-BR-BRCMP,25,False,16041,21078,21084,16055,94,153,blue,60.8,124.4,blue,False,1415.0,1561.0,blue,False
2122,2122-BR-BRCMP,26,False,16043,17799,17893,21085,118,92,red,67.5,68.4,blue,True,1417.0,1419.0,blue,True
2122,2122-BR-BRCMP,27,False,21222,16052,17728,14391,0,160,blue,77.6,148.2,blue,False,1502.0,1629.0,blue,False
2122,2122-BR-BRCMP,28,False,21069,19195,18066,16053,33,46,blue,70.4,68.2,red,True,1415.0,1493.0,blue,False
2122,2122-BR-BRCMP,29,False,16056,19192,19193,19194,26,152,blue,27.1,49.9,blue,False,1439.0,1497.0,blue,False
2122,2122-BR-BRCMP,30,False,21083,17739,21036,19188,124,127,blue,113.6,106.1,red,True,1533.0,1534.0,blue,False
2122,2122-BR-BRCMP,31,False,16049,21077,20858,16786,163,76,red,137.0,96.9,red,False,1521.0,1506.0,red,False
2122,2122-BR-BRCMP,32,False,16051,16050,21081,17730,25,29,blue,21.2,33.3,blue,False,1456.0,1462.0,blue,False
2122,2122-BR-BRCMP,33,False,16054,21086,17801,21223,172,131,red,96.5,34.5,red,False,1538.0,1460.0,red,False
2122,2122-BR-BRCMP,34,False,16053,14391,16058,17742,57,0,red,85.6,62.8,red,False,1514.0,1520.0,blue,True
2122,2122-BR-BRCMP,35,False,16055,16062,17731,16056,181,93,red,134.8,72.9,red,False,1556.0,1557.0,blue,True
2122,2122-BR-BRCMP,36,False,17728,21084,21077,21036,133,105,red,127.3,143.2,blue,True,1618.0,1534.0,red,False
2122,2122-BR-BRCMP,37,False,17730,19192,18613,17799,139,114,red,55.0,62.3,blue,True,1448.0,1459.0,blue,True
2122,2122-BR-BRCMP,38,False,21222,16049,16054,21069,67,252,blue,101.3,129.1,blue,False,1469.0,1504.0,blue,False
2122,2122-BR-BRCMP,39,False,21086,16043,16050,16041,65,70,blue,31.1,21.6,red,True,1445.0,1420.0,red,True
2122,2122-BR-BRCMP,40,False,21223,21081,19195,16052,46,95,blue,9.1,69.9,blue,False,1468.0,1484.0,blue,False
2122,2122-BR-BRCMP,41,False,20858,17739,21085,21178,68,27,red,41.4,68.2,blue,True,1478.0,1412.0,red,False
2122,2122-BR-BRCMP,42,False,17801,19191,19193,21078,173,134,red,94.7,71.1,red,False,1484.0,1475.0,red,False
2122,2122-BR-BRCMP,43,False,19188,17893,16786,16051,110,153,blue,77.3,114.8,blue,False,1488.0,1520.0,blue,False
2122,2122-BR-BRCMP,44,False,18066,21083,19194,17729,126,106,red,122.3,53.1,red,False,1548.0,1477.0,red,False
2122,2122-BR-BRCMP,45,False,19195,17799,21036,14391,43,70,blue,74.1,118.4,blue,False,1422.0,1549.0,blue,False
2122,2122-BR-BRCMP,46,False,16050,16054,17728,17731,122,167,blue,85.3,163.1,blue,False,1501.0,1683.0,blue,False
2122,2122-BR-BRCMP,47,False,16062,17739,21222,21078,64,54,red,72.8,73.3,blue,True,1518.0,1424.0,red,False
2122,2122-BR-BRCMP,48,False,16041,16049,19191,21178,126,48,red,88.7,101.9,blue,True,1459.0,1470.0,blue,True
2122,2122-BR-BRCMP,49,False,16052,19194,20858,16043,115,61,red,42.3,42.2,red,False,1513.0,1424.0,red,False
2122,2122-BR-BRCMP,50,False,21223,16051,17729,21069,0,128,blue,37.7,78.9,blue,False,1477.0,1463.0,red,True
2122,2122-BR-BRCMP,51,False,16055,19193,21086,16786,172,32,red,132.0,85.7,red,False,1556.0,1526.0,red,False
2122,2122-BR-BRCMP,52,False,16056,16053,17801,17730,38,183,blue,34.3,58.8,blue,False,1448.0,1454.0,blue,False
2122,2122-BR-BRCMP,53,False,21083,21077,17742,21081,130,0,red,164.6,17.6,red,False,1554.0,1485.0,red,False
2122,2122-BR-BRCMP,54,False,18613,21085,19188,18066,49,163,blue,57.7,79.6,blue,False,1438.0,1534.0,blue,False
2122,2122-BR-BRCMP,55,False,19192,16058,21084,17893,127,52,red,71.0,68.8,red,False,1490.0,1492.0,blue,True
2122,2122-BR-BRCMP,56,False,19193,17731,21223,17799,144,72,red,111.0,45.0,red,False,1607.0,1455.0,red,False
2122,2122-BR-BRCMP,57,False,16043,16056,21178,21069,74,102,blue,32.7,69.1,blue,False,1414.0,1427.0,blue,False
2122,2122-BR-BRCMP,58,False,17728,16053,16041,17739,196,110,red,124.5,59.7,red,False,1574.0,1457.0,red,False
2122,2122-BR-BRCMP,59,False,17801,19195,16049,16055,98,188,blue,63.6,148.1,blue,False,1426.0,1539.0,blue,False
2122,2122-BR-BRCMP,60,False,17893,20858,16050,21083,56,146,blue,47.8,75.5,blue,False,1448.0,1496.0,blue,False
2122,2122-BR-BRCMP,61,False,16058,19191,21081,21222,139,6,red,114.5,45.8,red,False,1528.0,1452.0,red,False
2122,2122-BR-BRCMP,62,False,21085,21078,17730,21077,76,180,blue,63.1,110.7,blue,False,1407.0,1497.0,blue,False
2122,2122-BR-BRCMP,63,False,19192,21036,17742,16054,0,162,blue,87.5,110.3,blue,False,1485.0,1539.0,blue,False
2122,2122-BR-BRCMP,65,False,14391,21086,19188,19194,111,97,red,56.3,50.8,red,False,1534.0,1498.0,red,False
2122,2122-BR-BRCMP,66,False,16051,21084,18066,16062,120,52,red,64.5,81.5,blue,True,1517.0,1533.0,blue,True
2122,2122-BR-BRCMP,1,True,16054,14391,17730,21069,172,160,red,149.4,65.5,red,False,1573.0,1442.0,red,False
2122,2122-BR-BRCMP,2,True,14391,17728,17801,17730,232,160,red,148.2,58.8,red,False,1629.0,1454.0,red,False
2122,2122-BR-BRCMP,3,True,16055,16049,21084,16786,129,213,blue,148.1,117.8,red,True,1539.0,1549.0,blue,False
2122,2122-BR-BRSPS,1,False,16062,16055,18066,16041,51,19,red,134.8,68.4,red,False,1556.0,1472.0,red,False
2122,2122-BR-BRSPS,2,False,16054,19188,16053,16043,89,0,red,137.1,60.4,red,False,1559.0,1424.0,red,False
2122,2122-BR-BRSPS,3,False,16058,17801,17731,17728,61,126,blue,74.9,163.1,blue,False,1496.0,1683.0,blue,False
2122,2122-BR-BRSPS,4,False,16055,16054,16053,16062,123,10,red,185.4,75.2,red,False,1577.0,1498.0,red,False
2122,2122-BR-BRSPS,5,False,17731,17801,19188,18066,113,44,red,97.1,79.6,red,False,1564.0,1534.0,red,False
2122,2122-BR-BRSPS,6,False,17728,16058,16041,16043,100,0,red,140.8,60.6,red,False,1614.0,1403.0,red,False
2122,2122-BR-BRSPS,7,False,17801,16062,16053,19188,69,40,red,71.8,73.3,blue,True,1495.0,1499.0,blue,True
2122,2122-BR-BRSPS,8,False,18066,17728,16058,16054,126,76,red,130.8,142.1,blue,True,1609.0,1559.0,red,False
2122,2122-BR-BRSPS,9,False,16041,17731,16043,16055,110,86,red,100.7,120.0,blue,True,1546.0,1483.0,red,False
2122,2122-BR-BRSPS,10,False,16062,16058,16054,17801,82,78,red,91.5,122.4,blue,True,1538.0,1515.0,red,False
2122,2122-BR-BRSPS,11,False,19188,16043,16055,17728,74,144,blue,71.7,184.1,blue,False,1465.0,1633.0,blue,False
2122,2122-BR-BRSPS,12,False,16041,16053,18066,17731,15,124,blue,62.1,106.8,blue,False,1437.0,1602.0,blue,False
2122,2122-BR-BRSPS,13,False,16043,16054,17801,16055,132,57,red,124.2,118.1,red,False,1484.0,1514.0,blue,True
2122,2122-BR-BRSPS,14,False,16058,18066,19188,16041,82,29,red,84.5,73.5,red,False,1534.0,1478.0,red,False
2122,2122-BR-BRSPS,15,False,16053,17731,17728,16062,74,99,blue,100.5,137.7,blue,False,1568.0,1613.0,blue,False
2122,2122-BR-BRSPS,16,False,19188,17801,16054,16041,103,71,red,69.9,126.0,blue,True,1496.0,1497.0,blue,True
2122,2122-BR-BRSPS,17,False,17728,16043,18066,16062,62,108,blue,122.9,81.5,red,True,1540.0,1533.0,red,True
2122,2122-BR-BRSPS,18,False,16053,16055,16058,17731,112,139,blue,121.5,116.8,red,True,1517.0,1608.0,blue,False
2122,2122-BR-BRSPS,1,True,17731,16054,18066,16062,134,61,red,164.3,81.5,red,False,1627.0,1533.0,red,False
2122,2122-BR-BRSPS,2,True,16054,17731,18066,16062,146,83,red,164.3,81.5,red,False,1627.0,1533.0,red,False
2223,2223-AU-AUPYQ,1,False,21657,5784,18362,11147,39,71,blue,26.4,87.7,blue,False,1410.0,1476.0,blue,False
2223,2223-AU-AUPYQ,2,False,11145,14349,19218,18306,113,8,red,103.1,84.9,red,False,1596.0,1521.0,red,False
2223,2223-AU-AUPYQ,3,False,18359,11146,21472,12554,136,62,red,79.5,55.0,red,False,1537.0,1543.0,blue,True
2223,2223-AU-AUPYQ,4,False,11144,19457,11258,19341,71,28,red,68.7,83.5,blue,True,1454.0,1527.0,blue,True
2223,2223-AU-AUPYQ,5,False,21520,15144,14339,18360,0,14,blue,33.2,33.8,blue,False,1484.0,1458.0,red,True
2223,2223-AU-AUPYQ,6,False,19296,11148,19584,18363,22,44,blue,92.9,31.4,red,True,1551.0,1521.0,red,True
2223,2223-AU-AUPYQ,7,False,16188,18362,21472,14349,19,54,blue,47.6,106.7,blue,False,1441.0,1589.0,blue,False
2223,2223-AU-AUPYQ,8,False,12554,11258,11147,11145,88,4,red,81.3,58.8,red,False,1569.0,1474.0,red,False
2223,2223-AU-AUPYQ,9,False,18360,11146,5784,19341,105,25,red,79.2,59.5,red,False,1587.0,1496.0,red,False
2223,2223-AU-AUPYQ,10,False,21520,18306,19296,18359,7,14,blue,38.1,42.8,blue,False,1493.0,1422.0,red,True
2223,2223-AU-AUPYQ,11,False,19218,19457,11148,14339,15,38,blue,66.7,84.0,blue,False,1498.0,1537.0,blue,False
2223,2223-AU-AUPYQ,12,False,11144,16188,18363,15144,30,80,blue,54.7,58.4,blue,False,1421.0,1537.0,blue,False
2223,2223-AU-AUPYQ,13,False,19584,11146,11258,21657,72,59,red,62.3,50.4,red,False,1601.0,1441.0,red,False
2223,2223-AU-AUPYQ,14,False,18359,18360,14349,11147,60,150,blue,47.6,137.8,blue,False,1416.0,1620.0,blue,False
2223,2223-AU-AUPYQ,15,False,14339,19296,21472,5784,26,25,red,29.1,33.7,blue,True,1465.0,1431.0,red,False
2223,2223-AU-AUPYQ,16,False,19218,12554,21520,11144,27,26,red,85.5,47.5,red,False,1576.0,1430.0,red,False
2223,2223-AU-AUPYQ,17,False,19341,18362,11145,18363,101,32,red,82.4,36.7,red,False,1509.0,1499.0,red,False
2223,2223-AU-AUPYQ,18,False,11148,21657,18306,15144,42,54,blue,82.3,72.6,red,True,1508.0,1532.0,blue,False
2223,2223-AU-AUPYQ,19,False,19457,18359,16188,19584,33,24,red,44.4,13.4,red,False,1430.0,1461.0,blue,True
2223,2223-AU-AUPYQ,20,False,11258,5784,21520,14349,46,137,blue,60.0,90.4,blue,False,1457.0,1594.0,blue,False
2223,2223-AU-AUPYQ,21,False,19296,19218,11146,18362,11,152,blue,65.1,96.5,blue,False,1490.0,1581.0,blue,False
2223,2223-AU-AUPYQ,22,False,18363,14339,21657,12554,36,0,red,34.7,47.7,blue,True,1500.0,1522.0,blue,True
2223,2223-AU-AUPYQ,23,False,11147,11148,19341,16188,68,96,blue,120.7,48.1,red,True,1561.0,1497.0,red,True
2223,2223-AU-AUPYQ,24,False,18306,19584,18360,11144,26,20,red,45.5,71.8,blue,True,1517.0,1440.0,red,False
2223,2223-AU-AUPYQ,25,False,15144,21472,11145,19457,35,39,blue,49.5,32.6,red,True,1479.0,1472.0,red,True
2223,2223-AU-AUPYQ,26,False,18363,5784,18359,19218,53,76,blue,42.6,70.1,blue,False,1488.0,1433.0,red,True
2223,2223-AU-AUPYQ,27,False,21657,19341,14349,19296,20,154,blue,49.8,110.0,blue,False,1479.0,1611.0,blue,False
2223,2223-AU-AUPYQ,28,False,14339,11258,18306,16188,34,16,red,52.1,45.3,red,False,1469.0,1484.0,blue,True
2223,2223-AU-AUPYQ,29,False,21472,11145,18360,11148,27,25,red,27.8,97.6,blue,True,1442.0,1544.0,blue,True
2223,2223-AU-AUPYQ,30,False,19584,15144,18362,12554,44,101,blue,40.6,80.3,blue,False,1509.0,1552.0,blue,False
2223,2223-AU-AUPYQ,31,False,11147,21520,11146,19457,48,95,blue,46.1,76.1,blue,False,1472.0,1602.0,blue,False
2223,2223-AU-AUPYQ,32,False,11144,14349,18359,14339,160,68,red,139.2,34.0,red,False,1578.0,1408.0,red,False
2223,2223-AU-AUPYQ,1,True,14349,11146,14339,18363,223,52,red,146.6,34.7,red,False,1726.0,1500.0,red,False
2223,2223-AU-AUPYQ,2,True,14349,11146,14339,18363,122,32,red,146.6,34.7,red,False,1726.0,1500.0,red,False
2223,2223-AU-AUCMP,1,False,21035,14380,20667,18228,103,69,red,98.5,78.7,red,False,1642.0,1469.0,red,False
2223,2223-AU-AUCMP,2,False,11145,15210,18362,11322,31,102,blue,61.5,69.9,blue,False,1501.0,1495.0,red,True
2223,2223-AU-AUCMP,3,False,11258,16492,12554,18359,94,143,blue,63.9,63.2,red,True,1476.0,1508.0,blue,False
2223,2223-AU-AUCMP,4,False,14339,16526,18363,19451,41,103,blue,54.1,48.1,red,True,1473.0,1494.0,blue,False
2223,2223-AU-AUCMP,5,False,18003,18306,11323,19480,80,45,red,85.7,52.7,red,False,1604.0,1420.0,red,False
2223,2223-AU-AUCMP,6,False,21511,14579,14349,13626,45,143,blue,78.1,115.0,blue,False,1623.0,1577.0,red,True
2223,2223-AU-AUCMP,7,False,19457,15145,22116,11148,64,134,blue,52.8,135.6,blue,False,1493.0,1639.0,blue,False
2223,2223-AU-AUCMP,8,False,16337,15216,11146,13710,67,55,red,25.1,72.8,blue,True,1392.0,1570.0,blue,True
2223,2223-AU-AUCMP,9,False,11147,12993,17101,19450,193,92,red,138.8,75.8,red,False,1655.0,1514.0,red,False
2223,2223-AU-AUCMP,10,False,11322,18228,16492,16526,93,116,blue,77.0,65.9,red,True,1500.0,1480.0,red,True
2223,2223-AU-AUCMP,11,False,19451,19480,18362,12554,92,123,blue,56.3,80.3,blue,False,1462.0,1552.0,blue,False
2223,2223-AU-AUCMP,12,False,11323,14349,18359,11145,134,67,red,110.9,36.0,red,False,1549.0,1407.0,red,False
2223,2223-AU-AUCMP,13,False,13626,18363,18306,22116,54,77,blue,48.5,100.4,blue,False,1480.0,1597.0,blue,False
2223,2223-AU-AUCMP,14,False,11148,18003,21035,13710,103,18,red,120.9,35.9,red,False,1646.0,1459.0,red,False
2223,2223-AU-AUCMP,15,False,20667,11258,12993,16337,87,145,blue,72.7,103.3,blue,False,1481.0,1606.0,blue,False
2223,2223-AU-AUCMP,16,False,17101,14339,14380,15145,55,159,blue,41.0,112.1,blue,False,1485.0,1644.0,blue,False
2223,2223-AU-AUCMP,17,False,15216,14579,19457,19450,48,94,blue,45.0,65.4,blue,False,1485.0,1501.0,blue,False
2223,2223-AU-AUCMP,18,False,15210,11146,21511,11147,142,113,red,104.9,93.7,red,False,1631.0,1579.0,red,False
2223,2223-AU-AUCMP,19,False,11323,13626,19451,11322,22,58,blue,43.8,52.5,blue,False,1383.0,1488.0,blue,False
2223,2223-AU-AUCMP,20,False,22116,18228,14349,18003,86,149,blue,109.7,138.0,blue,False,1559.0,1706.0,blue,False
2223,2223-AU-AUCMP,21,False,12554,21035,11145,16337,84,12,red,58.0,23.3,red,False,1569.0,1425.0,red,False
2223,2223-AU-AUCMP,22,False,16492,19480,12993,15145,131,194,blue,54.7,124.4,blue,False,1474.0,1651.0,blue,False
2223,2223-AU-AUCMP,23,False,11148,18363,15216,18362,133,98,red,98.5,54.8,red,False,1586.0,1418.0,red,False
2223,2223-AU-AUCMP,24,False,13710,11147,18359,14339,92,71,red,64.0,34.0,red,False,1465.0,1408.0,red,False
2223,2223-AU-AUCMP,25,False,17101,19457,11258,15210,90,118,blue,51.4,91.4,blue,False,1507.0,1521.0,blue,False
2223,2223-AU-AUCMP,26,False,18306,11146,14579,20667,124,92,red,94.3,61.9,red,False,1625.0,1530.0,red,False
2223,2223-AU-AUCMP,27,False,21511,19450,14380,16526,114,92,red,91.9,123.7,blue,True,1584.0,1646.0,blue,True
2223,2223-AU-AUCMP,28,False,12993,22116,19451,21035,235,32,red,153.8,42.2,red,False,1733.0,1464.0,red,False
2223,2223-AU-AUCMP,29,False,12554,15216,15145,11322,84,77,red,53.1,61.3,blue,True,1517.0,1513.0,red,False
2223,2223-AU-AUCMP,30,False,13710,18228,11145,13626,145,102,red,65.2,36.0,red,False,1448.0,1430.0,red,False
2223,2223-AU-AUCMP,31,False,18362,16492,19457,11323,135,73,red,62.9,40.4,red,False,1459.0,1425.0,red,False
2223,2223-AU-AUCMP,32,False,18003,11258,14579,11147,145,123,red,89.0,77.9,red,False,1578.0,1543.0,red,False
2223,2223-AU-AUCMP,33,False,14349,14380,19480,11146,173,118,red,170.8,88.4,red,False,1770.0,1597.0,red,False
2223,2223-AU-AUCMP,34,False,16526,11148,17101,18306,131,94,red,117.9,69.6,red,False,1559.0,1531.0,red,False
2223,2223-AU-AUCMP,35,False,16337,19450,15210,14339,55,88,blue,56.2,59.5,blue,False,1454.0,1502.0,blue,False
2223,2223-AU-AUCMP,36,False,18359,20667,18363,21511,96,101,blue,54.6,71.6,blue,False,1419.0,1604.0,blue,False
2223,2223-AU-AUCMP,37,False,11322,12993,19457,13710,166,73,red,121.0,37.8,red,False,1674.0,1463.0,red,False
2223,2223-AU-AUCMP,38,False,18362,15145,13626,21035,134,61,red,73.3,42.7,red,False,1472.0,1449.0,red,False
2223,2223-AU-AUCMP,39,False,11147,15216,16492,14349,97,152,blue,60.5,112.9,blue,False,1441.0,1604.0,blue,False
2223,2223-AU-AUCMP,40,False,16526,11323,11146,12554,94,135,blue,63.8,94.9,blue,False,1425.0,1680.0,blue,False
2223,2223-AU-AUCMP,41,False,19451,18228,14579,11148,88,124,blue,71.5,105.1,blue,False,1452.0,1605.0,blue,False
2223,2223-AU-AUCMP,42,False,18306,18359,14380,15210,106,140,blue,62.6,129.2,blue,False,1453.0,1675.0,blue,False
2223,2223-AU-AUCMP,43,False,19450,20667,11145,18003,91,54,red,75.6,59.1,red,False,1490.0,1559.0,blue,True
2223,2223-AU-AUCMP,44,False,21511,14339,22116,11258,75,165,blue,57.1,103.7,blue,False,1555.0,1571.0,blue,False
2223,2223-AU-AUCMP,45,False,17101,18363,19480,16337,97,84,red,55.4,44.1,red,False,1535.0,1442.0,red,False
2223,2223-AU-AUCMP,46,False,15145,13710,14349,16526,89,131,blue,49.5,135.0,blue,False,1461.0,1619.0,blue,False
2223,2223-AU-AUCMP,47,False,13626,12554,11147,11148,126,128,blue,63.3,120.7,blue,False,1531.0,1561.0,blue,False
2223,2223-AU-AUCMP,48,False,14579,14380,18362,12993,128,200,blue,111.0,133.0,blue,False,1692.0,1632.0,red,True
2223,2223-AU-AUCMP,49,False,16492,19451,18306,19450,76,111,blue,45.4,83.7,blue,False,1452.0,1524.0,blue,False
2223,2223-AU-AUCMP,50,False,15210,22116,20667,11323,110,86,red,111.1,50.5,red,False,1603.0,1414.0,red,False
2223,2223-AU-AUCMP,51,False,11322,16337,18003,21511,80,187,blue,40.2,94.0,blue,False,1468.0,1664.0,blue,False
2223,2223-AU-AUCMP,52,False,21035,18359,17101,15216,76,85,blue,42.6,44.6,blue,False,1427.0,1452.0,blue,False
2223,2223-AU-AUCMP,53,False,19457,11145,19480,14339,84,42,red,32.6,43.0,blue,True,1472.0,1467.0,red,False
2223,2223-AU-AUCMP,54,False,11146,18363,11258,18228,131,106,red,80.1,90.0,blue,True,1629.0,1476.0,red,False
2223,2223-AU-AUCMP,1,True,12993,14349,18003,22116,267,113,red,183.1,108.7,red,False,1777.0,1661.0,red,False
2223,2223-AU-AUCMP,2,True,12993,14349,18003,22116,161,129,red,183.1,108.7,red,False,1777.0,1661.0,red,False
2223,2223-AU-AUCMP,3,True,11146,12554,11147,14380,139,209,blue,94.9,126.5,blue,False,1680.0,1647.0,red,True
2223,2223-AU-AUMPOS1,1,False,22801,8644,18614,19013,206,94,red,208.9,151.1,red,False,1542.0,1476.0,red,False
2223,2223-AU-AUMPOS1,2,False,22975,13710,19030,5843,31,158,blue,40.7,195.1,blue,False,1442.0,1522.0,blue,False
2223,2223-AU-AUMPOS1,3,False,14349,22985,22927,99999,212,110,red,207.6,122.9,red,False,1679.0,1481.0,red,False
2223,2223-AU-AUMPOS1,4,False,11022,22846,22920,23138,151,80,red,156.2,130.7,red,False,1540.0,1500.0,red,False
2223,2223-AU-AUMPOS1,5,False,3491,20870,99998,20871,265,112,red,219.8,159.6,red,False,1533.0,1459.0,red,False
2223,2223-AU-AUMPOS1,6,False,17624,18024,14277,18306,20,168,blue,43.3,100.3,blue,False,1471.0,1506.0,blue,False
2223,2223-AU-AUMPOS1,7,False,17556,19093,12993,21511,65,263,blue,167.6,139.0,red,True,1621.0,1736.0,blue,False
2223,2223-AU-AUMPOS1,8,False,22922,19512,20890,22975,77,117,blue,81.0,102.4,blue,False,1427.0,1469.0,blue,False
2223,2223-AU-AUMPOS1,9,False,13710,99999,23138,22801,90,118,blue,105.6,118.2,blue,False,1475.0,1528.0,blue,False
2223,2223-AU-AUMPOS1,10,False,20871,8644,22920,22927,316,55,red,267.0,111.6,red,False,1516.0,1459.0,red,False
2223,2223-AU-AUMPOS1,11,False,11022,14349,17624,18614,239,116,red,207.3,87.5,red,False,1651.0,1472.0,red,False
2223,2223-AU-AUMPOS1,12,False,3491,18024,12993,19013,89,238,blue,110.1,185.2,blue,False,1510.0,1644.0,blue,False
2223,2223-AU-AUMPOS1,13,False,19512,19030,17556,22985,58,205,blue,81.5,171.1,blue,False,1467.0,1643.0,blue,False
2223,2223-AU-AUMPOS1,14,False,22846,5843,20870,18306,165,161,red,167.0,162.2,red,False,1522.0,1529.0,blue,True
2223,2223-AU-AUMPOS1,15,False,99998,20890,14277,21511,172,72,red,115.6,108.6,red,False,1463.0,1565.0,blue,True
2223,2223-AU-AUMPOS1,16,False,22922,13710,19093,17624,71,105,blue,84.7,142.6,blue,False,1436.0,1521.0,blue,False
2223,2223-AU-AUMPOS1,17,False,22975,8644,3491,11022,126,176,blue,167.6,212.6,blue,False,1504.0,1554.0,blue,False
2223,2223-AU-AUMPOS1,18,False,18024,20871,22985,23138,157,168,blue,136.7,170.0,blue,False,1475.0,1571.0,blue,False
2223,2223-AU-AUMPOS1,19,False,99999,18614,20870,19512,160,99,red,146.4,137.0,red,False,1497.0,1465.0,red,False
2223,2223-AU-AUMPOS1,20,False,18306,22920,12993,19030,125,248,blue,115.9,160.0,blue,False,1508.0,1666.0,blue,False
2223,2223-AU-AUMPOS1,21,False,21511,22922,22846,14349,89,194,blue,114.4,130.9,blue,False,1551.0,1631.0,blue,False
2223,2223-AU-AUMPOS1,22,False,14277,19013,5843,17556,132,233,blue,154.8,181.6,blue,False,1474.0,1597.0,blue,False
2223,2223-AU-AUMPOS1,23,False,20890,22927,19093,22801,99,182,blue,113.4,177.8,blue,False,1464.0,1551.0,blue,False
2223,2223-AU-AUMPOS1,24,False,22975,99998,18024,99999,15,91,blue,60.2,102.2,blue,False,1447.0,1496.0,blue,False
2223,2223-AU-AUMPOS1,25,False,23138,19512,17624,3491,91,109,blue,67.0,125.8,blue,False,1469.0,1508.0,blue,False
2223,2223-AU-AUMPOS1,26,False,12993,13710,18614,22846,148,59,red,109.3,97.8,red,False,1621.0,1498.0,red,False
2223,2223-AU-AUMPOS1,27,False,14277,20871,19030,14349,172,214,blue,184.5,159.0,red,True,1474.0,1632.0,blue,False
2223,2223-AU-AUMPOS1,28,False,8644,20870,17556,20890,233,109,red,267.6,133.4,red,False,1537.0,1577.0,blue,True
2223,2223-AU-AUMPOS1,29,False,5843,99998,19093,22920,176,264,blue,163.8,190.2,blue,False,1483.0,1524.0,blue,False
2223,2223-AU-AUMPOS1,30,False,22927,19013,22922,11022,103,204,blue,127.6,183.7,blue,False,1460.0,1501.0,blue,False
2223,2223-AU-AUMPOS1,31,False,18306,22985,22801,21511,223,32,red,155.3,111.7,red,False,1578.0,1595.0,blue,True
2223,2223-AU-AUMPOS1,32,False,22846,17624,20871,22975,113,188,blue,69.4,146.4,blue,False,1495.0,1465.0,red,True
2223,2223-AU-AUMPOS1,33,False,18024,14349,13710,20890,145,97,red,104.8,96.2,red,False,1608.0,1458.0,red,False
2223,2223-AU-AUMPOS1,34,False,12993,23138,8644,99998,235,192,red,145.5,180.8,blue,True,1669.0,1498.0,red,False
2223,2223-AU-AUMPOS1,35,False,99999,19093,14277,11022,207,156,red,201.5,177.9,red,False,1545.0,1516.0,red,False
2223,2223-AU-AUMPOS1,36,False,22927,17556,18306,18614,77,133,blue,89.0,96.7,blue,False,1557.0,1508.0,red,True
2223,2223-AU-AUMPOS1,37,False,21511,22920,19013,19512,136,104,red,124.2,106.7,red,False,1567.0,1445.0,red,False
2223,2223-AU-AUMPOS1,38,False,22985,3491,5843,22922,242,149,red,212.9,194.6,red,False,1581.0,1483.0,red,False
2223,2223-AU-AUMPOS1,39,False,19030,20870,22801,18024,237,108,red,191.4,78.5,red,False,1519.0,1501.0,red,False
2223,2223-AU-AUMPOS1,40,False,19093,23138,22975,14349,218,140,red,166.5,114.5,red,False,1549.0,1598.0,blue,True
2223,2223-AU-AUMPOS1,41,False,11022,18306,13710,20871,240,58,red,155.0,140.1,red,False,1550.0,1454.0,red,False
2223,2223-AU-AUMPOS1,42,False,19013,20890,22846,99999,91,102,blue,172.1,128.3,red,True,1481.0,1519.0,blue,False
2223,2223-AU-AUMPOS1,43,False,22920,18614,14277,3491,157,171,blue,135.2,157.9,blue,False,1475.0,1509.0,blue,False
2223,2223-AU-AUMPOS1,44,False,19030,17624,8644,21511,103,193,blue,97.5,191.1,blue,False,1495.0,1608.0,blue,False
2223,2223-AU-AUMPOS1,45,False,5843,12993,22927,19512,334,39,red,219.2,48.0,red,False,1668.0,1428.0,red,False
2223,2223-AU-AUMPOS1,46,False,22801,17556,99998,22922,146,124,red,119.2,104.1,red,False,1600.0,1442.0,red,False
2223,2223-AU-AUMPOS1,47,False,22975,20870,22985,11022,172,249,blue,147.0,232.9,blue,False,1486.0,1588.0,blue,False
2223,2223-AU-AUMPOS1,1,True,12993,8644,11022,3491,226,181,red,236.2,212.6,red,False,1684.0,1554.0,red,False
2223,2223-AU-AUMPOS1,2,True,8644,12993,22846,3491,201,129,red,236.2,136.2,red,False,1684.0,1534.0,red,False
2223,2223-AU-AUMPOS1,3,True,20870,99990,99999,14349,238,188,red,123.5,179.5,blue,True,1518.0,1630.0,blue,True
2223,2223-AU-AUCAQ,1,False,21532,19637,16337,19636,10,11,blue,28.0,47.2,blue,False,1468.0,1431.0,red,True
2223,2223-AU-AUCAQ,2,False,16492,20667,19450,19451,54,53,red,52.6,68.4,blue,True,1469.0,1473.0,blue,True
2223,2223-AU-AUCAQ,3,False,19480,12576,11322,12993,18,112,blue,37.8,121.0,blue,False,1478.0,1674.0,blue,False
2223,2223-AU-AUCAQ,4,False,13710,18228,11506,19050,43,18,red,65.2,30.5,red,False,1448.0,1465.0,blue,True
2223,2223-AU-AUCAQ,5,False,14579,17101,18187,18500,76,18,red,62.0,37.0,red,False,1554.0,1484.0,red,False
2223,2223-AU-AUCAQ,6,False,11323,21511,19560,18248,40,39,red,66.8,42.6,red,False,1507.0,1402.0,red,False
2223,2223-AU-AUCAQ,7,False,15145,14380,11505,14466,96,50,red,112.1,42.1,red,False,1644.0,1483.0,red,False
2223,2223-AU-AUCAQ,8,False,17556,16637,13626,19221,22,36,blue,63.9,57.6,red,True,1546.0,1465.0,red,True
2223,2223-AU-AUCAQ,9,False,16337,11506,19451,12993,14,21,blue,17.1,115.6,blue,False,1405.0,1626.0,blue,False
2223,2223-AU-AUCAQ,10,False,19637,14579,20667,13710,42,40,red,50.8,47.9,red,False,1535.0,1452.0,red,False
2223,2223-AU-AUCAQ,11,False,19560,12576,18500,19636,28,31,blue,41.6,36.3,red,True,1447.0,1454.0,blue,False
2223,2223-AU-AUCAQ,12,False,11505,21532,19450,19050,27,43,blue,30.9,69.6,blue,False,1453.0,1515.0,blue,False
2223,2223-AU-AUCAQ,13,False,14466,11323,17556,11322,42,41,red,39.4,83.5,blue,True,1434.0,1603.0,blue,True
2223,2223-AU-AUCAQ,14,False,19480,19221,21511,18228,69,51,red,66.5,95.0,blue,True,1502.0,1562.0,blue,True
2223,2223-AU-AUCAQ,15,False,18248,18187,13626,14380,41,152,blue,42.8,103.7,blue,False,1452.0,1604.0,blue,False
2223,2223-AU-AUCAQ,16,False,17101,16492,15145,16637,69,31,red,52.7,41.8,red,False,1492.0,1457.0,red,False
2223,2223-AU-AUCAQ,17,False,19450,12993,18500,19637,66,2,red,137.0,19.9,red,False,1659.0,1464.0,red,False
2223,2223-AU-AUCAQ,18,False,11323,19636,20667,11505,29,42,blue,55.8,53.2,red,True,1409.0,1462.0,blue,False
2223,2223-AU-AUCAQ,19,False,19451,14579,21511,19050,14,77,blue,54.7,71.7,blue,False,1513.0,1591.0,blue,False
2223,2223-AU-AUCAQ,20,False,19221,16337,18187,14466,58,61,blue,44.9,56.3,blue,False,1460.0,1518.0,blue,False
2223,2223-AU-AUCAQ,21,False,18248,16637,13710,12576,21,27,blue,15.5,22.2,blue,False,1402.0,1451.0,blue,False
2223,2223-AU-AUCAQ,22,False,19480,17556,11506,15145,35,64,blue,87.3,38.1,red,True,1577.0,1450.0,red,True
2223,2223-AU-AUCAQ,23,False,11322,13626,17101,21532,75,52,red,52.9,39.2,red,False,1473.0,1488.0,blue,True
2223,2223-AU-AUCAQ,24,False,18228,16492,14380,19560,80,89,blue,69.9,116.4,blue,False,1464.0,1609.0,blue,False
2223,2223-AU-AUCAQ,25,False,19050,18500,16337,20667,52,31,red,25.0,41.9,blue,True,1484.0,1437.0,red,False
2223,2223-AU-AUCAQ,26,False,19637,19451,16637,18187,66,85,blue,43.1,46.2,blue,False,1461.0,1472.0,blue,False
2223,2223-AU-AUCAQ,27,False,19450,15145,18248,19221,90,41,red,77.2,39.7,red,False,1499.0,1451.0,red,False
2223,2223-AU-AUCAQ,28,False,21511,17101,17556,12993,82,80,red,77.8,146.6,blue,True,1590.0,1741.0,blue,True
2223,2223-AU-AUCAQ,29,False,14466,12576,18228,13626,75,35,red,24.6,72.0,blue,True,1492.0,1438.0,red,False
2223,2223-AU-AUCAQ,30,False,14380,13710,11323,21532,72,43,red,97.0,28.2,red,False,1614.0,1405.0,red,False
2223,2223-AU-AUCAQ,31,False,11506,19636,11322,16492,35,56,blue,41.8,50.9,blue,False,1436.0,1500.0,blue,False
2223,2223-AU-AUCAQ,32,False,11505,19560,14579,19480,45,64,blue,59.1,64.0,blue,False,1437.0,1536.0,blue,False
2223,2223-AU-AUCAQ,33,False,18248,19050,19637,17101,27,71,blue,30.7,50.5,blue,False,1452.0,1501.0,blue,False
2223,2223-AU-AUCAQ,34,False,16637,19450,18228,16337,43,48,blue,54.4,59.3,blue,False,1465.0,1432.0,red,True
2223,2223-AU-AUCAQ,35,False,20667,14380,12576,17556,106,21,red,110.5,59.5,red,False,1635.0,1571.0,red,False
2223,2223-AU-AUCAQ,36,False,18500,11506,21532,19221,33,45,blue,6.1,42.0,blue,False,1427.0,1487.0,blue,False
2223,2223-AU-AUCAQ,37,False,19636,19451,14466,19480,42,62,blue,59.5,52.4,red,True,1451.0,1499.0,blue,False
2223,2223-AU-AUCAQ,38,False,12993,13710,19560,15145,107,68,red,109.3,68.9,red,False,1621.0,1457.0,red,False
2223,2223-AU-AUCAQ,39,False,18187,11322,11505,21511,83,73,red,65.7,69.5,blue,True,1529.0,1556.0,blue,True
2223,2223-AU-AUCAQ,40,False,16492,13626,14579,11323,58,45,red,45.8,51.0,blue,True,1438.0,1471.0,blue,True
2223,2223-AU-AUCAQ,1,True,14380,18228,13626,21511,94,58,red,127.8,70.9,red,False,1630.0,1535.0,red,False
2223,2223-AU-AUCAQ,2,True,18228,14380,14466,21511,59,60,blue,127.8,66.5,red,True,1630.0,1587.0,red,True
2223,2223-AU-AUCAQ,3,True,14380,20667,14466,21511,104,50,red,110.5,66.5,red,False,1635.0,1587.0,red,False
2223,2223-AU-AUBROS,1,False,14579,11506,11505,19450,36,25,red,37.0,67.4,blue,True,1498.0,1480.0,red,False
2223,2223-AU-AUBROS,2,False,18294,18306,11322,11505,62,11,red,52.9,51.5,red,False,1539.0,1494.0,red,False
2223,2223-AU-AUBROS,3,False,11322,11506,18306,19450,30,94,blue,34.8,83.7,blue,False,1472.0,1524.0,blue,False
2223,2223-AU-AUBROS,4,False,18294,19450,18306,14579,44,112,blue,59.1,69.9,blue,False,1523.0,1564.0,blue,False
2223,2223-AU-AUBROS,5,False,11322,11505,14579,11506,33,68,blue,51.5,37.0,red,True,1494.0,1498.0,blue,False
2223,2223-AU-AUBROS,6,False,11505,18294,19450,11322,38,94,blue,36.7,73.9,blue,False,1495.0,1522.0,blue,False
2223,2223-AU-AUBROS,7,False,11506,18306,18294,14579,33,50,blue,44.6,45.4,blue,False,1475.0,1562.0,blue,False
2223,2223-AU-AUBROS,8,False,19450,14579,18306,11505,98,70,red,76.1,61.2,red,False,1547.0,1496.0,red,False
2223,2223-AU-AUBROS,9,False,11506,19450,18294,11322,20,44,blue,50.8,43.2,red,True,1458.0,1537.0,blue,False
2223,2223-AU-AUBROS,10,False,11322,18306,11506,11505,88,17,red,67.7,28.3,red,False,1538.0,1430.0,red,False
2223,2223-AU-AUBROS,11,False,14579,11505,11506,18294,73,24,red,53.7,20.0,red,False,1519.0,1474.0,red,False
2324,2324-AU-AUMPOS,1,False,24697,18362,19745,23335,233,148,red,207.1,148.5,red,False,1521.0,1468.0,red,False
2324,2324-AU-AUMPOS,2,False,21803,25290,22927,22985,61,168,blue,61.3,151.0,blue,False,1432.0,1529.0,blue,False
2324,2324-AU-AUMPOS,3,False,21612,23732,23070,23331,129,71,red,139.5,123.0,red,False,1528.0,1530.0,blue,True
2324,2324-AU-AUMPOS,4,False,12993,19013,20914,20890,285,152,red,185.2,181.9,red,False,1644.0,1493.0,red,False
2324,2324-AU-AUMPOS,5,False,19343,23332,11511,17556,57,241,blue,40.2,205.8,blue,False,1401.0,1640.0,blue,False
2324,2324-AU-AUMPOS,6,False,23400,25100,23369,21612,214,59,red,230.0,103.2,red,False,1534.0,1506.0,red,False
2324,2324-AU-AUMPOS,7,False,20914,25290,24697,23732,94,236,blue,132.9,251.4,blue,False,1462.0,1562.0,blue,False
2324,2324-AU-AUMPOS,8,False,23332,23070,23331,23335,78,121,blue,68.3,97.1,blue,False,1394.0,1525.0,blue,False
2324,2324-AU-AUMPOS,9,False,11511,22927,18362,23400,264,87,red,185.7,116.7,red,False,1527.0,1486.0,red,False
2324,2324-AU-AUMPOS,10,False,19013,23369,22985,19745,180,202,blue,142.1,239.4,blue,False,1484.0,1576.0,blue,False
2324,2324-AU-AUMPOS,11,False,17556,25100,21803,12993,221,245,blue,208.7,123.4,red,True,1610.0,1626.0,blue,False
2324,2324-AU-AUMPOS,12,False,20890,23732,21612,19343,210,40,red,164.2,77.7,red,False,1509.0,1473.0,red,False
2324,2324-AU-AUMPOS,13,False,23331,22985,18362,20914,243,83,red,188.0,143.9,red,False,1633.0,1477.0,red,False
2324,2324-AU-AUMPOS,14,False,23335,19013,23400,17556,127,230,blue,118.9,130.2,blue,False,1438.0,1594.0,blue,False
2324,2324-AU-AUMPOS,15,False,23070,20890,25100,21803,165,202,blue,130.5,185.6,blue,False,1447.0,1496.0,blue,False
2324,2324-AU-AUMPOS,16,False,19343,23369,22927,24697,92,191,blue,72.4,200.6,blue,False,1456.0,1516.0,blue,False
2324,2324-AU-AUMPOS,17,False,11511,12993,25290,19745,334,130,red,243.3,152.8,red,False,1711.0,1480.0,red,False
2324,2324-AU-AUMPOS,18,False,18362,23732,25100,23332,135,170,blue,126.2,171.0,blue,False,1494.0,1464.0,red,True
2324,2324-AU-AUMPOS,19,False,22985,17556,24697,20890,175,187,blue,171.1,245.1,blue,False,1643.0,1537.0,red,True
2324,2324-AU-AUMPOS,20,False,23331,19013,25290,19343,274,62,red,164.6,53.4,red,False,1564.0,1423.0,red,False
2324,2324-AU-AUMPOS,21,False,20914,23335,22927,21803,182,75,red,128.7,65.8,red,False,1450.0,1442.0,red,False
2324,2324-AU-AUMPOS,22,False,12993,21612,23369,11511,147,143,red,146.3,200.2,blue,True,1667.0,1550.0,red,False
2324,2324-AU-AUMPOS,23,False,23400,23070,23332,19745,163,160,red,127.3,139.5,blue,True,1463.0,1457.0,red,False
2324,2324-AU-AUMPOS,24,False,22985,25100,23335,17556,306,155,red,270.8,80.2,red,False,1583.0,1535.0,red,False
2324,2324-AU-AUMPOS,25,False,23732,11511,22927,23331,196,109,red,236.6,105.9,red,False,1572.0,1547.0,red,False
2324,2324-AU-AUMPOS,26,False,19343,24697,12993,23400,215,236,blue,189.6,167.8,red,True,1506.0,1665.0,blue,False
2324,2324-AU-AUMPOS,27,False,23070,20914,23369,25290,174,116,red,154.6,78.9,red,False,1454.0,1457.0,blue,True
2324,2324-AU-AUMPOS,28,False,21803,18362,19013,21612,79,173,blue,72.3,147.4,blue,False,1447.0,1500.0,blue,False
2324,2324-AU-AUMPOS,29,False,19745,20890,22927,23332,150,34,red,201.7,51.2,red,False,1510.0,1411.0,red,False
2324,2324-AU-AUMPOS,30,False,11511,19343,23070,22985,229,83,red,174.8,168.1,red,False,1516.0,1512.0,red,False
2324,2324-AU-AUMPOS,31,False,25100,21612,19013,25290,315,191,red,208.5,123.1,red,False,1536.0,1450.0,red,False
2324,2324-AU-AUMPOS,32,False,23331,23332,23369,24697,90,218,blue,88.1,215.0,blue,False,1515.0,1540.0,blue,False
2324,2324-AU-AUMPOS,33,False,21803,23400,18362,12993,71,336,blue,107.1,133.0,blue,False,1480.0,1632.0,blue,False
2324,2324-AU-AUMPOS,34,False,19745,17556,23732,20914,240,213,red,177.3,188.2,blue,True,1603.0,1517.0,red,False
2324,2324-AU-AUMPOS,35,False,20890,11511,23369,23335,210,79,red,230.2,74.7,red,False,1547.0,1445.0,red,False
2324,2324-AU-AUMPOS,36,False,25100,24697,19343,22927,356,51,red,320.4,57.9,red,False,1570.0,1433.0,red,False
2324,2324-AU-AUMPOS,37,False,23732,23332,19013,21803,120,83,red,102.0,124.5,blue,True,1456.0,1459.0,blue,True
2324,2324-AU-AUMPOS,38,False,22985,23335,23331,12993,45,310,blue,142.3,163.5,blue,False,1507.0,1731.0,blue,False
2324,2324-AU-AUMPOS,39,False,20890,25290,19745,18362,113,211,blue,108.9,163.8,blue,False,1454.0,1495.0,blue,False
2324,2324-AU-AUMPOS,40,False,21612,23070,17556,20914,138,297,blue,105.8,157.5,blue,False,1466.0,1585.0,blue,False
2324,2324-AU-AUMPOS,41,False,23369,23400,23732,21803,160,111,red,124.7,116.6,red,False,1504.0,1488.0,red,False
2324,2324-AU-AUMPOS,42,False,12993,25100,23332,22985,308,144,red,246.3,133.3,red,False,1681.0,1497.0,red,False
2324,2324-AU-AUMPOS,43,False,23335,18362,19343,20914,109,118,blue,66.7,126.5,blue,False,1426.0,1461.0,blue,False
2324,2324-AU-AUMPOS,44,False,22927,19745,21612,23331,214,133,red,157.2,125.6,red,False,1490.0,1587.0,blue,True
2324,2324-AU-AUMPOS,45,False,17556,25290,20890,23400,141,134,red,84.5,154.7,blue,True,1547.0,1502.0,red,False
2324,2324-AU-AUMPOS,46,False,24697,19013,23070,11511,329,238,red,259.3,202.9,red,False,1533.0,1509.0,red,False
2324,2324-AU-AUMPOS,47,False,20914,19745,25100,19343,240,139,red,225.8,177.7,red,False,1518.0,1486.0,red,False
2324,2324-AU-AUMPOS,48,False,25290,21612,23332,23335,101,35,red,84.2,42.5,red,False,1473.0,1389.0,red,False
2324,2324-AU-AUMPOS,49,False,12993,22985,23070,23732,350,116,red,208.6,136.8,red,False,1714.0,1471.0,red,False
2324,2324-AU-AUMPOS,50,False,23369,23331,19013,23400,112,228,blue,120.3,168.9,blue,False,1571.0,1498.0,red,True
2324,2324-AU-AUMPOS,51,False,20890,21803,24697,11511,150,283,blue,110.3,317.4,blue,False,1463.0,1600.0,blue,False
2324,2324-AU-AUMPOS,52,False,22927,18362,17556,12993,100,264,blue,75.4,146.6,blue,False,1448.0,1741.0,blue,False
2324,2324-AU-AUMPOS,53,False,23400,23332,22985,20914,97,231,blue,92.5,219.5,blue,False,1449.0,1558.0,blue,False
2324,2324-AU-AUMPOS,54,False,23335,24697,19013,23732,211,225,blue,191.9,178.4,red,True,1494.0,1506.0,blue,False
2324,2324-AU-AUMPOS,55,False,25290,23331,17556,20890,72,178,blue,101.4,133.4,blue,False,1537.0,1577.0,blue,False
2324,2324-AU-AUMPOS,56,False,22927,23369,18362,23070,103,98,red,83.4,92.5,blue,True,1467.0,1431.0,red,False
2324,2324-AU-AUMPOS,57,False,19745,19343,21612,21803,131,132,blue,146.3,85.6,red,True,1479.0,1482.0,blue,False
2324,2324-AU-AUMPOS,58,False,11511,23331,20914,25100,253,187,red,222.7,257.2,blue,True,1630.0,1525.0,red,False
2324,2324-AU-AUMPOS,1,True,12993,11511,17556,20914,332,223,red,243.3,157.5,red,False,1711.0,1585.0,red,False
2324,2324-AU-AUMPOS,2,True,22985,11511,23400,20914,264,198,red,267.8,178.7,red,False,1613.0,1509.0,red,False
2324,2324-AU-AUCMP,1,False,21035,15215,14380,11323,29,121,blue,46.0,99.6,blue,False,1464.0,1576.0,blue,False
2324,2324-AU-AUCMP,2,False,18360,11146,11148,21511,113,156,blue,79.2,120.9,blue,False,1587.0,1641.0,blue,False
2324,2324-AU-AUCMP,3,False,19377,23335,11145,23369,42,55,blue,50.9,61.0,blue,False,1413.0,1470.0,blue,False
2324,2324-AU-AUCMP,4,False,18228,19218,11322,12554,114,118,blue,94.2,68.3,red,True,1482.0,1593.0,blue,False
2324,2324-AU-AUCMP,5,False,23636,19296,17556,23331,113,126,blue,74.9,125.9,blue,False,1564.0,1661.0,blue,False
2324,2324-AU-AUCMP,6,False,11505,15144,19480,18611,70,41,red,56.3,38.2,red,False,1488.0,1407.0,red,False
2324,2324-AU-AUCMP,7,False,19341,23875,22407,18362,97,107,blue,57.9,68.8,blue,False,1467.0,1503.0,blue,False
2324,2324-AU-AUCMP,8,False,14579,18359,15145,18363,56,94,blue,55.1,56.9,blue,False,1476.0,1520.0,blue,False
2324,2324-AU-AUCMP,9,False,18306,19450,18439,13710,133,64,red,83.7,43.7,red,False,1524.0,1476.0,red,False
2324,2324-AU-AUCMP,10,False,17101,12993,24963,11143,69,173,blue,122.9,67.0,red,True,1666.0,1512.0,red,True
2324,2324-AU-AUCMP,11,False,11146,22116,11323,16188,154,27,red,117.3,26.4,red,False,1682.0,1392.0,red,False
2324,2324-AU-AUCMP,12,False,21511,21035,23369,19296,48,36,red,65.7,67.8,blue,True,1574.0,1485.0,red,False
2324,2324-AU-AUCMP,13,False,17556,15215,18228,18360,74,196,blue,81.8,71.7,red,True,1555.0,1465.0,red,True
2324,2324-AU-AUCMP,14,False,11322,19480,19377,23636,48,19,red,61.8,81.1,blue,True,1510.0,1537.0,blue,True
2324,2324-AU-AUCMP,15,False,11145,11148,18611,18359,140,17,red,86.0,29.3,red,False,1536.0,1348.0,red,False
2324,2324-AU-AUCMP,16,False,18363,14380,23335,18362,158,25,red,104.4,66.7,red,False,1673.0,1426.0,red,False
2324,2324-AU-AUCMP,17,False,12554,24963,18306,14579,77,94,blue,53.7,69.9,blue,False,1579.0,1564.0,red,True
2324,2324-AU-AUCMP,18,False,13710,23331,15144,19218,170,52,red,88.6,80.0,red,False,1541.0,1512.0,red,False
2324,2324-AU-AUCMP,19,False,11143,16188,18439,19341,55,110,blue,59.2,67.9,blue,False,1472.0,1544.0,blue,False
2324,2324-AU-AUCMP,20,False,23875,15145,22116,17101,64,144,blue,48.8,92.5,blue,False,1429.0,1587.0,blue,False
2324,2324-AU-AUCMP,21,False,11505,19450,12993,22407,164,148,red,67.4,119.9,blue,True,1480.0,1682.0,blue,True
2324,2324-AU-AUCMP,22,False,19480,11323,19296,18228,146,94,red,52.7,66.9,blue,True,1420.0,1471.0,blue,True
2324,2324-AU-AUCMP,23,False,23335,21511,11322,18359,80,65,red,72.7,52.9,red,False,1530.0,1451.0,red,False
2324,2324-AU-AUCMP,24,False,24963,18360,18363,23636,60,117,blue,38.0,80.5,blue,False,1486.0,1599.0,blue,False
2324,2324-AU-AUCMP,25,False,23369,18362,19218,15215,374,92,red,89.9,73.5,red,False,1472.0,1470.0,red,False
2324,2324-AU-AUCMP,26,False,11145,11143,21035,23331,116,141,blue,64.7,90.1,blue,False,1483.0,1569.0,blue,False
2324,2324-AU-AUCMP,27,False,14380,15145,19341,18306,220,78,red,112.1,80.2,red,False,1644.0,1553.0,red,False
2324,2324-AU-AUCMP,28,False,18439,12993,12554,11146,143,152,blue,118.6,94.9,red,True,1666.0,1680.0,blue,False
2324,2324-AU-AUCMP,29,False,14579,19377,11505,22116,94,164,blue,56.4,84.2,blue,False,1506.0,1553.0,blue,False
2324,2324-AU-AUCMP,30,False,18611,17556,22407,13710,121,104,red,59.9,45.0,red,False,1500.0,1492.0,red,False
2324,2324-AU-AUCMP,31,False,15144,11148,16188,23875,158,45,red,107.8,23.1,red,False,1574.0,1398.0,red,False
2324,2324-AU-AUCMP,33,False,19218,11145,19296,18360,75,66,red,58.3,42.6,red,False,1475.0,1472.0,red,False
2324,2324-AU-AUCMP,34,False,19341,21511,24963,11323,152,30,red,88.4,34.2,red,False,1613.0,1431.0,red,False
2324,2324-AU-AUCMP,35,False,12993,11322,21035,15145,159,124,red,121.0,51.0,red,False,1674.0,1489.0,red,False
2324,2324-AU-AUCMP,36,False,18228,18306,11505,18363,231,62,red,86.7,47.1,red,False,1502.0,1500.0,red,False
2324,2324-AU-AUCMP,37,False,19480,22116,18359,18439,80,13,red,94.5,50.4,red,False,1569.0,1443.0,red,False
2324,2324-AU-AUCMP,38,False,16188,13710,15215,14579,32,90,blue,23.8,58.5,blue,False,1430.0,1513.0,blue,False
2324,2324-AU-AUCMP,39,False,23875,11143,18611,23335,93,11,red,69.1,31.1,red,False,1442.0,1365.0,red,False
2324,2324-AU-AUCMP,41,False,23369,12554,17556,15144,92,89,red,88.2,88.3,blue,True,1570.0,1597.0,blue,True
2324,2324-AU-AUCMP,42,False,19450,19377,11148,23331,147,170,blue,70.1,145.3,blue,False,1467.0,1637.0,blue,False
2324,2324-AU-AUCMP,43,False,19296,11505,19341,11322,126,83,red,41.4,70.4,blue,True,1465.0,1551.0,blue,True
2324,2324-AU-AUCMP,44,False,22116,18228,11145,12993,145,171,blue,109.7,104.2,red,True,1559.0,1630.0,blue,False
2324,2324-AU-AUCMP,45,False,11323,18439,18360,14579,25,143,blue,46.3,54.9,blue,False,1438.0,1526.0,blue,False
2324,2324-AU-AUCMP,46,False,18363,13710,19480,11143,66,148,blue,41.8,85.5,blue,False,1490.0,1500.0,blue,False
2324,2324-AU-AUCMP,47,False,19218,22407,18306,16188,124,98,red,74.0,45.3,red,False,1527.0,1484.0,red,False
2324,2324-AU-AUCMP,48,False,18359,23369,14380,24963,59,165,blue,72.8,94.2,blue,False,1428.0,1652.0,blue,False
2324,2324-AU-AUCMP,49,False,17101,23335,11148,17556,72,175,blue,56.6,128.4,blue,False,1460.0,1647.0,blue,False
2324,2324-AU-AUCMP,50,False,18611,12554,15145,19377,58,96,blue,44.7,57.5,blue,False,1490.0,1458.0,red,True
2324,2324-AU-AUCMP,51,False,15215,23636,23875,21511,95,62,red,83.3,63.4,red,False,1544.0,1514.0,red,False
2324,2324-AU-AUCMP,52,False,21035,15144,11146,19450,87,69,red,52.5,100.5,blue,True,1506.0,1608.0,blue,True
2324,2324-AU-AUCMP,53,False,23331,11323,18362,18228,107,111,blue,91.2,89.0,red,True,1503.0,1459.0,red,True
2324,2324-AU-AUCMP,1,True,12993,11148,23636,17556,242,150,red,166.0,110.4,red,False,1717.0,1659.0,red,False
2324,2324-AU-AUCMP,2,True,11148,12993,11145,17556,243,35,red,166.0,66.6,red,False,1717.0,1560.0,red,False
2324,2324-AU-AUCMP,3,True,14380,15145,23331,11146,170,153,red,112.1,126.9,blue,True,1644.0,1680.0,blue,True
2324,2324-AU-AUADOS,1,False,15215,15210,24736,19377,71,48,red,76.7,50.0,red,False,1496.0,1474.0,red,False
2324,2324-AU-AUADOS,2,False,14380,11505,22407,22116,45,82,blue,102.3,89.5,red,True,1624.0,1603.0,red,True
2324,2324-AU-AUADOS,3,False,11505,19377,24736,14380,62,65,blue,47.7,104.6,blue,False,1439.0,1659.0,blue,False
2324,2324-AU-AUADOS,4,False,15215,22407,22116,15210,121,134,blue,55.1,111.1,blue,False,1496.0,1603.0,blue,False
2324,2324-AU-AUADOS,5,False,22116,19377,24736,22407,49,100,blue,86.9,52.6,red,True,1540.0,1537.0,red,True
2324,2324-AU-AUADOS,6,False,15215,14380,11505,15210,92,53,red,107.1,71.9,red,False,1618.0,1502.0,red,False
2324,2324-AU-AUADOS,7,False,15210,19377,22116,11505,81,86,blue,74.6,84.2,blue,False,1489.0,1553.0,blue,False
2324,2324-AU-AUADOS,8,False,15215,24736,14380,22407,103,105,blue,52.1,107.6,blue,False,1480.0,1675.0,blue,False
2324,2324-AU-AUADOS,9,False,22407,11505,19377,15215,67,96,blue,50.3,52.5,blue,False,1502.0,1433.0,red,True
2324,2324-AU-AUADOS,10,False,15210,24736,22116,14380,50,83,blue,74.2,141.5,blue,False,1537.0,1725.0,blue,False
2324,2324-AU-AUADOS,1,True,22116,19377,15215,15210,45,129,blue,86.9,76.7,red,True,1540.0,1496.0,red,True
2324,2324-AU-AUADOS,2,True,22116,19377,15215,15210,40,106,blue,86.9,76.7,red,True,1540.0,1496.0,red,True
2324,2324-AU-AUADOS,3,True,15215,15210,22407,24736,118,129,blue,76.7,52.6,red,True,1496.0,1537.0,blue,False
2324,2324-AU-AUBRQ,1,False,19451,23332,19636,11326,23,17,red,40.2,61.0,blue,True,1409.0,1471.0,blue,True
2324,2324-AU-AUBRQ,2,False,24089,23454,17101,24528,48,29,red,32.8,43.7,blue,True,1440.0,1516.0,blue,True
2324,2324-AU-AUBRQ,3,False,17556,19560,23173,14340,34,14,red,91.1,25.6,red,False,1546.0,1459.0,red,False
2324,2324-AU-AUBRQ,4,False,16637,11505,14380,23334,8,105,blue,31.9,95.3,blue,False,1437.0,1606.0,blue,False
2324,2324-AU-AUBRQ,5,False,23065,16492,11323,18439,31,7,red,39.0,46.3,blue,True,1506.0,1438.0,red,False
2324,2324-AU-AUBRQ,6,False,11506,12993,11325,11322,5,63,blue,97.9,62.2,red,True,1610.0,1573.0,red,True
2324,2324-AU-AUBRQ,7,False,21511,19450,19480,14579,42,27,red,91.9,64.0,red,False,1584.0,1536.0,red,False
2324,2324-AU-AUBRQ,8,False,15145,14466,11324,13710,55,14,red,51.9,42.6,red,False,1502.0,1481.0,red,False
2324,2324-AU-AUBRQ,9,False,23335,13626,17556,16337,10,50,blue,49.7,65.7,blue,False,1405.0,1535.0,blue,False
2324,2324-AU-AUBRQ,10,False,18439,23454,19451,23173,19,7,red,50.9,55.0,blue,True,1482.0,1437.0,red,False
2324,2324-AU-AUBRQ,11,False,19636,14340,24528,12993,28,24,red,30.2,104.9,blue,True,1472.0,1662.0,blue,True
2324,2324-AU-AUBRQ,12,False,11323,23332,19450,16637,12,38,blue,36.6,54.4,blue,False,1367.0,1465.0,blue,False
2324,2324-AU-AUBRQ,13,False,11505,19480,23065,15145,35,13,red,55.3,49.5,red,False,1468.0,1520.0,blue,True
2324,2324-AU-AUBRQ,14,False,23335,17101,23334,19560,64,51,red,56.6,52.1,red,False,1460.0,1419.0,red,False
2324,2324-AU-AUBRQ,15,False,16337,14380,11322,11326,118,31,red,91.0,54.0,red,False,1598.0,1508.0,red,False
2324,2324-AU-AUBRQ,16,False,13626,11506,11324,14579,13,29,blue,29.8,56.6,blue,False,1410.0,1559.0,blue,False
2324,2324-AU-AUBRQ,17,False,13710,11325,21511,24089,47,24,red,50.5,55.3,blue,True,1521.0,1548.0,blue,True
2324,2324-AU-AUBRQ,18,False,14466,16637,16492,19451,55,13,red,29.0,45.4,blue,True,1468.0,1452.0,red,False
2324,2324-AU-AUBRQ,19,False,11323,17101,15145,17556,28,119,blue,50.7,86.8,blue,False,1438.0,1581.0,blue,False
2324,2324-AU-AUBRQ,20,False,11326,24528,19480,23335,25,47,blue,37.8,58.6,blue,False,1496.0,1442.0,red,True
2324,2324-AU-AUBRQ,21,False,12993,23173,23065,11324,7,26,blue,123.5,42.5,red,True,1623.0,1540.0,red,True
2324,2324-AU-AUBRQ,22,False,19560,19636,14380,11506,28,98,blue,72.6,85.6,blue,False,1442.0,1603.0,blue,False
2324,2324-AU-AUBRQ,23,False,23454,23334,21511,14466,34,51,blue,39.9,66.5,blue,False,1429.0,1587.0,blue,False
2324,2324-AU-AUBRQ,24,False,13626,24089,19450,11322,52,73,blue,32.3,73.9,blue,False,1424.0,1522.0,blue,False
2324,2324-AU-AUBRQ,25,False,16337,18439,23332,11325,21,56,blue,37.7,50.0,blue,False,1461.0,1495.0,blue,False
2324,2324-AU-AUBRQ,26,False,14579,13710,14340,16492,43,17,red,48.4,16.1,red,False,1509.0,1473.0,red,False
2324,2324-AU-AUBRQ,27,False,11323,12993,11505,19560,99,57,red,111.9,59.1,red,False,1583.0,1437.0,red,False
2324,2324-AU-AUBRQ,28,False,23334,15145,11506,19451,32,45,blue,47.8,29.3,red,True,1453.0,1424.0,red,True
2324,2324-AU-AUBRQ,29,False,19450,11324,17101,11326,57,31,red,70.3,55.8,red,False,1520.0,1500.0,red,False
2324,2324-AU-AUBRQ,30,False,24528,16337,23065,14466,39,35,red,24.1,36.7,blue,True,1456.0,1531.0,blue,True
2324,2324-AU-AUBRQ,31,False,19636,14579,18439,24089,12,14,blue,67.2,34.8,red,True,1525.0,1479.0,red,True
2324,2324-AU-AUBRQ,32,False,23173,16492,13626,19480,40,96,blue,53.4,56.8,blue,False,1450.0,1448.0,red,True
2324,2324-AU-AUBRQ,33,False,11325,14380,14340,23454,114,22,red,113.0,18.6,red,False,1704.0,1463.0,red,False
2324,2324-AU-AUBRQ,34,False,17556,11505,23332,21511,105,68,red,77.0,63.7,red,False,1561.0,1519.0,red,False
2324,2324-AU-AUBRQ,35,False,11322,13710,23335,16637,20,9,red,46.2,35.2,red,False,1483.0,1411.0,red,False
2324,2324-AU-AUBRQ,36,False,14466,19560,11326,18439,59,101,blue,56.2,51.5,red,True,1468.0,1500.0,blue,False
2324,2324-AU-AUBRQ,37,False,19451,11324,19480,24089,67,28,red,48.9,41.1,red,False,1486.0,1461.0,red,False
2324,2324-AU-AUBRQ,38,False,23173,11323,24528,14380,15,120,blue,51.3,92.6,blue,False,1395.0,1654.0,blue,False
2324,2324-AU-AUBRQ,39,False,16492,19450,17556,11506,53,71,blue,66.8,60.3,red,True,1486.0,1540.0,blue,False
2324,2324-AU-AUBRQ,40,False,16637,21511,15145,19636,78,76,red,56.4,68.3,blue,True,1541.0,1477.0,red,False
2324,2324-AU-AUBRQ,41,False,14579,11325,23335,11505,51,48,red,64.4,48.2,red,False,1599.0,1426.0,red,False
2324,2324-AU-AUBRQ,42,False,23334,23332,12993,13626,34,38,blue,32.2,116.0,blue,False,1397.0,1611.0,blue,False
2324,2324-AU-AUBRQ,43,False,14340,11322,23065,17101,10,44,blue,23.1,48.0,blue,False,1509.0,1534.0,blue,False
2324,2324-AU-AUBRQ,44,False,23454,16337,13710,11323,36,39,blue,35.7,37.1,blue,False,1422.0,1393.0,red,True
2324,2324-AU-AUBRQ,45,False,14380,19480,14466,17556,129,75,red,112.6,74.1,red,False,1640.0,1592.0,red,False
2324,2324-AU-AUBRQ,46,False,15145,19450,19560,11325,47,56,blue,77.2,69.8,red,True,1499.0,1516.0,blue,False
2324,2324-AU-AUBRQ,47,False,24089,11506,23335,23173,13,40,blue,14.1,57.2,blue,False,1423.0,1417.0,red,True
2324,2324-AU-AUBRQ,48,False,11322,24528,16492,11324,48,26,red,41.8,47.3,blue,True,1524.0,1498.0,red,False
2324,2324-AU-AUBRQ,49,False,18439,17101,12993,16637,32,28,red,57.3,101.5,blue,True,1521.0,1617.0,blue,True
2324,2324-AU-AUBRQ,50,False,14579,23065,23454,23332,44,39,red,48.3,41.2,red,False,1568.0,1411.0,red,False
2324,2324-AU-AUBRQ,51,False,21511,14340,16337,19451,36,34,red,41.1,34.7,red,False,1571.0,1420.0,red,False
2324,2324-AU-AUBRQ,52,False,19636,11505,13710,13626,52,35,red,58.5,41.2,red,False,1457.0,1421.0,red,False
2324,2324-AU-AUBRQ,53,False,11326,17556,23334,11323,91,40,red,79.5,35.3,red,False,1575.0,1385.0,red,False
2324,2324-AU-AUBRQ,1,True,14380,11325,11322,17101,110,31,red,113.0,59.8,red,False,1704.0,1528.0,red,False
2324,2324-AU-AUBRQ,2,True,12993,11325,11505,17101,101,36,red,125.3,53.3,red,False,1711.0,1486.0,red,False
2324,2324-AU-AUADQ,1,False,19377,15215,18003,15210,22,41,blue,52.5,96.4,blue,False,1433.0,1611.0,blue,False
2324,2324-AU-AUADQ,2,False,22116,21531,23686,22407,87,18,red,89.4,44.5,red,False,1578.0,1550.0,red,False
2324,2324-AU-AUADQ,3,False,18611,24736,15216,22407,18,29,blue,30.1,41.6,blue,False,1426.0,1468.0,blue,False
2324,2324-AU-AUADQ,4,False,22116,23686,18003,18611,69,19,red,78.4,52.4,red,False,1601.0,1499.0,red,False
2324,2324-AU-AUADQ,5,False,21531,15216,19377,15210,20,37,blue,41.5,74.6,blue,False,1442.0,1489.0,blue,False
2324,2324-AU-AUADQ,6,False,15210,15215,24736,22116,23,87,blue,76.7,86.5,blue,False,1496.0,1588.0,blue,False
2324,2324-AU-AUADQ,7,False,18611,19377,23686,24736,22,36,blue,30.6,41.5,blue,False,1378.0,1535.0,blue,False
2324,2324-AU-AUADQ,8,False,15215,18003,21531,22407,65,29,red,74.3,55.5,red,False,1554.0,1527.0,red,False
2324,2324-AU-AUADQ,9,False,15210,15216,15215,23686,31,35,blue,63.2,44.1,red,True,1468.0,1494.0,blue,False
2324,2324-AU-AUADQ,10,False,22407,22116,15216,19377,67,19,red,89.5,39.0,red,False,1603.0,1404.0,red,False
2324,2324-AU-AUADQ,11,False,24736,18003,18611,21531,46,21,red,71.8,33.1,red,False,1595.0,1416.0,red,False
2324,2324-AU-AUADQ,12,False,18003,22407,15210,23686,58,34,red,74.8,66.1,red,False,1611.0,1550.0,red,False
2324,2324-AU-AUADQ,13,False,21531,24736,15216,22116,80,78,red,52.5,75.5,blue,True,1511.0,1518.0,blue,True
2324,2324-AU-AUADQ,14,False,18611,15215,21531,19377,43,53,blue,32.7,52.9,blue,False,1385.0,1464.0,blue,False
2324,2324-AU-AUADQ,15,False,19377,18003,24736,15216,99,25,red,72.2,38.6,red,False,1547.0,1452.0,red,False
2324,2324-AU-AUADQ,16,False,22407,15210,22116,18611,56,36,red,77.2,67.1,red,False,1553.0,1492.0,red,False
2324,2324-AU-AUADQ,17,False,18611,23686,24736,15215,34,24,red,22.1,52.1,blue,True,1439.0,1480.0,blue,True
2324,2324-AU-AUADQ,1,True,18003,22116,19377,24736,80,46,red,108.7,50.0,red,False,1661.0,1474.0,red,False
2324,2324-AU-AUADQ,2,True,22116,18003,19377,24736,57,63,blue,108.7,50.0,red,True,1661.0,1474.0,red,True
2324,2324-AU-AUADQ,3,True,18003,22116,19377,24736,87,29,red,108.7,50.0,red,False,1661.0,1474.0,red,False
